year,region_code,region_name_en,sector_code,sector_name_en,gender_code,gender_name_en,age_code,age_group_en,entrepreneurs
2017,2000,Flanders region,A,"A Agriculture, forestry and fishing",F,Female,1,< 30 years,276
2017,2000,Flanders region,A,"A Agriculture, forestry and fishing",F,Female,2,30 - 39 years,937
2017,2000,Flanders region,A,"A Agriculture, forestry and fishing",F,Female,3,40 - 49 years,1481
2017,2000,Flanders region,A,"A Agriculture, forestry and fishing",F,Female,4,50 - 59 years,1938
2017,2000,Flanders region,A,"A Agriculture, forestry and fishing",F,Female,5,> 60 years,2009
2017,2000,Flanders region,A,"A Agriculture, forestry and fishing",M,Male,1,< 30 years,1448
2017,2000,Flanders region,A,"A Agriculture, forestry and fishing",M,Male,2,30 - 39 years,3229
2017,2000,Flanders region,A,"A Agriculture, forestry and fishing",M,Male,3,40 - 49 years,5253
2017,2000,Flanders region,A,"A Agriculture, forestry and fishing",M,Male,4,50 - 59 years,7765
2017,2000,Flanders region,A,"A Agriculture, forestry and fishing",M,Male,5,> 60 years,8185
2017,2000,Flanders region,B,B Mining and quarrying,F,Female,2,30 - 39 years,1
2017,2000,Flanders region,B,B Mining and quarrying,F,Female,3,40 - 49 years,4
2017,2000,Flanders region,B,B Mining and quarrying,F,Female,4,50 - 59 years,7
2017,2000,Flanders region,B,B Mining and quarrying,F,Female,5,> 60 years,1
2017,2000,Flanders region,B,B Mining and quarrying,M,Male,1,< 30 years,1
2017,2000,Flanders region,B,B Mining and quarrying,M,Male,2,30 - 39 years,12
2017,2000,Flanders region,B,B Mining and quarrying,M,Male,3,40 - 49 years,10
2017,2000,Flanders region,B,B Mining and quarrying,M,Male,4,50 - 59 years,25
2017,2000,Flanders region,B,B Mining and quarrying,M,Male,5,> 60 years,23
2017,2000,Flanders region,C,C Manufacturing,F,Female,1,< 30 years,665
2017,2000,Flanders region,C,C Manufacturing,F,Female,2,30 - 39 years,1583
2017,2000,Flanders region,C,C Manufacturing,F,Female,3,40 - 49 years,2368
2017,2000,Flanders region,C,C Manufacturing,F,Female,4,50 - 59 years,1977
2017,2000,Flanders region,C,C Manufacturing,F,Female,5,> 60 years,994
2017,2000,Flanders region,C,C Manufacturing,M,Male,1,< 30 years,1991
2017,2000,Flanders region,C,C Manufacturing,M,Male,2,30 - 39 years,5442
2017,2000,Flanders region,C,C Manufacturing,M,Male,3,40 - 49 years,7888
2017,2000,Flanders region,C,C Manufacturing,M,Male,4,50 - 59 years,8171
2017,2000,Flanders region,C,C Manufacturing,M,Male,5,> 60 years,4879
2017,2000,Flanders region,D,"D Electricity, gas, steam and air conditioning supply",F,Female,1,< 30 years,8
2017,2000,Flanders region,D,"D Electricity, gas, steam and air conditioning supply",F,Female,2,30 - 39 years,26
2017,2000,Flanders region,D,"D Electricity, gas, steam and air conditioning supply",F,Female,3,40 - 49 years,44
2017,2000,Flanders region,D,"D Electricity, gas, steam and air conditioning supply",F,Female,4,50 - 59 years,30
2017,2000,Flanders region,D,"D Electricity, gas, steam and air conditioning supply",F,Female,5,> 60 years,4
2017,2000,Flanders region,D,"D Electricity, gas, steam and air conditioning supply",M,Male,1,< 30 years,45
2017,2000,Flanders region,D,"D Electricity, gas, steam and air conditioning supply",M,Male,2,30 - 39 years,72
2017,2000,Flanders region,D,"D Electricity, gas, steam and air conditioning supply",M,Male,3,40 - 49 years,167
2017,2000,Flanders region,D,"D Electricity, gas, steam and air conditioning supply",M,Male,4,50 - 59 years,227
2017,2000,Flanders region,D,"D Electricity, gas, steam and air conditioning supply",M,Male,5,> 60 years,125
2017,2000,Flanders region,E,"E Water supply/ sewerage, waste management and remediation activities",F,Female,1,< 30 years,9
2017,2000,Flanders region,E,"E Water supply/ sewerage, waste management and remediation activities",F,Female,2,30 - 39 years,32
2017,2000,Flanders region,E,"E Water supply/ sewerage, waste management and remediation activities",F,Female,3,40 - 49 years,67
2017,2000,Flanders region,E,"E Water supply/ sewerage, waste management and remediation activities",F,Female,4,50 - 59 years,55
2017,2000,Flanders region,E,"E Water supply/ sewerage, waste management and remediation activities",F,Female,5,> 60 years,36
2017,2000,Flanders region,E,"E Water supply/ sewerage, waste management and remediation activities",M,Male,1,< 30 years,53
2017,2000,Flanders region,E,"E Water supply/ sewerage, waste management and remediation activities",M,Male,2,30 - 39 years,134
2017,2000,Flanders region,E,"E Water supply/ sewerage, waste management and remediation activities",M,Male,3,40 - 49 years,253
2017,2000,Flanders region,E,"E Water supply/ sewerage, waste management and remediation activities",M,Male,4,50 - 59 years,304
2017,2000,Flanders region,E,"E Water supply/ sewerage, waste management and remediation activities",M,Male,5,> 60 years,227
2017,2000,Flanders region,F,F Construction,F,Female,1,< 30 years,442
2017,2000,Flanders region,F,F Construction,F,Female,2,30 - 39 years,1605
2017,2000,Flanders region,F,F Construction,F,Female,3,40 - 49 years,2348
2017,2000,Flanders region,F,F Construction,F,Female,4,50 - 59 years,1880
2017,2000,Flanders region,F,F Construction,F,Female,5,> 60 years,788
2017,2000,Flanders region,F,F Construction,M,Male,1,< 30 years,7299
2017,2000,Flanders region,F,F Construction,M,Male,2,30 - 39 years,19597
2017,2000,Flanders region,F,F Construction,M,Male,3,40 - 49 years,23535
2017,2000,Flanders region,F,F Construction,M,Male,4,50 - 59 years,20091
2017,2000,Flanders region,F,F Construction,M,Male,5,> 60 years,9635
2017,2000,Flanders region,G,G Wholesale and retail trade/ repair of motor vehicles and motorcycles,F,Female,1,< 30 years,3092
2017,2000,Flanders region,G,G Wholesale and retail trade/ repair of motor vehicles and motorcycles,F,Female,2,30 - 39 years,7413
2017,2000,Flanders region,G,G Wholesale and retail trade/ repair of motor vehicles and motorcycles,F,Female,3,40 - 49 years,11540
2017,2000,Flanders region,G,G Wholesale and retail trade/ repair of motor vehicles and motorcycles,F,Female,4,50 - 59 years,10788
2017,2000,Flanders region,G,G Wholesale and retail trade/ repair of motor vehicles and motorcycles,F,Female,5,> 60 years,5503
2017,2000,Flanders region,G,G Wholesale and retail trade/ repair of motor vehicles and motorcycles,M,Male,1,< 30 years,5306
2017,2000,Flanders region,G,G Wholesale and retail trade/ repair of motor vehicles and motorcycles,M,Male,2,30 - 39 years,14306
2017,2000,Flanders region,G,G Wholesale and retail trade/ repair of motor vehicles and motorcycles,M,Male,3,40 - 49 years,22113
2017,2000,Flanders region,G,G Wholesale and retail trade/ repair of motor vehicles and motorcycles,M,Male,4,50 - 59 years,26172
2017,2000,Flanders region,G,G Wholesale and retail trade/ repair of motor vehicles and motorcycles,M,Male,5,> 60 years,17243
2017,2000,Flanders region,H,H Transportation and storage,F,Female,1,< 30 years,213
2017,2000,Flanders region,H,H Transportation and storage,F,Female,2,30 - 39 years,482
2017,2000,Flanders region,H,H Transportation and storage,F,Female,3,40 - 49 years,849
2017,2000,Flanders region,H,H Transportation and storage,F,Female,4,50 - 59 years,870
2017,2000,Flanders region,H,H Transportation and storage,F,Female,5,> 60 years,391
2017,2000,Flanders region,H,H Transportation and storage,M,Male,1,< 30 years,1293
2017,2000,Flanders region,H,H Transportation and storage,M,Male,2,30 - 39 years,2766
2017,2000,Flanders region,H,H Transportation and storage,M,Male,3,40 - 49 years,3791
2017,2000,Flanders region,H,H Transportation and storage,M,Male,4,50 - 59 years,4077
2017,2000,Flanders region,H,H Transportation and storage,M,Male,5,> 60 years,2574
2017,2000,Flanders region,I,I Accommodation and food service activities,F,Female,1,< 30 years,1552
2017,2000,Flanders region,I,I Accommodation and food service activities,F,Female,2,30 - 39 years,3403
2017,2000,Flanders region,I,I Accommodation and food service activities,F,Female,3,40 - 49 years,4706
2017,2000,Flanders region,I,I Accommodation and food service activities,F,Female,4,50 - 59 years,3962
2017,2000,Flanders region,I,I Accommodation and food service activities,F,Female,5,> 60 years,2042
2017,2000,Flanders region,I,I Accommodation and food service activities,M,Male,1,< 30 years,2722
2017,2000,Flanders region,I,I Accommodation and food service activities,M,Male,2,30 - 39 years,6531
2017,2000,Flanders region,I,I Accommodation and food service activities,M,Male,3,40 - 49 years,8597
2017,2000,Flanders region,I,I Accommodation and food service activities,M,Male,4,50 - 59 years,7481
2017,2000,Flanders region,I,I Accommodation and food service activities,M,Male,5,> 60 years,3451
2017,2000,Flanders region,J,J Information and communication,F,Female,1,< 30 years,405
2017,2000,Flanders region,J,J Information and communication,F,Female,2,30 - 39 years,1287
2017,2000,Flanders region,J,J Information and communication,F,Female,3,40 - 49 years,1601
2017,2000,Flanders region,J,J Information and communication,F,Female,4,50 - 59 years,1014
2017,2000,Flanders region,J,J Information and communication,F,Female,5,> 60 years,339
2017,2000,Flanders region,J,J Information and communication,M,Male,1,< 30 years,2798
2017,2000,Flanders region,J,J Information and communication,M,Male,2,30 - 39 years,7930
2017,2000,Flanders region,J,J Information and communication,M,Male,3,40 - 49 years,8633
2017,2000,Flanders region,J,J Information and communication,M,Male,4,50 - 59 years,5943
2017,2000,Flanders region,J,J Information and communication,M,Male,5,> 60 years,2523
2017,2000,Flanders region,K,K Financial and insurance activities,F,Female,1,< 30 years,141
2017,2000,Flanders region,K,K Financial and insurance activities,F,Female,2,30 - 39 years,562
2017,2000,Flanders region,K,K Financial and insurance activities,F,Female,3,40 - 49 years,1085
2017,2000,Flanders region,K,K Financial and insurance activities,F,Female,4,50 - 59 years,1432
2017,2000,Flanders region,K,K Financial and insurance activities,F,Female,5,> 60 years,838
2017,2000,Flanders region,K,K Financial and insurance activities,M,Male,1,< 30 years,382
2017,2000,Flanders region,K,K Financial and insurance activities,M,Male,2,30 - 39 years,1421
2017,2000,Flanders region,K,K Financial and insurance activities,M,Male,3,40 - 49 years,2740
2017,2000,Flanders region,K,K Financial and insurance activities,M,Male,4,50 - 59 years,4810
2017,2000,Flanders region,K,K Financial and insurance activities,M,Male,5,> 60 years,4060
2017,2000,Flanders region,L,L Real estate activities,F,Female,1,< 30 years,677
2017,2000,Flanders region,L,L Real estate activities,F,Female,2,30 - 39 years,1612
2017,2000,Flanders region,L,L Real estate activities,F,Female,3,40 - 49 years,2630
2017,2000,Flanders region,L,L Real estate activities,F,Female,4,50 - 59 years,2810
2017,2000,Flanders region,L,L Real estate activities,F,Female,5,> 60 years,1873
2017,2000,Flanders region,L,L Real estate activities,M,Male,1,< 30 years,1073
2017,2000,Flanders region,L,L Real estate activities,M,Male,2,30 - 39 years,3357
2017,2000,Flanders region,L,L Real estate activities,M,Male,3,40 - 49 years,5663
2017,2000,Flanders region,L,L Real estate activities,M,Male,4,50 - 59 years,7049
2017,2000,Flanders region,L,L Real estate activities,M,Male,5,> 60 years,6033
2017,2000,Flanders region,M,"M Professional, scientific and technical activities",F,Female,1,< 30 years,5381
2017,2000,Flanders region,M,"M Professional, scientific and technical activities",F,Female,2,30 - 39 years,10746
2017,2000,Flanders region,M,"M Professional, scientific and technical activities",F,Female,3,40 - 49 years,12439
2017,2000,Flanders region,M,"M Professional, scientific and technical activities",F,Female,4,50 - 59 years,8837
2017,2000,Flanders region,M,"M Professional, scientific and technical activities",F,Female,5,> 60 years,3365
2017,2000,Flanders region,M,"M Professional, scientific and technical activities",M,Male,1,< 30 years,5851
2017,2000,Flanders region,M,"M Professional, scientific and technical activities",M,Male,2,30 - 39 years,18196
2017,2000,Flanders region,M,"M Professional, scientific and technical activities",M,Male,3,40 - 49 years,26471
2017,2000,Flanders region,M,"M Professional, scientific and technical activities",M,Male,4,50 - 59 years,26426
2017,2000,Flanders region,M,"M Professional, scientific and technical activities",M,Male,5,> 60 years,17288
2017,2000,Flanders region,N,N Administrative and support service activities,F,Female,1,< 30 years,780
2017,2000,Flanders region,N,N Administrative and support service activities,F,Female,2,30 - 39 years,2221
2017,2000,Flanders region,N,N Administrative and support service activities,F,Female,3,40 - 49 years,3290
2017,2000,Flanders region,N,N Administrative and support service activities,F,Female,4,50 - 59 years,2538
2017,2000,Flanders region,N,N Administrative and support service activities,F,Female,5,> 60 years,1253
2017,2000,Flanders region,N,N Administrative and support service activities,M,Male,1,< 30 years,3372
2017,2000,Flanders region,N,N Administrative and support service activities,M,Male,2,30 - 39 years,7696
2017,2000,Flanders region,N,N Administrative and support service activities,M,Male,3,40 - 49 years,8806
2017,2000,Flanders region,N,N Administrative and support service activities,M,Male,4,50 - 59 years,7824
2017,2000,Flanders region,N,N Administrative and support service activities,M,Male,5,> 60 years,4855
2017,2000,Flanders region,O,O Public administration and defence/ compulsory social security,F,Female,1,< 30 years,2
2017,2000,Flanders region,O,O Public administration and defence/ compulsory social security,F,Female,2,30 - 39 years,14
2017,2000,Flanders region,O,O Public administration and defence/ compulsory social security,F,Female,3,40 - 49 years,26
2017,2000,Flanders region,O,O Public administration and defence/ compulsory social security,F,Female,4,50 - 59 years,36
2017,2000,Flanders region,O,O Public administration and defence/ compulsory social security,F,Female,5,> 60 years,24
2017,2000,Flanders region,O,O Public administration and defence/ compulsory social security,M,Male,1,< 30 years,1
2017,2000,Flanders region,O,O Public administration and defence/ compulsory social security,M,Male,2,30 - 39 years,30
2017,2000,Flanders region,O,O Public administration and defence/ compulsory social security,M,Male,3,40 - 49 years,66
2017,2000,Flanders region,O,O Public administration and defence/ compulsory social security,M,Male,4,50 - 59 years,116
2017,2000,Flanders region,O,O Public administration and defence/ compulsory social security,M,Male,5,> 60 years,153
2017,2000,Flanders region,P,P Education,F,Female,1,< 30 years,958
2017,2000,Flanders region,P,P Education,F,Female,2,30 - 39 years,1728
2017,2000,Flanders region,P,P Education,F,Female,3,40 - 49 years,1841
2017,2000,Flanders region,P,P Education,F,Female,4,50 - 59 years,1427
2017,2000,Flanders region,P,P Education,F,Female,5,> 60 years,565
2017,2000,Flanders region,P,P Education,M,Male,1,< 30 years,880
2017,2000,Flanders region,P,P Education,M,Male,2,30 - 39 years,1773
2017,2000,Flanders region,P,P Education,M,Male,3,40 - 49 years,2091
2017,2000,Flanders region,P,P Education,M,Male,4,50 - 59 years,2173
2017,2000,Flanders region,P,P Education,M,Male,5,> 60 years,1600
2017,2000,Flanders region,Q,Q Human health and social work activities,F,Female,1,< 30 years,7693
2017,2000,Flanders region,Q,Q Human health and social work activities,F,Female,2,30 - 39 years,11135
2017,2000,Flanders region,Q,Q Human health and social work activities,F,Female,3,40 - 49 years,10900
2017,2000,Flanders region,Q,Q Human health and social work activities,F,Female,4,50 - 59 years,8363
2017,2000,Flanders region,Q,Q Human health and social work activities,F,Female,5,> 60 years,3179
2017,2000,Flanders region,Q,Q Human health and social work activities,M,Male,1,< 30 years,1838
2017,2000,Flanders region,Q,Q Human health and social work activities,M,Male,2,30 - 39 years,3924
2017,2000,Flanders region,Q,Q Human health and social work activities,M,Male,3,40 - 49 years,5915
2017,2000,Flanders region,Q,Q Human health and social work activities,M,Male,4,50 - 59 years,8316
2017,2000,Flanders region,Q,Q Human health and social work activities,M,Male,5,> 60 years,9023
2017,2000,Flanders region,R,"R Arts, entertainment and recreation",F,Female,1,< 30 years,963
2017,2000,Flanders region,R,"R Arts, entertainment and recreation",F,Female,2,30 - 39 years,2067
2017,2000,Flanders region,R,"R Arts, entertainment and recreation",F,Female,3,40 - 49 years,2160
2017,2000,Flanders region,R,"R Arts, entertainment and recreation",F,Female,4,50 - 59 years,1724
2017,2000,Flanders region,R,"R Arts, entertainment and recreation",F,Female,5,> 60 years,852
2017,2000,Flanders region,R,"R Arts, entertainment and recreation",M,Male,1,< 30 years,2332
2017,2000,Flanders region,R,"R Arts, entertainment and recreation",M,Male,2,30 - 39 years,5504
2017,2000,Flanders region,R,"R Arts, entertainment and recreation",M,Male,3,40 - 49 years,6662
2017,2000,Flanders region,R,"R Arts, entertainment and recreation",M,Male,4,50 - 59 years,6377
2017,2000,Flanders region,R,"R Arts, entertainment and recreation",M,Male,5,> 60 years,4172
2017,2000,Flanders region,S,S Other service activities,F,Female,1,< 30 years,5406
2017,2000,Flanders region,S,S Other service activities,F,Female,2,30 - 39 years,8568
2017,2000,Flanders region,S,S Other service activities,F,Female,3,40 - 49 years,10042
2017,2000,Flanders region,S,S Other service activities,F,Female,4,50 - 59 years,7981
2017,2000,Flanders region,S,S Other service activities,F,Female,5,> 60 years,3207
2017,2000,Flanders region,S,S Other service activities,M,Male,1,< 30 years,1931
2017,2000,Flanders region,S,S Other service activities,M,Male,2,30 - 39 years,5932
2017,2000,Flanders region,S,S Other service activities,M,Male,3,40 - 49 years,9447
2017,2000,Flanders region,S,S Other service activities,M,Male,4,50 - 59 years,10934
2017,2000,Flanders region,S,S Other service activities,M,Male,5,> 60 years,8319
2017,2000,Flanders region,T,T Activities of households as employers/ undifferentiated goods- and services-producing activities of households for own use,F,Female,2,30 - 39 years,16
2017,2000,Flanders region,T,T Activities of households as employers/ undifferentiated goods- and services-producing activities of households for own use,F,Female,3,40 - 49 years,26
2017,2000,Flanders region,T,T Activities of households as employers/ undifferentiated goods- and services-producing activities of households for own use,F,Female,4,50 - 59 years,31
2017,2000,Flanders region,T,T Activities of households as employers/ undifferentiated goods- and services-producing activities of households for own use,F,Female,5,> 60 years,22
2017,2000,Flanders region,T,T Activities of households as employers/ undifferentiated goods- and services-producing activities of households for own use,M,Male,2,30 - 39 years,21
2017,2000,Flanders region,T,T Activities of households as employers/ undifferentiated goods- and services-producing activities of households for own use,M,Male,3,40 - 49 years,81
2017,2000,Flanders region,T,T Activities of households as employers/ undifferentiated goods- and services-producing activities of households for own use,M,Male,4,50 - 59 years,81
2017,2000,Flanders region,T,T Activities of households as employers/ undifferentiated goods- and services-producing activities of households for own use,M,Male,5,> 60 years,103
2017,2000,Flanders region,U,U Activities of extraterritorial organisations and bodies,F,Female,3,40 - 49 years,2
2017,2000,Flanders region,U,U Activities of extraterritorial organisations and bodies,M,Male,3,40 - 49 years,1
2017,2000,Flanders region,X,Unkown economic activity,F,Female,1,< 30 years,12
2017,2000,Flanders region,X,Unkown economic activity,F,Female,2,30 - 39 years,16
2017,2000,Flanders region,X,Unkown economic activity,F,Female,3,40 - 49 years,12
2017,2000,Flanders region,X,Unkown economic activity,F,Female,4,50 - 59 years,5
2017,2000,Flanders region,X,Unkown economic activity,F,Female,5,> 60 years,2
2017,2000,Flanders region,X,Unkown economic activity,M,Male,1,< 30 years,10
2017,2000,Flanders region,X,Unkown economic activity,M,Male,2,30 - 39 years,15
2017,2000,Flanders region,X,Unkown economic activity,M,Male,3,40 - 49 years,13
2017,2000,Flanders region,X,Unkown economic activity,M,Male,4,50 - 59 years,7
2017,2000,Flanders region,X,Unkown economic activity,M,Male,5,> 60 years,8
2017,3000,Walloon region,A,"A Agriculture, forestry and fishing",F,Female,1,< 30 years,163
2017,3000,Walloon region,A,"A Agriculture, forestry and fishing",F,Female,2,30 - 39 years,507
2017,3000,Walloon region,A,"A Agriculture, forestry and fishing",F,Female,3,40 - 49 years,756
2017,3000,Walloon region,A,"A Agriculture, forestry and fishing",F,Female,4,50 - 59 years,1215
2017,3000,Walloon region,A,"A Agriculture, forestry and fishing",F,Female,5,> 60 years,1405
2017,3000,Walloon region,A,"A Agriculture, forestry and fishing",M,Male,1,< 30 years,1127
2017,3000,Walloon region,A,"A Agriculture, forestry and fishing",M,Male,2,30 - 39 years,2398
2017,3000,Walloon region,A,"A Agriculture, forestry and fishing",M,Male,3,40 - 49 years,3538
2017,3000,Walloon region,A,"A Agriculture, forestry and fishing",M,Male,4,50 - 59 years,5371
2017,3000,Walloon region,A,"A Agriculture, forestry and fishing",M,Male,5,> 60 years,4736
2017,3000,Walloon region,B,B Mining and quarrying,F,Female,2,30 - 39 years,10
2017,3000,Walloon region,B,B Mining and quarrying,F,Female,3,40 - 49 years,5
2017,3000,Walloon region,B,B Mining and quarrying,F,Female,4,50 - 59 years,6
2017,3000,Walloon region,B,B Mining and quarrying,F,Female,5,> 60 years,5
2017,3000,Walloon region,B,B Mining and quarrying,M,Male,1,< 30 years,2
2017,3000,Walloon region,B,B Mining and quarrying,M,Male,2,30 - 39 years,19
2017,3000,Walloon region,B,B Mining and quarrying,M,Male,3,40 - 49 years,28
2017,3000,Walloon region,B,B Mining and quarrying,M,Male,4,50 - 59 years,40
2017,3000,Walloon region,B,B Mining and quarrying,M,Male,5,> 60 years,37
2017,3000,Walloon region,C,C Manufacturing,F,Female,1,< 30 years,218
2017,3000,Walloon region,C,C Manufacturing,F,Female,2,30 - 39 years,738
2017,3000,Walloon region,C,C Manufacturing,F,Female,3,40 - 49 years,927
2017,3000,Walloon region,C,C Manufacturing,F,Female,4,50 - 59 years,792
2017,3000,Walloon region,C,C Manufacturing,F,Female,5,> 60 years,504
2017,3000,Walloon region,C,C Manufacturing,M,Male,1,< 30 years,666
2017,3000,Walloon region,C,C Manufacturing,M,Male,2,30 - 39 years,2049
2017,3000,Walloon region,C,C Manufacturing,M,Male,3,40 - 49 years,3198
2017,3000,Walloon region,C,C Manufacturing,M,Male,4,50 - 59 years,3697
2017,3000,Walloon region,C,C Manufacturing,M,Male,5,> 60 years,2609
2017,3000,Walloon region,D,"D Electricity, gas, steam and air conditioning supply",F,Female,1,< 30 years,4
2017,3000,Walloon region,D,"D Electricity, gas, steam and air conditioning supply",F,Female,2,30 - 39 years,1
2017,3000,Walloon region,D,"D Electricity, gas, steam and air conditioning supply",F,Female,3,40 - 49 years,16
2017,3000,Walloon region,D,"D Electricity, gas, steam and air conditioning supply",F,Female,4,50 - 59 years,21
2017,3000,Walloon region,D,"D Electricity, gas, steam and air conditioning supply",F,Female,5,> 60 years,7
2017,3000,Walloon region,D,"D Electricity, gas, steam and air conditioning supply",M,Male,1,< 30 years,9
2017,3000,Walloon region,D,"D Electricity, gas, steam and air conditioning supply",M,Male,2,30 - 39 years,33
2017,3000,Walloon region,D,"D Electricity, gas, steam and air conditioning supply",M,Male,3,40 - 49 years,70
2017,3000,Walloon region,D,"D Electricity, gas, steam and air conditioning supply",M,Male,4,50 - 59 years,73
2017,3000,Walloon region,D,"D Electricity, gas, steam and air conditioning supply",M,Male,5,> 60 years,83
2017,3000,Walloon region,E,"E Water supply/ sewerage, waste management and remediation activities",F,Female,2,30 - 39 years,24
2017,3000,Walloon region,E,"E Water supply/ sewerage, waste management and remediation activities",F,Female,3,40 - 49 years,19
2017,3000,Walloon region,E,"E Water supply/ sewerage, waste management and remediation activities",F,Female,4,50 - 59 years,37
2017,3000,Walloon region,E,"E Water supply/ sewerage, waste management and remediation activities",F,Female,5,> 60 years,16
2017,3000,Walloon region,E,"E Water supply/ sewerage, waste management and remediation activities",M,Male,1,< 30 years,31
2017,3000,Walloon region,E,"E Water supply/ sewerage, waste management and remediation activities",M,Male,2,30 - 39 years,116
2017,3000,Walloon region,E,"E Water supply/ sewerage, waste management and remediation activities",M,Male,3,40 - 49 years,152
2017,3000,Walloon region,E,"E Water supply/ sewerage, waste management and remediation activities",M,Male,4,50 - 59 years,176
2017,3000,Walloon region,E,"E Water supply/ sewerage, waste management and remediation activities",M,Male,5,> 60 years,191
2017,3000,Walloon region,F,F Construction,F,Female,1,< 30 years,129
2017,3000,Walloon region,F,F Construction,F,Female,2,30 - 39 years,490
2017,3000,Walloon region,F,F Construction,F,Female,3,40 - 49 years,723
2017,3000,Walloon region,F,F Construction,F,Female,4,50 - 59 years,597
2017,3000,Walloon region,F,F Construction,F,Female,5,> 60 years,374
2017,3000,Walloon region,F,F Construction,M,Male,1,< 30 years,2917
2017,3000,Walloon region,F,F Construction,M,Male,2,30 - 39 years,8509
2017,3000,Walloon region,F,F Construction,M,Male,3,40 - 49 years,11013
2017,3000,Walloon region,F,F Construction,M,Male,4,50 - 59 years,9504
2017,3000,Walloon region,F,F Construction,M,Male,5,> 60 years,4966
2017,3000,Walloon region,G,G Wholesale and retail trade/ repair of motor vehicles and motorcycles,F,Female,1,< 30 years,1480
2017,3000,Walloon region,G,G Wholesale and retail trade/ repair of motor vehicles and motorcycles,F,Female,2,30 - 39 years,3698
2017,3000,Walloon region,G,G Wholesale and retail trade/ repair of motor vehicles and motorcycles,F,Female,3,40 - 49 years,5079
2017,3000,Walloon region,G,G Wholesale and retail trade/ repair of motor vehicles and motorcycles,F,Female,4,50 - 59 years,4686
2017,3000,Walloon region,G,G Wholesale and retail trade/ repair of motor vehicles and motorcycles,F,Female,5,> 60 years,2873
2017,3000,Walloon region,G,G Wholesale and retail trade/ repair of motor vehicles and motorcycles,M,Male,1,< 30 years,2432
2017,3000,Walloon region,G,G Wholesale and retail trade/ repair of motor vehicles and motorcycles,M,Male,2,30 - 39 years,6960
2017,3000,Walloon region,G,G Wholesale and retail trade/ repair of motor vehicles and motorcycles,M,Male,3,40 - 49 years,10964
2017,3000,Walloon region,G,G Wholesale and retail trade/ repair of motor vehicles and motorcycles,M,Male,4,50 - 59 years,11771
2017,3000,Walloon region,G,G Wholesale and retail trade/ repair of motor vehicles and motorcycles,M,Male,5,> 60 years,8286
2017,3000,Walloon region,H,H Transportation and storage,F,Female,1,< 30 years,35
2017,3000,Walloon region,H,H Transportation and storage,F,Female,2,30 - 39 years,133
2017,3000,Walloon region,H,H Transportation and storage,F,Female,3,40 - 49 years,211
2017,3000,Walloon region,H,H Transportation and storage,F,Female,4,50 - 59 years,214
2017,3000,Walloon region,H,H Transportation and storage,F,Female,5,> 60 years,128
2017,3000,Walloon region,H,H Transportation and storage,M,Male,1,< 30 years,366
2017,3000,Walloon region,H,H Transportation and storage,M,Male,2,30 - 39 years,842
2017,3000,Walloon region,H,H Transportation and storage,M,Male,3,40 - 49 years,1351
2017,3000,Walloon region,H,H Transportation and storage,M,Male,4,50 - 59 years,1400
2017,3000,Walloon region,H,H Transportation and storage,M,Male,5,> 60 years,952
2017,3000,Walloon region,I,I Accommodation and food service activities,F,Female,1,< 30 years,491
2017,3000,Walloon region,I,I Accommodation and food service activities,F,Female,2,30 - 39 years,1356
2017,3000,Walloon region,I,I Accommodation and food service activities,F,Female,3,40 - 49 years,1944
2017,3000,Walloon region,I,I Accommodation and food service activities,F,Female,4,50 - 59 years,1655
2017,3000,Walloon region,I,I Accommodation and food service activities,F,Female,5,> 60 years,958
2017,3000,Walloon region,I,I Accommodation and food service activities,M,Male,1,< 30 years,1135
2017,3000,Walloon region,I,I Accommodation and food service activities,M,Male,2,30 - 39 years,3083
2017,3000,Walloon region,I,I Accommodation and food service activities,M,Male,3,40 - 49 years,4260
2017,3000,Walloon region,I,I Accommodation and food service activities,M,Male,4,50 - 59 years,3647
2017,3000,Walloon region,I,I Accommodation and food service activities,M,Male,5,> 60 years,1935
2017,3000,Walloon region,J,J Information and communication,F,Female,1,< 30 years,124
2017,3000,Walloon region,J,J Information and communication,F,Female,2,30 - 39 years,474
2017,3000,Walloon region,J,J Information and communication,F,Female,3,40 - 49 years,507
2017,3000,Walloon region,J,J Information and communication,F,Female,4,50 - 59 years,417
2017,3000,Walloon region,J,J Information and communication,F,Female,5,> 60 years,181
2017,3000,Walloon region,J,J Information and communication,M,Male,1,< 30 years,709
2017,3000,Walloon region,J,J Information and communication,M,Male,2,30 - 39 years,2754
2017,3000,Walloon region,J,J Information and communication,M,Male,3,40 - 49 years,3379
2017,3000,Walloon region,J,J Information and communication,M,Male,4,50 - 59 years,2415
2017,3000,Walloon region,J,J Information and communication,M,Male,5,> 60 years,1325
2017,3000,Walloon region,K,K Financial and insurance activities,F,Female,1,< 30 years,73
2017,3000,Walloon region,K,K Financial and insurance activities,F,Female,2,30 - 39 years,221
2017,3000,Walloon region,K,K Financial and insurance activities,F,Female,3,40 - 49 years,389
2017,3000,Walloon region,K,K Financial and insurance activities,F,Female,4,50 - 59 years,354
2017,3000,Walloon region,K,K Financial and insurance activities,F,Female,5,> 60 years,263
2017,3000,Walloon region,K,K Financial and insurance activities,M,Male,1,< 30 years,193
2017,3000,Walloon region,K,K Financial and insurance activities,M,Male,2,30 - 39 years,756
2017,3000,Walloon region,K,K Financial and insurance activities,M,Male,3,40 - 49 years,1421
2017,3000,Walloon region,K,K Financial and insurance activities,M,Male,4,50 - 59 years,1799
2017,3000,Walloon region,K,K Financial and insurance activities,M,Male,5,> 60 years,1572
2017,3000,Walloon region,L,L Real estate activities,F,Female,1,< 30 years,292
2017,3000,Walloon region,L,L Real estate activities,F,Female,2,30 - 39 years,601
2017,3000,Walloon region,L,L Real estate activities,F,Female,3,40 - 49 years,826
2017,3000,Walloon region,L,L Real estate activities,F,Female,4,50 - 59 years,865
2017,3000,Walloon region,L,L Real estate activities,F,Female,5,> 60 years,634
2017,3000,Walloon region,L,L Real estate activities,M,Male,1,< 30 years,500
2017,3000,Walloon region,L,L Real estate activities,M,Male,2,30 - 39 years,1392
2017,3000,Walloon region,L,L Real estate activities,M,Male,3,40 - 49 years,2303
2017,3000,Walloon region,L,L Real estate activities,M,Male,4,50 - 59 years,2663
2017,3000,Walloon region,L,L Real estate activities,M,Male,5,> 60 years,2236
2017,3000,Walloon region,M,"M Professional, scientific and technical activities",F,Female,1,< 30 years,2081
2017,3000,Walloon region,M,"M Professional, scientific and technical activities",F,Female,2,30 - 39 years,4015
2017,3000,Walloon region,M,"M Professional, scientific and technical activities",F,Female,3,40 - 49 years,4119
2017,3000,Walloon region,M,"M Professional, scientific and technical activities",F,Female,4,50 - 59 years,2914
2017,3000,Walloon region,M,"M Professional, scientific and technical activities",F,Female,5,> 60 years,1529
2017,3000,Walloon region,M,"M Professional, scientific and technical activities",M,Male,1,< 30 years,2023
2017,3000,Walloon region,M,"M Professional, scientific and technical activities",M,Male,2,30 - 39 years,6547
2017,3000,Walloon region,M,"M Professional, scientific and technical activities",M,Male,3,40 - 49 years,9607
2017,3000,Walloon region,M,"M Professional, scientific and technical activities",M,Male,4,50 - 59 years,9721
2017,3000,Walloon region,M,"M Professional, scientific and technical activities",M,Male,5,> 60 years,8095
2017,3000,Walloon region,N,N Administrative and support service activities,F,Female,1,< 30 years,295
2017,3000,Walloon region,N,N Administrative and support service activities,F,Female,2,30 - 39 years,964
2017,3000,Walloon region,N,N Administrative and support service activities,F,Female,3,40 - 49 years,1396
2017,3000,Walloon region,N,N Administrative and support service activities,F,Female,4,50 - 59 years,1186
2017,3000,Walloon region,N,N Administrative and support service activities,F,Female,5,> 60 years,644
2017,3000,Walloon region,N,N Administrative and support service activities,M,Male,1,< 30 years,1448
2017,3000,Walloon region,N,N Administrative and support service activities,M,Male,2,30 - 39 years,3276
2017,3000,Walloon region,N,N Administrative and support service activities,M,Male,3,40 - 49 years,4103
2017,3000,Walloon region,N,N Administrative and support service activities,M,Male,4,50 - 59 years,3640
2017,3000,Walloon region,N,N Administrative and support service activities,M,Male,5,> 60 years,2398
2017,3000,Walloon region,O,O Public administration and defence/ compulsory social security,F,Female,1,< 30 years,2
2017,3000,Walloon region,O,O Public administration and defence/ compulsory social security,F,Female,2,30 - 39 years,11
2017,3000,Walloon region,O,O Public administration and defence/ compulsory social security,F,Female,3,40 - 49 years,46
2017,3000,Walloon region,O,O Public administration and defence/ compulsory social security,F,Female,4,50 - 59 years,18
2017,3000,Walloon region,O,O Public administration and defence/ compulsory social security,F,Female,5,> 60 years,28
2017,3000,Walloon region,O,O Public administration and defence/ compulsory social security,M,Male,1,< 30 years,2
2017,3000,Walloon region,O,O Public administration and defence/ compulsory social security,M,Male,2,30 - 39 years,15
2017,3000,Walloon region,O,O Public administration and defence/ compulsory social security,M,Male,3,40 - 49 years,72
2017,3000,Walloon region,O,O Public administration and defence/ compulsory social security,M,Male,4,50 - 59 years,164
2017,3000,Walloon region,O,O Public administration and defence/ compulsory social security,M,Male,5,> 60 years,196
2017,3000,Walloon region,P,P Education,F,Female,1,< 30 years,345
2017,3000,Walloon region,P,P Education,F,Female,2,30 - 39 years,858
2017,3000,Walloon region,P,P Education,F,Female,3,40 - 49 years,1012
2017,3000,Walloon region,P,P Education,F,Female,4,50 - 59 years,762
2017,3000,Walloon region,P,P Education,F,Female,5,> 60 years,361
2017,3000,Walloon region,P,P Education,M,Male,1,< 30 years,419
2017,3000,Walloon region,P,P Education,M,Male,2,30 - 39 years,950
2017,3000,Walloon region,P,P Education,M,Male,3,40 - 49 years,1250
2017,3000,Walloon region,P,P Education,M,Male,4,50 - 59 years,1225
2017,3000,Walloon region,P,P Education,M,Male,5,> 60 years,1031
2017,3000,Walloon region,Q,Q Human health and social work activities,F,Female,1,< 30 years,4185
2017,3000,Walloon region,Q,Q Human health and social work activities,F,Female,2,30 - 39 years,7137
2017,3000,Walloon region,Q,Q Human health and social work activities,F,Female,3,40 - 49 years,7475
2017,3000,Walloon region,Q,Q Human health and social work activities,F,Female,4,50 - 59 years,5989
2017,3000,Walloon region,Q,Q Human health and social work activities,F,Female,5,> 60 years,3019
2017,3000,Walloon region,Q,Q Human health and social work activities,M,Male,1,< 30 years,1272
2017,3000,Walloon region,Q,Q Human health and social work activities,M,Male,2,30 - 39 years,2636
2017,3000,Walloon region,Q,Q Human health and social work activities,M,Male,3,40 - 49 years,4218
2017,3000,Walloon region,Q,Q Human health and social work activities,M,Male,4,50 - 59 years,5417
2017,3000,Walloon region,Q,Q Human health and social work activities,M,Male,5,> 60 years,6105
2017,3000,Walloon region,R,"R Arts, entertainment and recreation",F,Female,1,< 30 years,277
2017,3000,Walloon region,R,"R Arts, entertainment and recreation",F,Female,2,30 - 39 years,793
2017,3000,Walloon region,R,"R Arts, entertainment and recreation",F,Female,3,40 - 49 years,1036
2017,3000,Walloon region,R,"R Arts, entertainment and recreation",F,Female,4,50 - 59 years,835
2017,3000,Walloon region,R,"R Arts, entertainment and recreation",F,Female,5,> 60 years,527
2017,3000,Walloon region,R,"R Arts, entertainment and recreation",M,Male,1,< 30 years,678
2017,3000,Walloon region,R,"R Arts, entertainment and recreation",M,Male,2,30 - 39 years,1758
2017,3000,Walloon region,R,"R Arts, entertainment and recreation",M,Male,3,40 - 49 years,2620
2017,3000,Walloon region,R,"R Arts, entertainment and recreation",M,Male,4,50 - 59 years,2699
2017,3000,Walloon region,R,"R Arts, entertainment and recreation",M,Male,5,> 60 years,2086
2017,3000,Walloon region,S,S Other service activities,F,Female,1,< 30 years,2084
2017,3000,Walloon region,S,S Other service activities,F,Female,2,30 - 39 years,4076
2017,3000,Walloon region,S,S Other service activities,F,Female,3,40 - 49 years,5051
2017,3000,Walloon region,S,S Other service activities,F,Female,4,50 - 59 years,4196
2017,3000,Walloon region,S,S Other service activities,F,Female,5,> 60 years,2536
2017,3000,Walloon region,S,S Other service activities,M,Male,1,< 30 years,865
2017,3000,Walloon region,S,S Other service activities,M,Male,2,30 - 39 years,3269
2017,3000,Walloon region,S,S Other service activities,M,Male,3,40 - 49 years,5628
2017,3000,Walloon region,S,S Other service activities,M,Male,4,50 - 59 years,6684
2017,3000,Walloon region,S,S Other service activities,M,Male,5,> 60 years,6143
2017,3000,Walloon region,T,T Activities of households as employers/ undifferentiated goods- and services-producing activities of households for own use,F,Female,1,< 30 years,2
2017,3000,Walloon region,T,T Activities of households as employers/ undifferentiated goods- and services-producing activities of households for own use,F,Female,2,30 - 39 years,5
2017,3000,Walloon region,T,T Activities of households as employers/ undifferentiated goods- and services-producing activities of households for own use,F,Female,3,40 - 49 years,10
2017,3000,Walloon region,T,T Activities of households as employers/ undifferentiated goods- and services-producing activities of households for own use,F,Female,4,50 - 59 years,7
2017,3000,Walloon region,T,T Activities of households as employers/ undifferentiated goods- and services-producing activities of households for own use,F,Female,5,> 60 years,6
2017,3000,Walloon region,T,T Activities of households as employers/ undifferentiated goods- and services-producing activities of households for own use,M,Male,1,< 30 years,3
2017,3000,Walloon region,T,T Activities of households as employers/ undifferentiated goods- and services-producing activities of households for own use,M,Male,2,30 - 39 years,15
2017,3000,Walloon region,T,T Activities of households as employers/ undifferentiated goods- and services-producing activities of households for own use,M,Male,3,40 - 49 years,17
2017,3000,Walloon region,T,T Activities of households as employers/ undifferentiated goods- and services-producing activities of households for own use,M,Male,4,50 - 59 years,23
2017,3000,Walloon region,T,T Activities of households as employers/ undifferentiated goods- and services-producing activities of households for own use,M,Male,5,> 60 years,50
2017,3000,Walloon region,X,Unkown economic activity,F,Female,1,< 30 years,2
2017,3000,Walloon region,X,Unkown economic activity,F,Female,2,30 - 39 years,10
2017,3000,Walloon region,X,Unkown economic activity,F,Female,3,40 - 49 years,4
2017,3000,Walloon region,X,Unkown economic activity,F,Female,4,50 - 59 years,6
2017,3000,Walloon region,X,Unkown economic activity,F,Female,5,> 60 years,3
2017,3000,Walloon region,X,Unkown economic activity,M,Male,1,< 30 years,3
2017,3000,Walloon region,X,Unkown economic activity,M,Male,2,30 - 39 years,4
2017,3000,Walloon region,X,Unkown economic activity,M,Male,3,40 - 49 years,13
2017,3000,Walloon region,X,Unkown economic activity,M,Male,5,> 60 years,3
2017,4000,Brussels-Capital region,A,"A Agriculture, forestry and fishing",F,Female,1,< 30 years,9
2017,4000,Brussels-Capital region,A,"A Agriculture, forestry and fishing",F,Female,2,30 - 39 years,16
2017,4000,Brussels-Capital region,A,"A Agriculture, forestry and fishing",F,Female,3,40 - 49 years,22
2017,4000,Brussels-Capital region,A,"A Agriculture, forestry and fishing",F,Female,4,50 - 59 years,26
2017,4000,Brussels-Capital region,A,"A Agriculture, forestry and fishing",F,Female,5,> 60 years,17
2017,4000,Brussels-Capital region,A,"A Agriculture, forestry and fishing",M,Male,1,< 30 years,23
2017,4000,Brussels-Capital region,A,"A Agriculture, forestry and fishing",M,Male,2,30 - 39 years,64
2017,4000,Brussels-Capital region,A,"A Agriculture, forestry and fishing",M,Male,3,40 - 49 years,65
2017,4000,Brussels-Capital region,A,"A Agriculture, forestry and fishing",M,Male,4,50 - 59 years,68
2017,4000,Brussels-Capital region,A,"A Agriculture, forestry and fishing",M,Male,5,> 60 years,74
2017,4000,Brussels-Capital region,B,B Mining and quarrying,F,Female,3,40 - 49 years,1
2017,4000,Brussels-Capital region,B,B Mining and quarrying,M,Male,2,30 - 39 years,1
2017,4000,Brussels-Capital region,B,B Mining and quarrying,M,Male,3,40 - 49 years,4
2017,4000,Brussels-Capital region,B,B Mining and quarrying,M,Male,4,50 - 59 years,4
2017,4000,Brussels-Capital region,B,B Mining and quarrying,M,Male,5,> 60 years,3
2017,4000,Brussels-Capital region,C,C Manufacturing,F,Female,1,< 30 years,63
2017,4000,Brussels-Capital region,C,C Manufacturing,F,Female,2,30 - 39 years,185
2017,4000,Brussels-Capital region,C,C Manufacturing,F,Female,3,40 - 49 years,256
2017,4000,Brussels-Capital region,C,C Manufacturing,F,Female,4,50 - 59 years,204
2017,4000,Brussels-Capital region,C,C Manufacturing,F,Female,5,> 60 years,150
2017,4000,Brussels-Capital region,C,C Manufacturing,M,Male,1,< 30 years,186
2017,4000,Brussels-Capital region,C,C Manufacturing,M,Male,2,30 - 39 years,644
2017,4000,Brussels-Capital region,C,C Manufacturing,M,Male,3,40 - 49 years,860
2017,4000,Brussels-Capital region,C,C Manufacturing,M,Male,4,50 - 59 years,811
2017,4000,Brussels-Capital region,C,C Manufacturing,M,Male,5,> 60 years,576
2017,4000,Brussels-Capital region,D,"D Electricity, gas, steam and air conditioning supply",F,Female,1,< 30 years,2
2017,4000,Brussels-Capital region,D,"D Electricity, gas, steam and air conditioning supply",F,Female,2,30 - 39 years,4
2017,4000,Brussels-Capital region,D,"D Electricity, gas, steam and air conditioning supply",F,Female,3,40 - 49 years,8
2017,4000,Brussels-Capital region,D,"D Electricity, gas, steam and air conditioning supply",F,Female,4,50 - 59 years,16
2017,4000,Brussels-Capital region,D,"D Electricity, gas, steam and air conditioning supply",F,Female,5,> 60 years,3
2017,4000,Brussels-Capital region,D,"D Electricity, gas, steam and air conditioning supply",M,Male,1,< 30 years,2
2017,4000,Brussels-Capital region,D,"D Electricity, gas, steam and air conditioning supply",M,Male,2,30 - 39 years,19
2017,4000,Brussels-Capital region,D,"D Electricity, gas, steam and air conditioning supply",M,Male,3,40 - 49 years,60
2017,4000,Brussels-Capital region,D,"D Electricity, gas, steam and air conditioning supply",M,Male,4,50 - 59 years,57
2017,4000,Brussels-Capital region,D,"D Electricity, gas, steam and air conditioning supply",M,Male,5,> 60 years,58
2017,4000,Brussels-Capital region,E,"E Water supply/ sewerage, waste management and remediation activities",F,Female,1,< 30 years,1
2017,4000,Brussels-Capital region,E,"E Water supply/ sewerage, waste management and remediation activities",F,Female,3,40 - 49 years,8
2017,4000,Brussels-Capital region,E,"E Water supply/ sewerage, waste management and remediation activities",F,Female,4,50 - 59 years,8
2017,4000,Brussels-Capital region,E,"E Water supply/ sewerage, waste management and remediation activities",F,Female,5,> 60 years,2
2017,4000,Brussels-Capital region,E,"E Water supply/ sewerage, waste management and remediation activities",M,Male,1,< 30 years,4
2017,4000,Brussels-Capital region,E,"E Water supply/ sewerage, waste management and remediation activities",M,Male,2,30 - 39 years,17
2017,4000,Brussels-Capital region,E,"E Water supply/ sewerage, waste management and remediation activities",M,Male,3,40 - 49 years,16
2017,4000,Brussels-Capital region,E,"E Water supply/ sewerage, waste management and remediation activities",M,Male,4,50 - 59 years,24
2017,4000,Brussels-Capital region,E,"E Water supply/ sewerage, waste management and remediation activities",M,Male,5,> 60 years,28
2017,4000,Brussels-Capital region,F,F Construction,F,Female,1,< 30 years,113
2017,4000,Brussels-Capital region,F,F Construction,F,Female,2,30 - 39 years,303
2017,4000,Brussels-Capital region,F,F Construction,F,Female,3,40 - 49 years,316
2017,4000,Brussels-Capital region,F,F Construction,F,Female,4,50 - 59 years,228
2017,4000,Brussels-Capital region,F,F Construction,F,Female,5,> 60 years,124
2017,4000,Brussels-Capital region,F,F Construction,M,Male,1,< 30 years,1520
2017,4000,Brussels-Capital region,F,F Construction,M,Male,2,30 - 39 years,4190
2017,4000,Brussels-Capital region,F,F Construction,M,Male,3,40 - 49 years,4757
2017,4000,Brussels-Capital region,F,F Construction,M,Male,4,50 - 59 years,2975
2017,4000,Brussels-Capital region,F,F Construction,M,Male,5,> 60 years,1303
2017,4000,Brussels-Capital region,G,G Wholesale and retail trade/ repair of motor vehicles and motorcycles,F,Female,1,< 30 years,314
2017,4000,Brussels-Capital region,G,G Wholesale and retail trade/ repair of motor vehicles and motorcycles,F,Female,2,30 - 39 years,972
2017,4000,Brussels-Capital region,G,G Wholesale and retail trade/ repair of motor vehicles and motorcycles,F,Female,3,40 - 49 years,1275
2017,4000,Brussels-Capital region,G,G Wholesale and retail trade/ repair of motor vehicles and motorcycles,F,Female,4,50 - 59 years,1216
2017,4000,Brussels-Capital region,G,G Wholesale and retail trade/ repair of motor vehicles and motorcycles,F,Female,5,> 60 years,799
2017,4000,Brussels-Capital region,G,G Wholesale and retail trade/ repair of motor vehicles and motorcycles,M,Male,1,< 30 years,1116
2017,4000,Brussels-Capital region,G,G Wholesale and retail trade/ repair of motor vehicles and motorcycles,M,Male,2,30 - 39 years,3633
2017,4000,Brussels-Capital region,G,G Wholesale and retail trade/ repair of motor vehicles and motorcycles,M,Male,3,40 - 49 years,4798
2017,4000,Brussels-Capital region,G,G Wholesale and retail trade/ repair of motor vehicles and motorcycles,M,Male,4,50 - 59 years,4211
2017,4000,Brussels-Capital region,G,G Wholesale and retail trade/ repair of motor vehicles and motorcycles,M,Male,5,> 60 years,2841
2017,4000,Brussels-Capital region,H,H Transportation and storage,F,Female,1,< 30 years,47
2017,4000,Brussels-Capital region,H,H Transportation and storage,F,Female,2,30 - 39 years,118
2017,4000,Brussels-Capital region,H,H Transportation and storage,F,Female,3,40 - 49 years,105
2017,4000,Brussels-Capital region,H,H Transportation and storage,F,Female,4,50 - 59 years,92
2017,4000,Brussels-Capital region,H,H Transportation and storage,F,Female,5,> 60 years,33
2017,4000,Brussels-Capital region,H,H Transportation and storage,M,Male,1,< 30 years,597
2017,4000,Brussels-Capital region,H,H Transportation and storage,M,Male,2,30 - 39 years,1283
2017,4000,Brussels-Capital region,H,H Transportation and storage,M,Male,3,40 - 49 years,1189
2017,4000,Brussels-Capital region,H,H Transportation and storage,M,Male,4,50 - 59 years,717
2017,4000,Brussels-Capital region,H,H Transportation and storage,M,Male,5,> 60 years,400
2017,4000,Brussels-Capital region,I,I Accommodation and food service activities,F,Female,1,< 30 years,234
2017,4000,Brussels-Capital region,I,I Accommodation and food service activities,F,Female,2,30 - 39 years,574
2017,4000,Brussels-Capital region,I,I Accommodation and food service activities,F,Female,3,40 - 49 years,645
2017,4000,Brussels-Capital region,I,I Accommodation and food service activities,F,Female,4,50 - 59 years,467
2017,4000,Brussels-Capital region,I,I Accommodation and food service activities,F,Female,5,> 60 years,226
2017,4000,Brussels-Capital region,I,I Accommodation and food service activities,M,Male,1,< 30 years,719
2017,4000,Brussels-Capital region,I,I Accommodation and food service activities,M,Male,2,30 - 39 years,1959
2017,4000,Brussels-Capital region,I,I Accommodation and food service activities,M,Male,3,40 - 49 years,2256
2017,4000,Brussels-Capital region,I,I Accommodation and food service activities,M,Male,4,50 - 59 years,1587
2017,4000,Brussels-Capital region,I,I Accommodation and food service activities,M,Male,5,> 60 years,869
2017,4000,Brussels-Capital region,J,J Information and communication,F,Female,1,< 30 years,87
2017,4000,Brussels-Capital region,J,J Information and communication,F,Female,2,30 - 39 years,365
2017,4000,Brussels-Capital region,J,J Information and communication,F,Female,3,40 - 49 years,435
2017,4000,Brussels-Capital region,J,J Information and communication,F,Female,4,50 - 59 years,286
2017,4000,Brussels-Capital region,J,J Information and communication,F,Female,5,> 60 years,181
2017,4000,Brussels-Capital region,J,J Information and communication,M,Male,1,< 30 years,413
2017,4000,Brussels-Capital region,J,J Information and communication,M,Male,2,30 - 39 years,2136
2017,4000,Brussels-Capital region,J,J Information and communication,M,Male,3,40 - 49 years,2454
2017,4000,Brussels-Capital region,J,J Information and communication,M,Male,4,50 - 59 years,1695
2017,4000,Brussels-Capital region,J,J Information and communication,M,Male,5,> 60 years,986
2017,4000,Brussels-Capital region,K,K Financial and insurance activities,F,Female,1,< 30 years,33
2017,4000,Brussels-Capital region,K,K Financial and insurance activities,F,Female,2,30 - 39 years,78
2017,4000,Brussels-Capital region,K,K Financial and insurance activities,F,Female,3,40 - 49 years,178
2017,4000,Brussels-Capital region,K,K Financial and insurance activities,F,Female,4,50 - 59 years,218
2017,4000,Brussels-Capital region,K,K Financial and insurance activities,F,Female,5,> 60 years,161
2017,4000,Brussels-Capital region,K,K Financial and insurance activities,M,Male,1,< 30 years,58
2017,4000,Brussels-Capital region,K,K Financial and insurance activities,M,Male,2,30 - 39 years,263
2017,4000,Brussels-Capital region,K,K Financial and insurance activities,M,Male,3,40 - 49 years,824
2017,4000,Brussels-Capital region,K,K Financial and insurance activities,M,Male,4,50 - 59 years,1340
2017,4000,Brussels-Capital region,K,K Financial and insurance activities,M,Male,5,> 60 years,1232
2017,4000,Brussels-Capital region,L,L Real estate activities,F,Female,1,< 30 years,84
2017,4000,Brussels-Capital region,L,L Real estate activities,F,Female,2,30 - 39 years,300
2017,4000,Brussels-Capital region,L,L Real estate activities,F,Female,3,40 - 49 years,530
2017,4000,Brussels-Capital region,L,L Real estate activities,F,Female,4,50 - 59 years,562
2017,4000,Brussels-Capital region,L,L Real estate activities,F,Female,5,> 60 years,433
2017,4000,Brussels-Capital region,L,L Real estate activities,M,Male,1,< 30 years,209
2017,4000,Brussels-Capital region,L,L Real estate activities,M,Male,2,30 - 39 years,920
2017,4000,Brussels-Capital region,L,L Real estate activities,M,Male,3,40 - 49 years,1609
2017,4000,Brussels-Capital region,L,L Real estate activities,M,Male,4,50 - 59 years,1860
2017,4000,Brussels-Capital region,L,L Real estate activities,M,Male,5,> 60 years,1791
2017,4000,Brussels-Capital region,M,"M Professional, scientific and technical activities",F,Female,1,< 30 years,1554
2017,4000,Brussels-Capital region,M,"M Professional, scientific and technical activities",F,Female,2,30 - 39 years,2789
2017,4000,Brussels-Capital region,M,"M Professional, scientific and technical activities",F,Female,3,40 - 49 years,2679
2017,4000,Brussels-Capital region,M,"M Professional, scientific and technical activities",F,Female,4,50 - 59 years,2067
2017,4000,Brussels-Capital region,M,"M Professional, scientific and technical activities",F,Female,5,> 60 years,1107
2017,4000,Brussels-Capital region,M,"M Professional, scientific and technical activities",M,Male,1,< 30 years,1406
2017,4000,Brussels-Capital region,M,"M Professional, scientific and technical activities",M,Male,2,30 - 39 years,4668
2017,4000,Brussels-Capital region,M,"M Professional, scientific and technical activities",M,Male,3,40 - 49 years,6293
2017,4000,Brussels-Capital region,M,"M Professional, scientific and technical activities",M,Male,4,50 - 59 years,5963
2017,4000,Brussels-Capital region,M,"M Professional, scientific and technical activities",M,Male,5,> 60 years,4941
2017,4000,Brussels-Capital region,N,N Administrative and support service activities,F,Female,1,< 30 years,166
2017,4000,Brussels-Capital region,N,N Administrative and support service activities,F,Female,2,30 - 39 years,505
2017,4000,Brussels-Capital region,N,N Administrative and support service activities,F,Female,3,40 - 49 years,697
2017,4000,Brussels-Capital region,N,N Administrative and support service activities,F,Female,4,50 - 59 years,510
2017,4000,Brussels-Capital region,N,N Administrative and support service activities,F,Female,5,> 60 years,296
2017,4000,Brussels-Capital region,N,N Administrative and support service activities,M,Male,1,< 30 years,426
2017,4000,Brussels-Capital region,N,N Administrative and support service activities,M,Male,2,30 - 39 years,1428
2017,4000,Brussels-Capital region,N,N Administrative and support service activities,M,Male,3,40 - 49 years,1919
2017,4000,Brussels-Capital region,N,N Administrative and support service activities,M,Male,4,50 - 59 years,1544
2017,4000,Brussels-Capital region,N,N Administrative and support service activities,M,Male,5,> 60 years,987
2017,4000,Brussels-Capital region,O,O Public administration and defence/ compulsory social security,F,Female,1,< 30 years,7
2017,4000,Brussels-Capital region,O,O Public administration and defence/ compulsory social security,F,Female,2,30 - 39 years,16
2017,4000,Brussels-Capital region,O,O Public administration and defence/ compulsory social security,F,Female,3,40 - 49 years,14
2017,4000,Brussels-Capital region,O,O Public administration and defence/ compulsory social security,F,Female,4,50 - 59 years,35
2017,4000,Brussels-Capital region,O,O Public administration and defence/ compulsory social security,F,Female,5,> 60 years,18
2017,4000,Brussels-Capital region,O,O Public administration and defence/ compulsory social security,M,Male,1,< 30 years,2
2017,4000,Brussels-Capital region,O,O Public administration and defence/ compulsory social security,M,Male,2,30 - 39 years,14
2017,4000,Brussels-Capital region,O,O Public administration and defence/ compulsory social security,M,Male,3,40 - 49 years,55
2017,4000,Brussels-Capital region,O,O Public administration and defence/ compulsory social security,M,Male,4,50 - 59 years,96
2017,4000,Brussels-Capital region,O,O Public administration and defence/ compulsory social security,M,Male,5,> 60 years,145
2017,4000,Brussels-Capital region,P,P Education,F,Female,1,< 30 years,112
2017,4000,Brussels-Capital region,P,P Education,F,Female,2,30 - 39 years,330
2017,4000,Brussels-Capital region,P,P Education,F,Female,3,40 - 49 years,415
2017,4000,Brussels-Capital region,P,P Education,F,Female,4,50 - 59 years,366
2017,4000,Brussels-Capital region,P,P Education,F,Female,5,> 60 years,204
2017,4000,Brussels-Capital region,P,P Education,M,Male,1,< 30 years,154
2017,4000,Brussels-Capital region,P,P Education,M,Male,2,30 - 39 years,430
2017,4000,Brussels-Capital region,P,P Education,M,Male,3,40 - 49 years,554
2017,4000,Brussels-Capital region,P,P Education,M,Male,4,50 - 59 years,582
2017,4000,Brussels-Capital region,P,P Education,M,Male,5,> 60 years,535
2017,4000,Brussels-Capital region,Q,Q Human health and social work activities,F,Female,1,< 30 years,957
2017,4000,Brussels-Capital region,Q,Q Human health and social work activities,F,Female,2,30 - 39 years,1838
2017,4000,Brussels-Capital region,Q,Q Human health and social work activities,F,Female,3,40 - 49 years,1759
2017,4000,Brussels-Capital region,Q,Q Human health and social work activities,F,Female,4,50 - 59 years,1609
2017,4000,Brussels-Capital region,Q,Q Human health and social work activities,F,Female,5,> 60 years,1210
2017,4000,Brussels-Capital region,Q,Q Human health and social work activities,M,Male,1,< 30 years,491
2017,4000,Brussels-Capital region,Q,Q Human health and social work activities,M,Male,2,30 - 39 years,1047
2017,4000,Brussels-Capital region,Q,Q Human health and social work activities,M,Male,3,40 - 49 years,1273
2017,4000,Brussels-Capital region,Q,Q Human health and social work activities,M,Male,4,50 - 59 years,1830
2017,4000,Brussels-Capital region,Q,Q Human health and social work activities,M,Male,5,> 60 years,2424
2017,4000,Brussels-Capital region,R,"R Arts, entertainment and recreation",F,Female,1,< 30 years,128
2017,4000,Brussels-Capital region,R,"R Arts, entertainment and recreation",F,Female,2,30 - 39 years,400
2017,4000,Brussels-Capital region,R,"R Arts, entertainment and recreation",F,Female,3,40 - 49 years,424
2017,4000,Brussels-Capital region,R,"R Arts, entertainment and recreation",F,Female,4,50 - 59 years,362
2017,4000,Brussels-Capital region,R,"R Arts, entertainment and recreation",F,Female,5,> 60 years,219
2017,4000,Brussels-Capital region,R,"R Arts, entertainment and recreation",M,Male,1,< 30 years,215
2017,4000,Brussels-Capital region,R,"R Arts, entertainment and recreation",M,Male,2,30 - 39 years,780
2017,4000,Brussels-Capital region,R,"R Arts, entertainment and recreation",M,Male,3,40 - 49 years,1064
2017,4000,Brussels-Capital region,R,"R Arts, entertainment and recreation",M,Male,4,50 - 59 years,1125
2017,4000,Brussels-Capital region,R,"R Arts, entertainment and recreation",M,Male,5,> 60 years,943
2017,4000,Brussels-Capital region,S,S Other service activities,F,Female,1,< 30 years,371
2017,4000,Brussels-Capital region,S,S Other service activities,F,Female,2,30 - 39 years,1180
2017,4000,Brussels-Capital region,S,S Other service activities,F,Female,3,40 - 49 years,1605
2017,4000,Brussels-Capital region,S,S Other service activities,F,Female,4,50 - 59 years,1558
2017,4000,Brussels-Capital region,S,S Other service activities,F,Female,5,> 60 years,1024
2017,4000,Brussels-Capital region,S,S Other service activities,M,Male,1,< 30 years,421
2017,4000,Brussels-Capital region,S,S Other service activities,M,Male,2,30 - 39 years,2030
2017,4000,Brussels-Capital region,S,S Other service activities,M,Male,3,40 - 49 years,3530
2017,4000,Brussels-Capital region,S,S Other service activities,M,Male,4,50 - 59 years,4499
2017,4000,Brussels-Capital region,S,S Other service activities,M,Male,5,> 60 years,4157
2017,4000,Brussels-Capital region,T,T Activities of households as employers/ undifferentiated goods- and services-producing activities of households for own use,F,Female,2,30 - 39 years,6
2017,4000,Brussels-Capital region,T,T Activities of households as employers/ undifferentiated goods- and services-producing activities of households for own use,F,Female,3,40 - 49 years,12
2017,4000,Brussels-Capital region,T,T Activities of households as employers/ undifferentiated goods- and services-producing activities of households for own use,F,Female,4,50 - 59 years,11
2017,4000,Brussels-Capital region,T,T Activities of households as employers/ undifferentiated goods- and services-producing activities of households for own use,F,Female,5,> 60 years,12
2017,4000,Brussels-Capital region,T,T Activities of households as employers/ undifferentiated goods- and services-producing activities of households for own use,M,Male,1,< 30 years,1
2017,4000,Brussels-Capital region,T,T Activities of households as employers/ undifferentiated goods- and services-producing activities of households for own use,M,Male,2,30 - 39 years,13
2017,4000,Brussels-Capital region,T,T Activities of households as employers/ undifferentiated goods- and services-producing activities of households for own use,M,Male,3,40 - 49 years,28
2017,4000,Brussels-Capital region,T,T Activities of households as employers/ undifferentiated goods- and services-producing activities of households for own use,M,Male,4,50 - 59 years,27
2017,4000,Brussels-Capital region,T,T Activities of households as employers/ undifferentiated goods- and services-producing activities of households for own use,M,Male,5,> 60 years,40
2017,4000,Brussels-Capital region,U,U Activities of extraterritorial organisations and bodies,F,Female,2,30 - 39 years,1
2017,4000,Brussels-Capital region,U,U Activities of extraterritorial organisations and bodies,F,Female,4,50 - 59 years,1
2017,4000,Brussels-Capital region,U,U Activities of extraterritorial organisations and bodies,F,Female,5,> 60 years,1
2017,4000,Brussels-Capital region,U,U Activities of extraterritorial organisations and bodies,M,Male,2,30 - 39 years,3
2017,4000,Brussels-Capital region,U,U Activities of extraterritorial organisations and bodies,M,Male,3,40 - 49 years,2
2017,4000,Brussels-Capital region,U,U Activities of extraterritorial organisations and bodies,M,Male,4,50 - 59 years,4
2017,4000,Brussels-Capital region,U,U Activities of extraterritorial organisations and bodies,M,Male,5,> 60 years,7
2017,4000,Brussels-Capital region,X,Unkown economic activity,F,Female,2,30 - 39 years,1
2017,4000,Brussels-Capital region,X,Unkown economic activity,F,Female,4,50 - 59 years,3
2017,4000,Brussels-Capital region,X,Unkown economic activity,F,Female,5,> 60 years,2
2017,4000,Brussels-Capital region,X,Unkown economic activity,M,Male,1,< 30 years,4
2017,4000,Brussels-Capital region,X,Unkown economic activity,M,Male,2,30 - 39 years,1
2017,4000,Brussels-Capital region,X,Unkown economic activity,M,Male,3,40 - 49 years,3
2017,4000,Brussels-Capital region,X,Unkown economic activity,M,Male,4,50 - 59 years,4
2017,4000,Brussels-Capital region,X,Unkown economic activity,M,Male,5,> 60 years,5
2018,2000,Flanders region,A,"A Agriculture, forestry and fishing",F,Female,1,< 30 years,320
2018,2000,Flanders region,A,"A Agriculture, forestry and fishing",F,Female,2,30 - 39 years,968
2018,2000,Flanders region,A,"A Agriculture, forestry and fishing",F,Female,3,40 - 49 years,1472
2018,2000,Flanders region,A,"A Agriculture, forestry and fishing",F,Female,4,50 - 59 years,1992
2018,2000,Flanders region,A,"A Agriculture, forestry and fishing",F,Female,5,> 60 years,2080
2018,2000,Flanders region,A,"A Agriculture, forestry and fishing",M,Male,1,< 30 years,1478
2018,2000,Flanders region,A,"A Agriculture, forestry and fishing",M,Male,2,30 - 39 years,3365
2018,2000,Flanders region,A,"A Agriculture, forestry and fishing",M,Male,3,40 - 49 years,5052
2018,2000,Flanders region,A,"A Agriculture, forestry and fishing",M,Male,4,50 - 59 years,7817
2018,2000,Flanders region,A,"A Agriculture, forestry and fishing",M,Male,5,> 60 years,8469
2018,2000,Flanders region,B,B Mining and quarrying,F,Female,2,30 - 39 years,1
2018,2000,Flanders region,B,B Mining and quarrying,F,Female,3,40 - 49 years,5
2018,2000,Flanders region,B,B Mining and quarrying,F,Female,4,50 - 59 years,5
2018,2000,Flanders region,B,B Mining and quarrying,M,Male,1,< 30 years,1
2018,2000,Flanders region,B,B Mining and quarrying,M,Male,2,30 - 39 years,9
2018,2000,Flanders region,B,B Mining and quarrying,M,Male,3,40 - 49 years,13
2018,2000,Flanders region,B,B Mining and quarrying,M,Male,4,50 - 59 years,18
2018,2000,Flanders region,B,B Mining and quarrying,M,Male,5,> 60 years,22
2018,2000,Flanders region,C,C Manufacturing,F,Female,1,< 30 years,696
2018,2000,Flanders region,C,C Manufacturing,F,Female,2,30 - 39 years,1693
2018,2000,Flanders region,C,C Manufacturing,F,Female,3,40 - 49 years,2392
2018,2000,Flanders region,C,C Manufacturing,F,Female,4,50 - 59 years,2138
2018,2000,Flanders region,C,C Manufacturing,F,Female,5,> 60 years,1043
2018,2000,Flanders region,C,C Manufacturing,M,Male,1,< 30 years,2120
2018,2000,Flanders region,C,C Manufacturing,M,Male,2,30 - 39 years,5650
2018,2000,Flanders region,C,C Manufacturing,M,Male,3,40 - 49 years,7717
2018,2000,Flanders region,C,C Manufacturing,M,Male,4,50 - 59 years,8407
2018,2000,Flanders region,C,C Manufacturing,M,Male,5,> 60 years,5198
2018,2000,Flanders region,D,"D Electricity, gas, steam and air conditioning supply",F,Female,1,< 30 years,12
2018,2000,Flanders region,D,"D Electricity, gas, steam and air conditioning supply",F,Female,2,30 - 39 years,28
2018,2000,Flanders region,D,"D Electricity, gas, steam and air conditioning supply",F,Female,3,40 - 49 years,39
2018,2000,Flanders region,D,"D Electricity, gas, steam and air conditioning supply",F,Female,4,50 - 59 years,34
2018,2000,Flanders region,D,"D Electricity, gas, steam and air conditioning supply",F,Female,5,> 60 years,4
2018,2000,Flanders region,D,"D Electricity, gas, steam and air conditioning supply",M,Male,1,< 30 years,66
2018,2000,Flanders region,D,"D Electricity, gas, steam and air conditioning supply",M,Male,2,30 - 39 years,89
2018,2000,Flanders region,D,"D Electricity, gas, steam and air conditioning supply",M,Male,3,40 - 49 years,163
2018,2000,Flanders region,D,"D Electricity, gas, steam and air conditioning supply",M,Male,4,50 - 59 years,226
2018,2000,Flanders region,D,"D Electricity, gas, steam and air conditioning supply",M,Male,5,> 60 years,124
2018,2000,Flanders region,E,"E Water supply/ sewerage, waste management and remediation activities",F,Female,1,< 30 years,6
2018,2000,Flanders region,E,"E Water supply/ sewerage, waste management and remediation activities",F,Female,2,30 - 39 years,29
2018,2000,Flanders region,E,"E Water supply/ sewerage, waste management and remediation activities",F,Female,3,40 - 49 years,68
2018,2000,Flanders region,E,"E Water supply/ sewerage, waste management and remediation activities",F,Female,4,50 - 59 years,58
2018,2000,Flanders region,E,"E Water supply/ sewerage, waste management and remediation activities",F,Female,5,> 60 years,35
2018,2000,Flanders region,E,"E Water supply/ sewerage, waste management and remediation activities",M,Male,1,< 30 years,56
2018,2000,Flanders region,E,"E Water supply/ sewerage, waste management and remediation activities",M,Male,2,30 - 39 years,151
2018,2000,Flanders region,E,"E Water supply/ sewerage, waste management and remediation activities",M,Male,3,40 - 49 years,233
2018,2000,Flanders region,E,"E Water supply/ sewerage, waste management and remediation activities",M,Male,4,50 - 59 years,321
2018,2000,Flanders region,E,"E Water supply/ sewerage, waste management and remediation activities",M,Male,5,> 60 years,224
2018,2000,Flanders region,F,F Construction,F,Female,1,< 30 years,421
2018,2000,Flanders region,F,F Construction,F,Female,2,30 - 39 years,1654
2018,2000,Flanders region,F,F Construction,F,Female,3,40 - 49 years,2420
2018,2000,Flanders region,F,F Construction,F,Female,4,50 - 59 years,1979
2018,2000,Flanders region,F,F Construction,F,Female,5,> 60 years,868
2018,2000,Flanders region,F,F Construction,M,Male,1,< 30 years,7683
2018,2000,Flanders region,F,F Construction,M,Male,2,30 - 39 years,20262
2018,2000,Flanders region,F,F Construction,M,Male,3,40 - 49 years,23755
2018,2000,Flanders region,F,F Construction,M,Male,4,50 - 59 years,20679
2018,2000,Flanders region,F,F Construction,M,Male,5,> 60 years,10378
2018,2000,Flanders region,G,G Wholesale and retail trade/ repair of motor vehicles and motorcycles,F,Female,1,< 30 years,3056
2018,2000,Flanders region,G,G Wholesale and retail trade/ repair of motor vehicles and motorcycles,F,Female,2,30 - 39 years,7250
2018,2000,Flanders region,G,G Wholesale and retail trade/ repair of motor vehicles and motorcycles,F,Female,3,40 - 49 years,11237
2018,2000,Flanders region,G,G Wholesale and retail trade/ repair of motor vehicles and motorcycles,F,Female,4,50 - 59 years,11110
2018,2000,Flanders region,G,G Wholesale and retail trade/ repair of motor vehicles and motorcycles,F,Female,5,> 60 years,5720
2018,2000,Flanders region,G,G Wholesale and retail trade/ repair of motor vehicles and motorcycles,M,Male,1,< 30 years,5489
2018,2000,Flanders region,G,G Wholesale and retail trade/ repair of motor vehicles and motorcycles,M,Male,2,30 - 39 years,14229
2018,2000,Flanders region,G,G Wholesale and retail trade/ repair of motor vehicles and motorcycles,M,Male,3,40 - 49 years,21416
2018,2000,Flanders region,G,G Wholesale and retail trade/ repair of motor vehicles and motorcycles,M,Male,4,50 - 59 years,26408
2018,2000,Flanders region,G,G Wholesale and retail trade/ repair of motor vehicles and motorcycles,M,Male,5,> 60 years,18139
2018,2000,Flanders region,H,H Transportation and storage,F,Female,1,< 30 years,228
2018,2000,Flanders region,H,H Transportation and storage,F,Female,2,30 - 39 years,503
2018,2000,Flanders region,H,H Transportation and storage,F,Female,3,40 - 49 years,821
2018,2000,Flanders region,H,H Transportation and storage,F,Female,4,50 - 59 years,905
2018,2000,Flanders region,H,H Transportation and storage,F,Female,5,> 60 years,417
2018,2000,Flanders region,H,H Transportation and storage,M,Male,1,< 30 years,1529
2018,2000,Flanders region,H,H Transportation and storage,M,Male,2,30 - 39 years,3005
2018,2000,Flanders region,H,H Transportation and storage,M,Male,3,40 - 49 years,3795
2018,2000,Flanders region,H,H Transportation and storage,M,Male,4,50 - 59 years,4118
2018,2000,Flanders region,H,H Transportation and storage,M,Male,5,> 60 years,2737
2018,2000,Flanders region,I,I Accommodation and food service activities,F,Female,1,< 30 years,1568
2018,2000,Flanders region,I,I Accommodation and food service activities,F,Female,2,30 - 39 years,3434
2018,2000,Flanders region,I,I Accommodation and food service activities,F,Female,3,40 - 49 years,4708
2018,2000,Flanders region,I,I Accommodation and food service activities,F,Female,4,50 - 59 years,4140
2018,2000,Flanders region,I,I Accommodation and food service activities,F,Female,5,> 60 years,2062
2018,2000,Flanders region,I,I Accommodation and food service activities,M,Male,1,< 30 years,2801
2018,2000,Flanders region,I,I Accommodation and food service activities,M,Male,2,30 - 39 years,6504
2018,2000,Flanders region,I,I Accommodation and food service activities,M,Male,3,40 - 49 years,8454
2018,2000,Flanders region,I,I Accommodation and food service activities,M,Male,4,50 - 59 years,7731
2018,2000,Flanders region,I,I Accommodation and food service activities,M,Male,5,> 60 years,3645
2018,2000,Flanders region,J,J Information and communication,F,Female,1,< 30 years,430
2018,2000,Flanders region,J,J Information and communication,F,Female,2,30 - 39 years,1367
2018,2000,Flanders region,J,J Information and communication,F,Female,3,40 - 49 years,1717
2018,2000,Flanders region,J,J Information and communication,F,Female,4,50 - 59 years,1103
2018,2000,Flanders region,J,J Information and communication,F,Female,5,> 60 years,381
2018,2000,Flanders region,J,J Information and communication,M,Male,1,< 30 years,2985
2018,2000,Flanders region,J,J Information and communication,M,Male,2,30 - 39 years,8245
2018,2000,Flanders region,J,J Information and communication,M,Male,3,40 - 49 years,9016
2018,2000,Flanders region,J,J Information and communication,M,Male,4,50 - 59 years,6396
2018,2000,Flanders region,J,J Information and communication,M,Male,5,> 60 years,2873
2018,2000,Flanders region,K,K Financial and insurance activities,F,Female,1,< 30 years,113
2018,2000,Flanders region,K,K Financial and insurance activities,F,Female,2,30 - 39 years,520
2018,2000,Flanders region,K,K Financial and insurance activities,F,Female,3,40 - 49 years,1056
2018,2000,Flanders region,K,K Financial and insurance activities,F,Female,4,50 - 59 years,1430
2018,2000,Flanders region,K,K Financial and insurance activities,F,Female,5,> 60 years,861
2018,2000,Flanders region,K,K Financial and insurance activities,M,Male,1,< 30 years,294
2018,2000,Flanders region,K,K Financial and insurance activities,M,Male,2,30 - 39 years,1419
2018,2000,Flanders region,K,K Financial and insurance activities,M,Male,3,40 - 49 years,2567
2018,2000,Flanders region,K,K Financial and insurance activities,M,Male,4,50 - 59 years,4690
2018,2000,Flanders region,K,K Financial and insurance activities,M,Male,5,> 60 years,4261
2018,2000,Flanders region,L,L Real estate activities,F,Female,1,< 30 years,746
2018,2000,Flanders region,L,L Real estate activities,F,Female,2,30 - 39 years,1653
2018,2000,Flanders region,L,L Real estate activities,F,Female,3,40 - 49 years,2726
2018,2000,Flanders region,L,L Real estate activities,F,Female,4,50 - 59 years,2913
2018,2000,Flanders region,L,L Real estate activities,F,Female,5,> 60 years,1982
2018,2000,Flanders region,L,L Real estate activities,M,Male,1,< 30 years,1168
2018,2000,Flanders region,L,L Real estate activities,M,Male,2,30 - 39 years,3401
2018,2000,Flanders region,L,L Real estate activities,M,Male,3,40 - 49 years,5677
2018,2000,Flanders region,L,L Real estate activities,M,Male,4,50 - 59 years,7260
2018,2000,Flanders region,L,L Real estate activities,M,Male,5,> 60 years,6390
2018,2000,Flanders region,M,"M Professional, scientific and technical activities",F,Female,1,< 30 years,5665
2018,2000,Flanders region,M,"M Professional, scientific and technical activities",F,Female,2,30 - 39 years,11240
2018,2000,Flanders region,M,"M Professional, scientific and technical activities",F,Female,3,40 - 49 years,12911
2018,2000,Flanders region,M,"M Professional, scientific and technical activities",F,Female,4,50 - 59 years,9684
2018,2000,Flanders region,M,"M Professional, scientific and technical activities",F,Female,5,> 60 years,3716
2018,2000,Flanders region,M,"M Professional, scientific and technical activities",M,Male,1,< 30 years,6081
2018,2000,Flanders region,M,"M Professional, scientific and technical activities",M,Male,2,30 - 39 years,18854
2018,2000,Flanders region,M,"M Professional, scientific and technical activities",M,Male,3,40 - 49 years,26928
2018,2000,Flanders region,M,"M Professional, scientific and technical activities",M,Male,4,50 - 59 years,27458
2018,2000,Flanders region,M,"M Professional, scientific and technical activities",M,Male,5,> 60 years,18636
2018,2000,Flanders region,N,N Administrative and support service activities,F,Female,1,< 30 years,855
2018,2000,Flanders region,N,N Administrative and support service activities,F,Female,2,30 - 39 years,2322
2018,2000,Flanders region,N,N Administrative and support service activities,F,Female,3,40 - 49 years,3420
2018,2000,Flanders region,N,N Administrative and support service activities,F,Female,4,50 - 59 years,2787
2018,2000,Flanders region,N,N Administrative and support service activities,F,Female,5,> 60 years,1391
2018,2000,Flanders region,N,N Administrative and support service activities,M,Male,1,< 30 years,3691
2018,2000,Flanders region,N,N Administrative and support service activities,M,Male,2,30 - 39 years,8027
2018,2000,Flanders region,N,N Administrative and support service activities,M,Male,3,40 - 49 years,9208
2018,2000,Flanders region,N,N Administrative and support service activities,M,Male,4,50 - 59 years,8105
2018,2000,Flanders region,N,N Administrative and support service activities,M,Male,5,> 60 years,5227
2018,2000,Flanders region,O,O Public administration and defence/ compulsory social security,F,Female,1,< 30 years,2
2018,2000,Flanders region,O,O Public administration and defence/ compulsory social security,F,Female,2,30 - 39 years,9
2018,2000,Flanders region,O,O Public administration and defence/ compulsory social security,F,Female,3,40 - 49 years,29
2018,2000,Flanders region,O,O Public administration and defence/ compulsory social security,F,Female,4,50 - 59 years,38
2018,2000,Flanders region,O,O Public administration and defence/ compulsory social security,F,Female,5,> 60 years,24
2018,2000,Flanders region,O,O Public administration and defence/ compulsory social security,M,Male,2,30 - 39 years,26
2018,2000,Flanders region,O,O Public administration and defence/ compulsory social security,M,Male,3,40 - 49 years,66
2018,2000,Flanders region,O,O Public administration and defence/ compulsory social security,M,Male,4,50 - 59 years,125
2018,2000,Flanders region,O,O Public administration and defence/ compulsory social security,M,Male,5,> 60 years,146
2018,2000,Flanders region,P,P Education,F,Female,1,< 30 years,1028
2018,2000,Flanders region,P,P Education,F,Female,2,30 - 39 years,1906
2018,2000,Flanders region,P,P Education,F,Female,3,40 - 49 years,2101
2018,2000,Flanders region,P,P Education,F,Female,4,50 - 59 years,1528
2018,2000,Flanders region,P,P Education,F,Female,5,> 60 years,655
2018,2000,Flanders region,P,P Education,M,Male,1,< 30 years,986
2018,2000,Flanders region,P,P Education,M,Male,2,30 - 39 years,1861
2018,2000,Flanders region,P,P Education,M,Male,3,40 - 49 years,2186
2018,2000,Flanders region,P,P Education,M,Male,4,50 - 59 years,2312
2018,2000,Flanders region,P,P Education,M,Male,5,> 60 years,1725
2018,2000,Flanders region,Q,Q Human health and social work activities,F,Female,1,< 30 years,7669
2018,2000,Flanders region,Q,Q Human health and social work activities,F,Female,2,30 - 39 years,11860
2018,2000,Flanders region,Q,Q Human health and social work activities,F,Female,3,40 - 49 years,11503
2018,2000,Flanders region,Q,Q Human health and social work activities,F,Female,4,50 - 59 years,8767
2018,2000,Flanders region,Q,Q Human health and social work activities,F,Female,5,> 60 years,3518
2018,2000,Flanders region,Q,Q Human health and social work activities,M,Male,1,< 30 years,2049
2018,2000,Flanders region,Q,Q Human health and social work activities,M,Male,2,30 - 39 years,4028
2018,2000,Flanders region,Q,Q Human health and social work activities,M,Male,3,40 - 49 years,5963
2018,2000,Flanders region,Q,Q Human health and social work activities,M,Male,4,50 - 59 years,8091
2018,2000,Flanders region,Q,Q Human health and social work activities,M,Male,5,> 60 years,9562
2018,2000,Flanders region,R,"R Arts, entertainment and recreation",F,Female,1,< 30 years,1009
2018,2000,Flanders region,R,"R Arts, entertainment and recreation",F,Female,2,30 - 39 years,2132
2018,2000,Flanders region,R,"R Arts, entertainment and recreation",F,Female,3,40 - 49 years,2286
2018,2000,Flanders region,R,"R Arts, entertainment and recreation",F,Female,4,50 - 59 years,1837
2018,2000,Flanders region,R,"R Arts, entertainment and recreation",F,Female,5,> 60 years,907
2018,2000,Flanders region,R,"R Arts, entertainment and recreation",M,Male,1,< 30 years,2514
2018,2000,Flanders region,R,"R Arts, entertainment and recreation",M,Male,2,30 - 39 years,5669
2018,2000,Flanders region,R,"R Arts, entertainment and recreation",M,Male,3,40 - 49 years,6908
2018,2000,Flanders region,R,"R Arts, entertainment and recreation",M,Male,4,50 - 59 years,6630
2018,2000,Flanders region,R,"R Arts, entertainment and recreation",M,Male,5,> 60 years,4467
2018,2000,Flanders region,S,S Other service activities,F,Female,1,< 30 years,5831
2018,2000,Flanders region,S,S Other service activities,F,Female,2,30 - 39 years,9161
2018,2000,Flanders region,S,S Other service activities,F,Female,3,40 - 49 years,10421
2018,2000,Flanders region,S,S Other service activities,F,Female,4,50 - 59 years,8705
2018,2000,Flanders region,S,S Other service activities,F,Female,5,> 60 years,3500
2018,2000,Flanders region,S,S Other service activities,M,Male,1,< 30 years,2076
2018,2000,Flanders region,S,S Other service activities,M,Male,2,30 - 39 years,6188
2018,2000,Flanders region,S,S Other service activities,M,Male,3,40 - 49 years,9445
2018,2000,Flanders region,S,S Other service activities,M,Male,4,50 - 59 years,11265
2018,2000,Flanders region,S,S Other service activities,M,Male,5,> 60 years,8862
2018,2000,Flanders region,T,T Activities of households as employers/ undifferentiated goods- and services-producing activities of households for own use,F,Female,2,30 - 39 years,16
2018,2000,Flanders region,T,T Activities of households as employers/ undifferentiated goods- and services-producing activities of households for own use,F,Female,3,40 - 49 years,23
2018,2000,Flanders region,T,T Activities of households as employers/ undifferentiated goods- and services-producing activities of households for own use,F,Female,4,50 - 59 years,30
2018,2000,Flanders region,T,T Activities of households as employers/ undifferentiated goods- and services-producing activities of households for own use,F,Female,5,> 60 years,26
2018,2000,Flanders region,T,T Activities of households as employers/ undifferentiated goods- and services-producing activities of households for own use,M,Male,1,< 30 years,1
2018,2000,Flanders region,T,T Activities of households as employers/ undifferentiated goods- and services-producing activities of households for own use,M,Male,2,30 - 39 years,18
2018,2000,Flanders region,T,T Activities of households as employers/ undifferentiated goods- and services-producing activities of households for own use,M,Male,3,40 - 49 years,72
2018,2000,Flanders region,T,T Activities of households as employers/ undifferentiated goods- and services-producing activities of households for own use,M,Male,4,50 - 59 years,90
2018,2000,Flanders region,T,T Activities of households as employers/ undifferentiated goods- and services-producing activities of households for own use,M,Male,5,> 60 years,106
2018,2000,Flanders region,U,U Activities of extraterritorial organisations and bodies,F,Female,3,40 - 49 years,2
2018,2000,Flanders region,U,U Activities of extraterritorial organisations and bodies,M,Male,3,40 - 49 years,2
2018,2000,Flanders region,X,Unkown economic activity,F,Female,1,< 30 years,199
2018,2000,Flanders region,X,Unkown economic activity,F,Female,2,30 - 39 years,82
2018,2000,Flanders region,X,Unkown economic activity,F,Female,3,40 - 49 years,31
2018,2000,Flanders region,X,Unkown economic activity,F,Female,4,50 - 59 years,8
2018,2000,Flanders region,X,Unkown economic activity,F,Female,5,> 60 years,6
2018,2000,Flanders region,X,Unkown economic activity,M,Male,1,< 30 years,73
2018,2000,Flanders region,X,Unkown economic activity,M,Male,2,30 - 39 years,56
2018,2000,Flanders region,X,Unkown economic activity,M,Male,3,40 - 49 years,22
2018,2000,Flanders region,X,Unkown economic activity,M,Male,4,50 - 59 years,9
2018,2000,Flanders region,X,Unkown economic activity,M,Male,5,> 60 years,15
2018,3000,Walloon region,A,"A Agriculture, forestry and fishing",F,Female,1,< 30 years,160
2018,3000,Walloon region,A,"A Agriculture, forestry and fishing",F,Female,2,30 - 39 years,522
2018,3000,Walloon region,A,"A Agriculture, forestry and fishing",F,Female,3,40 - 49 years,742
2018,3000,Walloon region,A,"A Agriculture, forestry and fishing",F,Female,4,50 - 59 years,1220
2018,3000,Walloon region,A,"A Agriculture, forestry and fishing",F,Female,5,> 60 years,1445
2018,3000,Walloon region,A,"A Agriculture, forestry and fishing",M,Male,1,< 30 years,1153
2018,3000,Walloon region,A,"A Agriculture, forestry and fishing",M,Male,2,30 - 39 years,2422
2018,3000,Walloon region,A,"A Agriculture, forestry and fishing",M,Male,3,40 - 49 years,3431
2018,3000,Walloon region,A,"A Agriculture, forestry and fishing",M,Male,4,50 - 59 years,5323
2018,3000,Walloon region,A,"A Agriculture, forestry and fishing",M,Male,5,> 60 years,5013
2018,3000,Walloon region,B,B Mining and quarrying,F,Female,2,30 - 39 years,9
2018,3000,Walloon region,B,B Mining and quarrying,F,Female,3,40 - 49 years,7
2018,3000,Walloon region,B,B Mining and quarrying,F,Female,4,50 - 59 years,5
2018,3000,Walloon region,B,B Mining and quarrying,F,Female,5,> 60 years,6
2018,3000,Walloon region,B,B Mining and quarrying,M,Male,1,< 30 years,2
2018,3000,Walloon region,B,B Mining and quarrying,M,Male,2,30 - 39 years,18
2018,3000,Walloon region,B,B Mining and quarrying,M,Male,3,40 - 49 years,30
2018,3000,Walloon region,B,B Mining and quarrying,M,Male,4,50 - 59 years,47
2018,3000,Walloon region,B,B Mining and quarrying,M,Male,5,> 60 years,35
2018,3000,Walloon region,C,C Manufacturing,F,Female,1,< 30 years,214
2018,3000,Walloon region,C,C Manufacturing,F,Female,2,30 - 39 years,806
2018,3000,Walloon region,C,C Manufacturing,F,Female,3,40 - 49 years,978
2018,3000,Walloon region,C,C Manufacturing,F,Female,4,50 - 59 years,828
2018,3000,Walloon region,C,C Manufacturing,F,Female,5,> 60 years,557
2018,3000,Walloon region,C,C Manufacturing,M,Male,1,< 30 years,637
2018,3000,Walloon region,C,C Manufacturing,M,Male,2,30 - 39 years,2087
2018,3000,Walloon region,C,C Manufacturing,M,Male,3,40 - 49 years,3134
2018,3000,Walloon region,C,C Manufacturing,M,Male,4,50 - 59 years,3737
2018,3000,Walloon region,C,C Manufacturing,M,Male,5,> 60 years,2719
2018,3000,Walloon region,D,"D Electricity, gas, steam and air conditioning supply",F,Female,1,< 30 years,3
2018,3000,Walloon region,D,"D Electricity, gas, steam and air conditioning supply",F,Female,2,30 - 39 years,2
2018,3000,Walloon region,D,"D Electricity, gas, steam and air conditioning supply",F,Female,3,40 - 49 years,11
2018,3000,Walloon region,D,"D Electricity, gas, steam and air conditioning supply",F,Female,4,50 - 59 years,22
2018,3000,Walloon region,D,"D Electricity, gas, steam and air conditioning supply",F,Female,5,> 60 years,7
2018,3000,Walloon region,D,"D Electricity, gas, steam and air conditioning supply",M,Male,1,< 30 years,16
2018,3000,Walloon region,D,"D Electricity, gas, steam and air conditioning supply",M,Male,2,30 - 39 years,32
2018,3000,Walloon region,D,"D Electricity, gas, steam and air conditioning supply",M,Male,3,40 - 49 years,74
2018,3000,Walloon region,D,"D Electricity, gas, steam and air conditioning supply",M,Male,4,50 - 59 years,72
2018,3000,Walloon region,D,"D Electricity, gas, steam and air conditioning supply",M,Male,5,> 60 years,82
2018,3000,Walloon region,E,"E Water supply/ sewerage, waste management and remediation activities",F,Female,2,30 - 39 years,20
2018,3000,Walloon region,E,"E Water supply/ sewerage, waste management and remediation activities",F,Female,3,40 - 49 years,26
2018,3000,Walloon region,E,"E Water supply/ sewerage, waste management and remediation activities",F,Female,4,50 - 59 years,31
2018,3000,Walloon region,E,"E Water supply/ sewerage, waste management and remediation activities",F,Female,5,> 60 years,17
2018,3000,Walloon region,E,"E Water supply/ sewerage, waste management and remediation activities",M,Male,1,< 30 years,27
2018,3000,Walloon region,E,"E Water supply/ sewerage, waste management and remediation activities",M,Male,2,30 - 39 years,127
2018,3000,Walloon region,E,"E Water supply/ sewerage, waste management and remediation activities",M,Male,3,40 - 49 years,156
2018,3000,Walloon region,E,"E Water supply/ sewerage, waste management and remediation activities",M,Male,4,50 - 59 years,183
2018,3000,Walloon region,E,"E Water supply/ sewerage, waste management and remediation activities",M,Male,5,> 60 years,193
2018,3000,Walloon region,F,F Construction,F,Female,1,< 30 years,125
2018,3000,Walloon region,F,F Construction,F,Female,2,30 - 39 years,498
2018,3000,Walloon region,F,F Construction,F,Female,3,40 - 49 years,714
2018,3000,Walloon region,F,F Construction,F,Female,4,50 - 59 years,604
2018,3000,Walloon region,F,F Construction,F,Female,5,> 60 years,403
2018,3000,Walloon region,F,F Construction,M,Male,1,< 30 years,2839
2018,3000,Walloon region,F,F Construction,M,Male,2,30 - 39 years,8600
2018,3000,Walloon region,F,F Construction,M,Male,3,40 - 49 years,11093
2018,3000,Walloon region,F,F Construction,M,Male,4,50 - 59 years,9595
2018,3000,Walloon region,F,F Construction,M,Male,5,> 60 years,5333
2018,3000,Walloon region,G,G Wholesale and retail trade/ repair of motor vehicles and motorcycles,F,Female,1,< 30 years,1402
2018,3000,Walloon region,G,G Wholesale and retail trade/ repair of motor vehicles and motorcycles,F,Female,2,30 - 39 years,3690
2018,3000,Walloon region,G,G Wholesale and retail trade/ repair of motor vehicles and motorcycles,F,Female,3,40 - 49 years,5131
2018,3000,Walloon region,G,G Wholesale and retail trade/ repair of motor vehicles and motorcycles,F,Female,4,50 - 59 years,4708
2018,3000,Walloon region,G,G Wholesale and retail trade/ repair of motor vehicles and motorcycles,F,Female,5,> 60 years,2988
2018,3000,Walloon region,G,G Wholesale and retail trade/ repair of motor vehicles and motorcycles,M,Male,1,< 30 years,2410
2018,3000,Walloon region,G,G Wholesale and retail trade/ repair of motor vehicles and motorcycles,M,Male,2,30 - 39 years,6916
2018,3000,Walloon region,G,G Wholesale and retail trade/ repair of motor vehicles and motorcycles,M,Male,3,40 - 49 years,10657
2018,3000,Walloon region,G,G Wholesale and retail trade/ repair of motor vehicles and motorcycles,M,Male,4,50 - 59 years,11855
2018,3000,Walloon region,G,G Wholesale and retail trade/ repair of motor vehicles and motorcycles,M,Male,5,> 60 years,8666
2018,3000,Walloon region,H,H Transportation and storage,F,Female,1,< 30 years,61
2018,3000,Walloon region,H,H Transportation and storage,F,Female,2,30 - 39 years,130
2018,3000,Walloon region,H,H Transportation and storage,F,Female,3,40 - 49 years,219
2018,3000,Walloon region,H,H Transportation and storage,F,Female,4,50 - 59 years,222
2018,3000,Walloon region,H,H Transportation and storage,F,Female,5,> 60 years,128
2018,3000,Walloon region,H,H Transportation and storage,M,Male,1,< 30 years,401
2018,3000,Walloon region,H,H Transportation and storage,M,Male,2,30 - 39 years,854
2018,3000,Walloon region,H,H Transportation and storage,M,Male,3,40 - 49 years,1387
2018,3000,Walloon region,H,H Transportation and storage,M,Male,4,50 - 59 years,1405
2018,3000,Walloon region,H,H Transportation and storage,M,Male,5,> 60 years,1016
2018,3000,Walloon region,I,I Accommodation and food service activities,F,Female,1,< 30 years,484
2018,3000,Walloon region,I,I Accommodation and food service activities,F,Female,2,30 - 39 years,1380
2018,3000,Walloon region,I,I Accommodation and food service activities,F,Female,3,40 - 49 years,1912
2018,3000,Walloon region,I,I Accommodation and food service activities,F,Female,4,50 - 59 years,1696
2018,3000,Walloon region,I,I Accommodation and food service activities,F,Female,5,> 60 years,1013
2018,3000,Walloon region,I,I Accommodation and food service activities,M,Male,1,< 30 years,1122
2018,3000,Walloon region,I,I Accommodation and food service activities,M,Male,2,30 - 39 years,2983
2018,3000,Walloon region,I,I Accommodation and food service activities,M,Male,3,40 - 49 years,4198
2018,3000,Walloon region,I,I Accommodation and food service activities,M,Male,4,50 - 59 years,3705
2018,3000,Walloon region,I,I Accommodation and food service activities,M,Male,5,> 60 years,2124
2018,3000,Walloon region,J,J Information and communication,F,Female,1,< 30 years,126
2018,3000,Walloon region,J,J Information and communication,F,Female,2,30 - 39 years,478
2018,3000,Walloon region,J,J Information and communication,F,Female,3,40 - 49 years,541
2018,3000,Walloon region,J,J Information and communication,F,Female,4,50 - 59 years,444
2018,3000,Walloon region,J,J Information and communication,F,Female,5,> 60 years,200
2018,3000,Walloon region,J,J Information and communication,M,Male,1,< 30 years,745
2018,3000,Walloon region,J,J Information and communication,M,Male,2,30 - 39 years,2820
2018,3000,Walloon region,J,J Information and communication,M,Male,3,40 - 49 years,3567
2018,3000,Walloon region,J,J Information and communication,M,Male,4,50 - 59 years,2588
2018,3000,Walloon region,J,J Information and communication,M,Male,5,> 60 years,1419
2018,3000,Walloon region,K,K Financial and insurance activities,F,Female,1,< 30 years,59
2018,3000,Walloon region,K,K Financial and insurance activities,F,Female,2,30 - 39 years,222
2018,3000,Walloon region,K,K Financial and insurance activities,F,Female,3,40 - 49 years,401
2018,3000,Walloon region,K,K Financial and insurance activities,F,Female,4,50 - 59 years,359
2018,3000,Walloon region,K,K Financial and insurance activities,F,Female,5,> 60 years,274
2018,3000,Walloon region,K,K Financial and insurance activities,M,Male,1,< 30 years,189
2018,3000,Walloon region,K,K Financial and insurance activities,M,Male,2,30 - 39 years,760
2018,3000,Walloon region,K,K Financial and insurance activities,M,Male,3,40 - 49 years,1392
2018,3000,Walloon region,K,K Financial and insurance activities,M,Male,4,50 - 59 years,1770
2018,3000,Walloon region,K,K Financial and insurance activities,M,Male,5,> 60 years,1631
2018,3000,Walloon region,L,L Real estate activities,F,Female,1,< 30 years,281
2018,3000,Walloon region,L,L Real estate activities,F,Female,2,30 - 39 years,640
2018,3000,Walloon region,L,L Real estate activities,F,Female,3,40 - 49 years,861
2018,3000,Walloon region,L,L Real estate activities,F,Female,4,50 - 59 years,887
2018,3000,Walloon region,L,L Real estate activities,F,Female,5,> 60 years,698
2018,3000,Walloon region,L,L Real estate activities,M,Male,1,< 30 years,499
2018,3000,Walloon region,L,L Real estate activities,M,Male,2,30 - 39 years,1446
2018,3000,Walloon region,L,L Real estate activities,M,Male,3,40 - 49 years,2303
2018,3000,Walloon region,L,L Real estate activities,M,Male,4,50 - 59 years,2698
2018,3000,Walloon region,L,L Real estate activities,M,Male,5,> 60 years,2442
2018,3000,Walloon region,M,"M Professional, scientific and technical activities",F,Female,1,< 30 years,2122
2018,3000,Walloon region,M,"M Professional, scientific and technical activities",F,Female,2,30 - 39 years,4217
2018,3000,Walloon region,M,"M Professional, scientific and technical activities",F,Female,3,40 - 49 years,4442
2018,3000,Walloon region,M,"M Professional, scientific and technical activities",F,Female,4,50 - 59 years,3160
2018,3000,Walloon region,M,"M Professional, scientific and technical activities",F,Female,5,> 60 years,1666
2018,3000,Walloon region,M,"M Professional, scientific and technical activities",M,Male,1,< 30 years,2014
2018,3000,Walloon region,M,"M Professional, scientific and technical activities",M,Male,2,30 - 39 years,6658
2018,3000,Walloon region,M,"M Professional, scientific and technical activities",M,Male,3,40 - 49 years,9884
2018,3000,Walloon region,M,"M Professional, scientific and technical activities",M,Male,4,50 - 59 years,10036
2018,3000,Walloon region,M,"M Professional, scientific and technical activities",M,Male,5,> 60 years,8699
2018,3000,Walloon region,N,N Administrative and support service activities,F,Female,1,< 30 years,302
2018,3000,Walloon region,N,N Administrative and support service activities,F,Female,2,30 - 39 years,967
2018,3000,Walloon region,N,N Administrative and support service activities,F,Female,3,40 - 49 years,1446
2018,3000,Walloon region,N,N Administrative and support service activities,F,Female,4,50 - 59 years,1252
2018,3000,Walloon region,N,N Administrative and support service activities,F,Female,5,> 60 years,694
2018,3000,Walloon region,N,N Administrative and support service activities,M,Male,1,< 30 years,1524
2018,3000,Walloon region,N,N Administrative and support service activities,M,Male,2,30 - 39 years,3374
2018,3000,Walloon region,N,N Administrative and support service activities,M,Male,3,40 - 49 years,4118
2018,3000,Walloon region,N,N Administrative and support service activities,M,Male,4,50 - 59 years,3730
2018,3000,Walloon region,N,N Administrative and support service activities,M,Male,5,> 60 years,2574
2018,3000,Walloon region,O,O Public administration and defence/ compulsory social security,F,Female,1,< 30 years,1
2018,3000,Walloon region,O,O Public administration and defence/ compulsory social security,F,Female,2,30 - 39 years,17
2018,3000,Walloon region,O,O Public administration and defence/ compulsory social security,F,Female,3,40 - 49 years,44
2018,3000,Walloon region,O,O Public administration and defence/ compulsory social security,F,Female,4,50 - 59 years,33
2018,3000,Walloon region,O,O Public administration and defence/ compulsory social security,F,Female,5,> 60 years,31
2018,3000,Walloon region,O,O Public administration and defence/ compulsory social security,M,Male,1,< 30 years,4
2018,3000,Walloon region,O,O Public administration and defence/ compulsory social security,M,Male,2,30 - 39 years,13
2018,3000,Walloon region,O,O Public administration and defence/ compulsory social security,M,Male,3,40 - 49 years,67
2018,3000,Walloon region,O,O Public administration and defence/ compulsory social security,M,Male,4,50 - 59 years,170
2018,3000,Walloon region,O,O Public administration and defence/ compulsory social security,M,Male,5,> 60 years,212
2018,3000,Walloon region,P,P Education,F,Female,1,< 30 years,352
2018,3000,Walloon region,P,P Education,F,Female,2,30 - 39 years,917
2018,3000,Walloon region,P,P Education,F,Female,3,40 - 49 years,1098
2018,3000,Walloon region,P,P Education,F,Female,4,50 - 59 years,849
2018,3000,Walloon region,P,P Education,F,Female,5,> 60 years,399
2018,3000,Walloon region,P,P Education,M,Male,1,< 30 years,436
2018,3000,Walloon region,P,P Education,M,Male,2,30 - 39 years,1028
2018,3000,Walloon region,P,P Education,M,Male,3,40 - 49 years,1336
2018,3000,Walloon region,P,P Education,M,Male,4,50 - 59 years,1243
2018,3000,Walloon region,P,P Education,M,Male,5,> 60 years,1104
2018,3000,Walloon region,Q,Q Human health and social work activities,F,Female,1,< 30 years,4407
2018,3000,Walloon region,Q,Q Human health and social work activities,F,Female,2,30 - 39 years,7357
2018,3000,Walloon region,Q,Q Human health and social work activities,F,Female,3,40 - 49 years,7858
2018,3000,Walloon region,Q,Q Human health and social work activities,F,Female,4,50 - 59 years,6169
2018,3000,Walloon region,Q,Q Human health and social work activities,F,Female,5,> 60 years,3392
2018,3000,Walloon region,Q,Q Human health and social work activities,M,Male,1,< 30 years,1366
2018,3000,Walloon region,Q,Q Human health and social work activities,M,Male,2,30 - 39 years,2752
2018,3000,Walloon region,Q,Q Human health and social work activities,M,Male,3,40 - 49 years,4299
2018,3000,Walloon region,Q,Q Human health and social work activities,M,Male,4,50 - 59 years,5204
2018,3000,Walloon region,Q,Q Human health and social work activities,M,Male,5,> 60 years,6477
2018,3000,Walloon region,R,"R Arts, entertainment and recreation",F,Female,1,< 30 years,264
2018,3000,Walloon region,R,"R Arts, entertainment and recreation",F,Female,2,30 - 39 years,827
2018,3000,Walloon region,R,"R Arts, entertainment and recreation",F,Female,3,40 - 49 years,1079
2018,3000,Walloon region,R,"R Arts, entertainment and recreation",F,Female,4,50 - 59 years,890
2018,3000,Walloon region,R,"R Arts, entertainment and recreation",F,Female,5,> 60 years,607
2018,3000,Walloon region,R,"R Arts, entertainment and recreation",M,Male,1,< 30 years,719
2018,3000,Walloon region,R,"R Arts, entertainment and recreation",M,Male,2,30 - 39 years,1818
2018,3000,Walloon region,R,"R Arts, entertainment and recreation",M,Male,3,40 - 49 years,2760
2018,3000,Walloon region,R,"R Arts, entertainment and recreation",M,Male,4,50 - 59 years,2728
2018,3000,Walloon region,R,"R Arts, entertainment and recreation",M,Male,5,> 60 years,2226
2018,3000,Walloon region,S,S Other service activities,F,Female,1,< 30 years,2123
2018,3000,Walloon region,S,S Other service activities,F,Female,2,30 - 39 years,4334
2018,3000,Walloon region,S,S Other service activities,F,Female,3,40 - 49 years,5188
2018,3000,Walloon region,S,S Other service activities,F,Female,4,50 - 59 years,4452
2018,3000,Walloon region,S,S Other service activities,F,Female,5,> 60 years,2771
2018,3000,Walloon region,S,S Other service activities,M,Male,1,< 30 years,885
2018,3000,Walloon region,S,S Other service activities,M,Male,2,30 - 39 years,3350
2018,3000,Walloon region,S,S Other service activities,M,Male,3,40 - 49 years,5659
2018,3000,Walloon region,S,S Other service activities,M,Male,4,50 - 59 years,6673
2018,3000,Walloon region,S,S Other service activities,M,Male,5,> 60 years,6569
2018,3000,Walloon region,T,T Activities of households as employers/ undifferentiated goods- and services-producing activities of households for own use,F,Female,1,< 30 years,2
2018,3000,Walloon region,T,T Activities of households as employers/ undifferentiated goods- and services-producing activities of households for own use,F,Female,2,30 - 39 years,4
2018,3000,Walloon region,T,T Activities of households as employers/ undifferentiated goods- and services-producing activities of households for own use,F,Female,3,40 - 49 years,9
2018,3000,Walloon region,T,T Activities of households as employers/ undifferentiated goods- and services-producing activities of households for own use,F,Female,4,50 - 59 years,8
2018,3000,Walloon region,T,T Activities of households as employers/ undifferentiated goods- and services-producing activities of households for own use,F,Female,5,> 60 years,7
2018,3000,Walloon region,T,T Activities of households as employers/ undifferentiated goods- and services-producing activities of households for own use,M,Male,1,< 30 years,3
2018,3000,Walloon region,T,T Activities of households as employers/ undifferentiated goods- and services-producing activities of households for own use,M,Male,2,30 - 39 years,11
2018,3000,Walloon region,T,T Activities of households as employers/ undifferentiated goods- and services-producing activities of households for own use,M,Male,3,40 - 49 years,19
2018,3000,Walloon region,T,T Activities of households as employers/ undifferentiated goods- and services-producing activities of households for own use,M,Male,4,50 - 59 years,16
2018,3000,Walloon region,T,T Activities of households as employers/ undifferentiated goods- and services-producing activities of households for own use,M,Male,5,> 60 years,52
2018,3000,Walloon region,X,Unkown economic activity,F,Female,1,< 30 years,55
2018,3000,Walloon region,X,Unkown economic activity,F,Female,2,30 - 39 years,19
2018,3000,Walloon region,X,Unkown economic activity,F,Female,3,40 - 49 years,10
2018,3000,Walloon region,X,Unkown economic activity,F,Female,4,50 - 59 years,1
2018,3000,Walloon region,X,Unkown economic activity,F,Female,5,> 60 years,2
2018,3000,Walloon region,X,Unkown economic activity,M,Male,1,< 30 years,20
2018,3000,Walloon region,X,Unkown economic activity,M,Male,2,30 - 39 years,10
2018,3000,Walloon region,X,Unkown economic activity,M,Male,3,40 - 49 years,8
2018,3000,Walloon region,X,Unkown economic activity,M,Male,4,50 - 59 years,6
2018,3000,Walloon region,X,Unkown economic activity,M,Male,5,> 60 years,4
2018,4000,Brussels-Capital region,A,"A Agriculture, forestry and fishing",F,Female,1,< 30 years,8
2018,4000,Brussels-Capital region,A,"A Agriculture, forestry and fishing",F,Female,2,30 - 39 years,17
2018,4000,Brussels-Capital region,A,"A Agriculture, forestry and fishing",F,Female,3,40 - 49 years,20
2018,4000,Brussels-Capital region,A,"A Agriculture, forestry and fishing",F,Female,4,50 - 59 years,30
2018,4000,Brussels-Capital region,A,"A Agriculture, forestry and fishing",F,Female,5,> 60 years,21
2018,4000,Brussels-Capital region,A,"A Agriculture, forestry and fishing",M,Male,1,< 30 years,24
2018,4000,Brussels-Capital region,A,"A Agriculture, forestry and fishing",M,Male,2,30 - 39 years,77
2018,4000,Brussels-Capital region,A,"A Agriculture, forestry and fishing",M,Male,3,40 - 49 years,68
2018,4000,Brussels-Capital region,A,"A Agriculture, forestry and fishing",M,Male,4,50 - 59 years,70
2018,4000,Brussels-Capital region,A,"A Agriculture, forestry and fishing",M,Male,5,> 60 years,73
2018,4000,Brussels-Capital region,B,B Mining and quarrying,F,Female,3,40 - 49 years,1
2018,4000,Brussels-Capital region,B,B Mining and quarrying,M,Male,1,< 30 years,1
2018,4000,Brussels-Capital region,B,B Mining and quarrying,M,Male,3,40 - 49 years,3
2018,4000,Brussels-Capital region,B,B Mining and quarrying,M,Male,4,50 - 59 years,3
2018,4000,Brussels-Capital region,B,B Mining and quarrying,M,Male,5,> 60 years,4
2018,4000,Brussels-Capital region,C,C Manufacturing,F,Female,1,< 30 years,60
2018,4000,Brussels-Capital region,C,C Manufacturing,F,Female,2,30 - 39 years,191
2018,4000,Brussels-Capital region,C,C Manufacturing,F,Female,3,40 - 49 years,256
2018,4000,Brussels-Capital region,C,C Manufacturing,F,Female,4,50 - 59 years,216
2018,4000,Brussels-Capital region,C,C Manufacturing,F,Female,5,> 60 years,146
2018,4000,Brussels-Capital region,C,C Manufacturing,M,Male,1,< 30 years,177
2018,4000,Brussels-Capital region,C,C Manufacturing,M,Male,2,30 - 39 years,642
2018,4000,Brussels-Capital region,C,C Manufacturing,M,Male,3,40 - 49 years,841
2018,4000,Brussels-Capital region,C,C Manufacturing,M,Male,4,50 - 59 years,835
2018,4000,Brussels-Capital region,C,C Manufacturing,M,Male,5,> 60 years,595
2018,4000,Brussels-Capital region,D,"D Electricity, gas, steam and air conditioning supply",F,Female,1,< 30 years,4
2018,4000,Brussels-Capital region,D,"D Electricity, gas, steam and air conditioning supply",F,Female,2,30 - 39 years,3
2018,4000,Brussels-Capital region,D,"D Electricity, gas, steam and air conditioning supply",F,Female,3,40 - 49 years,6
2018,4000,Brussels-Capital region,D,"D Electricity, gas, steam and air conditioning supply",F,Female,4,50 - 59 years,12
2018,4000,Brussels-Capital region,D,"D Electricity, gas, steam and air conditioning supply",F,Female,5,> 60 years,4
2018,4000,Brussels-Capital region,D,"D Electricity, gas, steam and air conditioning supply",M,Male,1,< 30 years,7
2018,4000,Brussels-Capital region,D,"D Electricity, gas, steam and air conditioning supply",M,Male,2,30 - 39 years,15
2018,4000,Brussels-Capital region,D,"D Electricity, gas, steam and air conditioning supply",M,Male,3,40 - 49 years,48
2018,4000,Brussels-Capital region,D,"D Electricity, gas, steam and air conditioning supply",M,Male,4,50 - 59 years,63
2018,4000,Brussels-Capital region,D,"D Electricity, gas, steam and air conditioning supply",M,Male,5,> 60 years,46
2018,4000,Brussels-Capital region,E,"E Water supply/ sewerage, waste management and remediation activities",F,Female,1,< 30 years,1
2018,4000,Brussels-Capital region,E,"E Water supply/ sewerage, waste management and remediation activities",F,Female,2,30 - 39 years,2
2018,4000,Brussels-Capital region,E,"E Water supply/ sewerage, waste management and remediation activities",F,Female,3,40 - 49 years,6
2018,4000,Brussels-Capital region,E,"E Water supply/ sewerage, waste management and remediation activities",F,Female,4,50 - 59 years,8
2018,4000,Brussels-Capital region,E,"E Water supply/ sewerage, waste management and remediation activities",F,Female,5,> 60 years,4
2018,4000,Brussels-Capital region,E,"E Water supply/ sewerage, waste management and remediation activities",M,Male,1,< 30 years,6
2018,4000,Brussels-Capital region,E,"E Water supply/ sewerage, waste management and remediation activities",M,Male,2,30 - 39 years,16
2018,4000,Brussels-Capital region,E,"E Water supply/ sewerage, waste management and remediation activities",M,Male,3,40 - 49 years,18
2018,4000,Brussels-Capital region,E,"E Water supply/ sewerage, waste management and remediation activities",M,Male,4,50 - 59 years,23
2018,4000,Brussels-Capital region,E,"E Water supply/ sewerage, waste management and remediation activities",M,Male,5,> 60 years,29
2018,4000,Brussels-Capital region,F,F Construction,F,Female,1,< 30 years,100
2018,4000,Brussels-Capital region,F,F Construction,F,Female,2,30 - 39 years,312
2018,4000,Brussels-Capital region,F,F Construction,F,Female,3,40 - 49 years,339
2018,4000,Brussels-Capital region,F,F Construction,F,Female,4,50 - 59 years,231
2018,4000,Brussels-Capital region,F,F Construction,F,Female,5,> 60 years,141
2018,4000,Brussels-Capital region,F,F Construction,M,Male,1,< 30 years,1483
2018,4000,Brussels-Capital region,F,F Construction,M,Male,2,30 - 39 years,4222
2018,4000,Brussels-Capital region,F,F Construction,M,Male,3,40 - 49 years,4899
2018,4000,Brussels-Capital region,F,F Construction,M,Male,4,50 - 59 years,3162
2018,4000,Brussels-Capital region,F,F Construction,M,Male,5,> 60 years,1382
2018,4000,Brussels-Capital region,G,G Wholesale and retail trade/ repair of motor vehicles and motorcycles,F,Female,1,< 30 years,294
2018,4000,Brussels-Capital region,G,G Wholesale and retail trade/ repair of motor vehicles and motorcycles,F,Female,2,30 - 39 years,1013
2018,4000,Brussels-Capital region,G,G Wholesale and retail trade/ repair of motor vehicles and motorcycles,F,Female,3,40 - 49 years,1245
2018,4000,Brussels-Capital region,G,G Wholesale and retail trade/ repair of motor vehicles and motorcycles,F,Female,4,50 - 59 years,1257
2018,4000,Brussels-Capital region,G,G Wholesale and retail trade/ repair of motor vehicles and motorcycles,F,Female,5,> 60 years,825
2018,4000,Brussels-Capital region,G,G Wholesale and retail trade/ repair of motor vehicles and motorcycles,M,Male,1,< 30 years,1050
2018,4000,Brussels-Capital region,G,G Wholesale and retail trade/ repair of motor vehicles and motorcycles,M,Male,2,30 - 39 years,3492
2018,4000,Brussels-Capital region,G,G Wholesale and retail trade/ repair of motor vehicles and motorcycles,M,Male,3,40 - 49 years,4705
2018,4000,Brussels-Capital region,G,G Wholesale and retail trade/ repair of motor vehicles and motorcycles,M,Male,4,50 - 59 years,4277
2018,4000,Brussels-Capital region,G,G Wholesale and retail trade/ repair of motor vehicles and motorcycles,M,Male,5,> 60 years,2913
2018,4000,Brussels-Capital region,H,H Transportation and storage,F,Female,1,< 30 years,63
2018,4000,Brussels-Capital region,H,H Transportation and storage,F,Female,2,30 - 39 years,115
2018,4000,Brussels-Capital region,H,H Transportation and storage,F,Female,3,40 - 49 years,118
2018,4000,Brussels-Capital region,H,H Transportation and storage,F,Female,4,50 - 59 years,94
2018,4000,Brussels-Capital region,H,H Transportation and storage,F,Female,5,> 60 years,40
2018,4000,Brussels-Capital region,H,H Transportation and storage,M,Male,1,< 30 years,774
2018,4000,Brussels-Capital region,H,H Transportation and storage,M,Male,2,30 - 39 years,1424
2018,4000,Brussels-Capital region,H,H Transportation and storage,M,Male,3,40 - 49 years,1314
2018,4000,Brussels-Capital region,H,H Transportation and storage,M,Male,4,50 - 59 years,769
2018,4000,Brussels-Capital region,H,H Transportation and storage,M,Male,5,> 60 years,426
2018,4000,Brussels-Capital region,I,I Accommodation and food service activities,F,Female,1,< 30 years,222
2018,4000,Brussels-Capital region,I,I Accommodation and food service activities,F,Female,2,30 - 39 years,611
2018,4000,Brussels-Capital region,I,I Accommodation and food service activities,F,Female,3,40 - 49 years,642
2018,4000,Brussels-Capital region,I,I Accommodation and food service activities,F,Female,4,50 - 59 years,462
2018,4000,Brussels-Capital region,I,I Accommodation and food service activities,F,Female,5,> 60 years,247
2018,4000,Brussels-Capital region,I,I Accommodation and food service activities,M,Male,1,< 30 years,690
2018,4000,Brussels-Capital region,I,I Accommodation and food service activities,M,Male,2,30 - 39 years,1918
2018,4000,Brussels-Capital region,I,I Accommodation and food service activities,M,Male,3,40 - 49 years,2266
2018,4000,Brussels-Capital region,I,I Accommodation and food service activities,M,Male,4,50 - 59 years,1678
2018,4000,Brussels-Capital region,I,I Accommodation and food service activities,M,Male,5,> 60 years,890
2018,4000,Brussels-Capital region,J,J Information and communication,F,Female,1,< 30 years,95
2018,4000,Brussels-Capital region,J,J Information and communication,F,Female,2,30 - 39 years,388
2018,4000,Brussels-Capital region,J,J Information and communication,F,Female,3,40 - 49 years,454
2018,4000,Brussels-Capital region,J,J Information and communication,F,Female,4,50 - 59 years,309
2018,4000,Brussels-Capital region,J,J Information and communication,F,Female,5,> 60 years,206
2018,4000,Brussels-Capital region,J,J Information and communication,M,Male,1,< 30 years,473
2018,4000,Brussels-Capital region,J,J Information and communication,M,Male,2,30 - 39 years,2315
2018,4000,Brussels-Capital region,J,J Information and communication,M,Male,3,40 - 49 years,2636
2018,4000,Brussels-Capital region,J,J Information and communication,M,Male,4,50 - 59 years,1789
2018,4000,Brussels-Capital region,J,J Information and communication,M,Male,5,> 60 years,1052
2018,4000,Brussels-Capital region,K,K Financial and insurance activities,F,Female,1,< 30 years,25
2018,4000,Brussels-Capital region,K,K Financial and insurance activities,F,Female,2,30 - 39 years,73
2018,4000,Brussels-Capital region,K,K Financial and insurance activities,F,Female,3,40 - 49 years,177
2018,4000,Brussels-Capital region,K,K Financial and insurance activities,F,Female,4,50 - 59 years,232
2018,4000,Brussels-Capital region,K,K Financial and insurance activities,F,Female,5,> 60 years,179
2018,4000,Brussels-Capital region,K,K Financial and insurance activities,M,Male,1,< 30 years,46
2018,4000,Brussels-Capital region,K,K Financial and insurance activities,M,Male,2,30 - 39 years,261
2018,4000,Brussels-Capital region,K,K Financial and insurance activities,M,Male,3,40 - 49 years,807
2018,4000,Brussels-Capital region,K,K Financial and insurance activities,M,Male,4,50 - 59 years,1298
2018,4000,Brussels-Capital region,K,K Financial and insurance activities,M,Male,5,> 60 years,1261
2018,4000,Brussels-Capital region,L,L Real estate activities,F,Female,1,< 30 years,85
2018,4000,Brussels-Capital region,L,L Real estate activities,F,Female,2,30 - 39 years,332
2018,4000,Brussels-Capital region,L,L Real estate activities,F,Female,3,40 - 49 years,526
2018,4000,Brussels-Capital region,L,L Real estate activities,F,Female,4,50 - 59 years,588
2018,4000,Brussels-Capital region,L,L Real estate activities,F,Female,5,> 60 years,485
2018,4000,Brussels-Capital region,L,L Real estate activities,M,Male,1,< 30 years,209
2018,4000,Brussels-Capital region,L,L Real estate activities,M,Male,2,30 - 39 years,972
2018,4000,Brussels-Capital region,L,L Real estate activities,M,Male,3,40 - 49 years,1532
2018,4000,Brussels-Capital region,L,L Real estate activities,M,Male,4,50 - 59 years,1933
2018,4000,Brussels-Capital region,L,L Real estate activities,M,Male,5,> 60 years,1838
2018,4000,Brussels-Capital region,M,"M Professional, scientific and technical activities",F,Female,1,< 30 years,1594
2018,4000,Brussels-Capital region,M,"M Professional, scientific and technical activities",F,Female,2,30 - 39 years,2870
2018,4000,Brussels-Capital region,M,"M Professional, scientific and technical activities",F,Female,3,40 - 49 years,2754
2018,4000,Brussels-Capital region,M,"M Professional, scientific and technical activities",F,Female,4,50 - 59 years,2239
2018,4000,Brussels-Capital region,M,"M Professional, scientific and technical activities",F,Female,5,> 60 years,1220
2018,4000,Brussels-Capital region,M,"M Professional, scientific and technical activities",M,Male,1,< 30 years,1406
2018,4000,Brussels-Capital region,M,"M Professional, scientific and technical activities",M,Male,2,30 - 39 years,4859
2018,4000,Brussels-Capital region,M,"M Professional, scientific and technical activities",M,Male,3,40 - 49 years,6427
2018,4000,Brussels-Capital region,M,"M Professional, scientific and technical activities",M,Male,4,50 - 59 years,6175
2018,4000,Brussels-Capital region,M,"M Professional, scientific and technical activities",M,Male,5,> 60 years,5243
2018,4000,Brussels-Capital region,N,N Administrative and support service activities,F,Female,1,< 30 years,168
2018,4000,Brussels-Capital region,N,N Administrative and support service activities,F,Female,2,30 - 39 years,482
2018,4000,Brussels-Capital region,N,N Administrative and support service activities,F,Female,3,40 - 49 years,711
2018,4000,Brussels-Capital region,N,N Administrative and support service activities,F,Female,4,50 - 59 years,551
2018,4000,Brussels-Capital region,N,N Administrative and support service activities,F,Female,5,> 60 years,301
2018,4000,Brussels-Capital region,N,N Administrative and support service activities,M,Male,1,< 30 years,417
2018,4000,Brussels-Capital region,N,N Administrative and support service activities,M,Male,2,30 - 39 years,1398
2018,4000,Brussels-Capital region,N,N Administrative and support service activities,M,Male,3,40 - 49 years,1953
2018,4000,Brussels-Capital region,N,N Administrative and support service activities,M,Male,4,50 - 59 years,1600
2018,4000,Brussels-Capital region,N,N Administrative and support service activities,M,Male,5,> 60 years,1041
2018,4000,Brussels-Capital region,O,O Public administration and defence/ compulsory social security,F,Female,1,< 30 years,5
2018,4000,Brussels-Capital region,O,O Public administration and defence/ compulsory social security,F,Female,2,30 - 39 years,11
2018,4000,Brussels-Capital region,O,O Public administration and defence/ compulsory social security,F,Female,3,40 - 49 years,14
2018,4000,Brussels-Capital region,O,O Public administration and defence/ compulsory social security,F,Female,4,50 - 59 years,28
2018,4000,Brussels-Capital region,O,O Public administration and defence/ compulsory social security,F,Female,5,> 60 years,22
2018,4000,Brussels-Capital region,O,O Public administration and defence/ compulsory social security,M,Male,1,< 30 years,1
2018,4000,Brussels-Capital region,O,O Public administration and defence/ compulsory social security,M,Male,2,30 - 39 years,9
2018,4000,Brussels-Capital region,O,O Public administration and defence/ compulsory social security,M,Male,3,40 - 49 years,60
2018,4000,Brussels-Capital region,O,O Public administration and defence/ compulsory social security,M,Male,4,50 - 59 years,90
2018,4000,Brussels-Capital region,O,O Public administration and defence/ compulsory social security,M,Male,5,> 60 years,133
2018,4000,Brussels-Capital region,P,P Education,F,Female,1,< 30 years,107
2018,4000,Brussels-Capital region,P,P Education,F,Female,2,30 - 39 years,367
2018,4000,Brussels-Capital region,P,P Education,F,Female,3,40 - 49 years,437
2018,4000,Brussels-Capital region,P,P Education,F,Female,4,50 - 59 years,383
2018,4000,Brussels-Capital region,P,P Education,F,Female,5,> 60 years,236
2018,4000,Brussels-Capital region,P,P Education,M,Male,1,< 30 years,151
2018,4000,Brussels-Capital region,P,P Education,M,Male,2,30 - 39 years,438
2018,4000,Brussels-Capital region,P,P Education,M,Male,3,40 - 49 years,571
2018,4000,Brussels-Capital region,P,P Education,M,Male,4,50 - 59 years,613
2018,4000,Brussels-Capital region,P,P Education,M,Male,5,> 60 years,578
2018,4000,Brussels-Capital region,Q,Q Human health and social work activities,F,Female,1,< 30 years,938
2018,4000,Brussels-Capital region,Q,Q Human health and social work activities,F,Female,2,30 - 39 years,1890
2018,4000,Brussels-Capital region,Q,Q Human health and social work activities,F,Female,3,40 - 49 years,1851
2018,4000,Brussels-Capital region,Q,Q Human health and social work activities,F,Female,4,50 - 59 years,1633
2018,4000,Brussels-Capital region,Q,Q Human health and social work activities,F,Female,5,> 60 years,1290
2018,4000,Brussels-Capital region,Q,Q Human health and social work activities,M,Male,1,< 30 years,438
2018,4000,Brussels-Capital region,Q,Q Human health and social work activities,M,Male,2,30 - 39 years,1140
2018,4000,Brussels-Capital region,Q,Q Human health and social work activities,M,Male,3,40 - 49 years,1295
2018,4000,Brussels-Capital region,Q,Q Human health and social work activities,M,Male,4,50 - 59 years,1809
2018,4000,Brussels-Capital region,Q,Q Human health and social work activities,M,Male,5,> 60 years,2513
2018,4000,Brussels-Capital region,R,"R Arts, entertainment and recreation",F,Female,1,< 30 years,127
2018,4000,Brussels-Capital region,R,"R Arts, entertainment and recreation",F,Female,2,30 - 39 years,407
2018,4000,Brussels-Capital region,R,"R Arts, entertainment and recreation",F,Female,3,40 - 49 years,453
2018,4000,Brussels-Capital region,R,"R Arts, entertainment and recreation",F,Female,4,50 - 59 years,405
2018,4000,Brussels-Capital region,R,"R Arts, entertainment and recreation",F,Female,5,> 60 years,247
2018,4000,Brussels-Capital region,R,"R Arts, entertainment and recreation",M,Male,1,< 30 years,234
2018,4000,Brussels-Capital region,R,"R Arts, entertainment and recreation",M,Male,2,30 - 39 years,887
2018,4000,Brussels-Capital region,R,"R Arts, entertainment and recreation",M,Male,3,40 - 49 years,1072
2018,4000,Brussels-Capital region,R,"R Arts, entertainment and recreation",M,Male,4,50 - 59 years,1183
2018,4000,Brussels-Capital region,R,"R Arts, entertainment and recreation",M,Male,5,> 60 years,1000
2018,4000,Brussels-Capital region,S,S Other service activities,F,Female,1,< 30 years,368
2018,4000,Brussels-Capital region,S,S Other service activities,F,Female,2,30 - 39 years,1243
2018,4000,Brussels-Capital region,S,S Other service activities,F,Female,3,40 - 49 years,1667
2018,4000,Brussels-Capital region,S,S Other service activities,F,Female,4,50 - 59 years,1666
2018,4000,Brussels-Capital region,S,S Other service activities,F,Female,5,> 60 years,1074
2018,4000,Brussels-Capital region,S,S Other service activities,M,Male,1,< 30 years,436
2018,4000,Brussels-Capital region,S,S Other service activities,M,Male,2,30 - 39 years,2030
2018,4000,Brussels-Capital region,S,S Other service activities,M,Male,3,40 - 49 years,3615
2018,4000,Brussels-Capital region,S,S Other service activities,M,Male,4,50 - 59 years,4544
2018,4000,Brussels-Capital region,S,S Other service activities,M,Male,5,> 60 years,4380
2018,4000,Brussels-Capital region,T,T Activities of households as employers/ undifferentiated goods- and services-producing activities of households for own use,F,Female,2,30 - 39 years,6
2018,4000,Brussels-Capital region,T,T Activities of households as employers/ undifferentiated goods- and services-producing activities of households for own use,F,Female,3,40 - 49 years,13
2018,4000,Brussels-Capital region,T,T Activities of households as employers/ undifferentiated goods- and services-producing activities of households for own use,F,Female,4,50 - 59 years,9
2018,4000,Brussels-Capital region,T,T Activities of households as employers/ undifferentiated goods- and services-producing activities of households for own use,F,Female,5,> 60 years,12
2018,4000,Brussels-Capital region,T,T Activities of households as employers/ undifferentiated goods- and services-producing activities of households for own use,M,Male,1,< 30 years,1
2018,4000,Brussels-Capital region,T,T Activities of households as employers/ undifferentiated goods- and services-producing activities of households for own use,M,Male,2,30 - 39 years,11
2018,4000,Brussels-Capital region,T,T Activities of households as employers/ undifferentiated goods- and services-producing activities of households for own use,M,Male,3,40 - 49 years,24
2018,4000,Brussels-Capital region,T,T Activities of households as employers/ undifferentiated goods- and services-producing activities of households for own use,M,Male,4,50 - 59 years,35
2018,4000,Brussels-Capital region,T,T Activities of households as employers/ undifferentiated goods- and services-producing activities of households for own use,M,Male,5,> 60 years,39
2018,4000,Brussels-Capital region,U,U Activities of extraterritorial organisations and bodies,F,Female,2,30 - 39 years,1
2018,4000,Brussels-Capital region,U,U Activities of extraterritorial organisations and bodies,F,Female,4,50 - 59 years,1
2018,4000,Brussels-Capital region,U,U Activities of extraterritorial organisations and bodies,F,Female,5,> 60 years,1
2018,4000,Brussels-Capital region,U,U Activities of extraterritorial organisations and bodies,M,Male,2,30 - 39 years,2
2018,4000,Brussels-Capital region,U,U Activities of extraterritorial organisations and bodies,M,Male,4,50 - 59 years,4
2018,4000,Brussels-Capital region,U,U Activities of extraterritorial organisations and bodies,M,Male,5,> 60 years,7
2018,4000,Brussels-Capital region,X,Unkown economic activity,F,Female,1,< 30 years,50
2018,4000,Brussels-Capital region,X,Unkown economic activity,F,Female,2,30 - 39 years,14
2018,4000,Brussels-Capital region,X,Unkown economic activity,F,Female,3,40 - 49 years,2
2018,4000,Brussels-Capital region,X,Unkown economic activity,F,Female,4,50 - 59 years,4
2018,4000,Brussels-Capital region,X,Unkown economic activity,F,Female,5,> 60 years,2
2018,4000,Brussels-Capital region,X,Unkown economic activity,M,Male,1,< 30 years,43
2018,4000,Brussels-Capital region,X,Unkown economic activity,M,Male,2,30 - 39 years,10
2018,4000,Brussels-Capital region,X,Unkown economic activity,M,Male,3,40 - 49 years,6
2018,4000,Brussels-Capital region,X,Unkown economic activity,M,Male,4,50 - 59 years,5
2018,4000,Brussels-Capital region,X,Unkown economic activity,M,Male,5,> 60 years,6
2019,2000,Flanders region,A,"A Agriculture, forestry and fishing",F,Female,1,< 30 years,363
2019,2000,Flanders region,A,"A Agriculture, forestry and fishing",F,Female,2,30 - 39 years,973
2019,2000,Flanders region,A,"A Agriculture, forestry and fishing",F,Female,3,40 - 49 years,1472
2019,2000,Flanders region,A,"A Agriculture, forestry and fishing",F,Female,4,50 - 59 years,2030
2019,2000,Flanders region,A,"A Agriculture, forestry and fishing",F,Female,5,> 60 years,2182
2019,2000,Flanders region,A,"A Agriculture, forestry and fishing",M,Male,1,< 30 years,1439
2019,2000,Flanders region,A,"A Agriculture, forestry and fishing",M,Male,2,30 - 39 years,3437
2019,2000,Flanders region,A,"A Agriculture, forestry and fishing",M,Male,3,40 - 49 years,4958
2019,2000,Flanders region,A,"A Agriculture, forestry and fishing",M,Male,4,50 - 59 years,7924
2019,2000,Flanders region,A,"A Agriculture, forestry and fishing",M,Male,5,> 60 years,8878
2019,2000,Flanders region,B,B Mining and quarrying,F,Female,2,30 - 39 years,1
2019,2000,Flanders region,B,B Mining and quarrying,F,Female,3,40 - 49 years,2
2019,2000,Flanders region,B,B Mining and quarrying,F,Female,4,50 - 59 years,5
2019,2000,Flanders region,B,B Mining and quarrying,F,Female,5,> 60 years,2
2019,2000,Flanders region,B,B Mining and quarrying,M,Male,1,< 30 years,1
2019,2000,Flanders region,B,B Mining and quarrying,M,Male,2,30 - 39 years,8
2019,2000,Flanders region,B,B Mining and quarrying,M,Male,3,40 - 49 years,10
2019,2000,Flanders region,B,B Mining and quarrying,M,Male,4,50 - 59 years,20
2019,2000,Flanders region,B,B Mining and quarrying,M,Male,5,> 60 years,23
2019,2000,Flanders region,C,C Manufacturing,F,Female,1,< 30 years,743
2019,2000,Flanders region,C,C Manufacturing,F,Female,2,30 - 39 years,1769
2019,2000,Flanders region,C,C Manufacturing,F,Female,3,40 - 49 years,2473
2019,2000,Flanders region,C,C Manufacturing,F,Female,4,50 - 59 years,2303
2019,2000,Flanders region,C,C Manufacturing,F,Female,5,> 60 years,1127
2019,2000,Flanders region,C,C Manufacturing,M,Male,1,< 30 years,2289
2019,2000,Flanders region,C,C Manufacturing,M,Male,2,30 - 39 years,5763
2019,2000,Flanders region,C,C Manufacturing,M,Male,3,40 - 49 years,7741
2019,2000,Flanders region,C,C Manufacturing,M,Male,4,50 - 59 years,8666
2019,2000,Flanders region,C,C Manufacturing,M,Male,5,> 60 years,5585
2019,2000,Flanders region,D,"D Electricity, gas, steam and air conditioning supply",F,Female,1,< 30 years,18
2019,2000,Flanders region,D,"D Electricity, gas, steam and air conditioning supply",F,Female,2,30 - 39 years,31
2019,2000,Flanders region,D,"D Electricity, gas, steam and air conditioning supply",F,Female,3,40 - 49 years,40
2019,2000,Flanders region,D,"D Electricity, gas, steam and air conditioning supply",F,Female,4,50 - 59 years,48
2019,2000,Flanders region,D,"D Electricity, gas, steam and air conditioning supply",F,Female,5,> 60 years,14
2019,2000,Flanders region,D,"D Electricity, gas, steam and air conditioning supply",M,Male,1,< 30 years,84
2019,2000,Flanders region,D,"D Electricity, gas, steam and air conditioning supply",M,Male,2,30 - 39 years,109
2019,2000,Flanders region,D,"D Electricity, gas, steam and air conditioning supply",M,Male,3,40 - 49 years,172
2019,2000,Flanders region,D,"D Electricity, gas, steam and air conditioning supply",M,Male,4,50 - 59 years,271
2019,2000,Flanders region,D,"D Electricity, gas, steam and air conditioning supply",M,Male,5,> 60 years,159
2019,2000,Flanders region,E,"E Water supply/ sewerage, waste management and remediation activities",F,Female,1,< 30 years,10
2019,2000,Flanders region,E,"E Water supply/ sewerage, waste management and remediation activities",F,Female,2,30 - 39 years,35
2019,2000,Flanders region,E,"E Water supply/ sewerage, waste management and remediation activities",F,Female,3,40 - 49 years,65
2019,2000,Flanders region,E,"E Water supply/ sewerage, waste management and remediation activities",F,Female,4,50 - 59 years,71
2019,2000,Flanders region,E,"E Water supply/ sewerage, waste management and remediation activities",F,Female,5,> 60 years,41
2019,2000,Flanders region,E,"E Water supply/ sewerage, waste management and remediation activities",M,Male,1,< 30 years,64
2019,2000,Flanders region,E,"E Water supply/ sewerage, waste management and remediation activities",M,Male,2,30 - 39 years,153
2019,2000,Flanders region,E,"E Water supply/ sewerage, waste management and remediation activities",M,Male,3,40 - 49 years,267
2019,2000,Flanders region,E,"E Water supply/ sewerage, waste management and remediation activities",M,Male,4,50 - 59 years,328
2019,2000,Flanders region,E,"E Water supply/ sewerage, waste management and remediation activities",M,Male,5,> 60 years,278
2019,2000,Flanders region,F,F Construction,F,Female,1,< 30 years,447
2019,2000,Flanders region,F,F Construction,F,Female,2,30 - 39 years,1733
2019,2000,Flanders region,F,F Construction,F,Female,3,40 - 49 years,2555
2019,2000,Flanders region,F,F Construction,F,Female,4,50 - 59 years,2081
2019,2000,Flanders region,F,F Construction,F,Female,5,> 60 years,964
2019,2000,Flanders region,F,F Construction,M,Male,1,< 30 years,8594
2019,2000,Flanders region,F,F Construction,M,Male,2,30 - 39 years,22081
2019,2000,Flanders region,F,F Construction,M,Male,3,40 - 49 years,25090
2019,2000,Flanders region,F,F Construction,M,Male,4,50 - 59 years,21563
2019,2000,Flanders region,F,F Construction,M,Male,5,> 60 years,11416
2019,2000,Flanders region,G,G Wholesale and retail trade/ repair of motor vehicles and motorcycles,F,Female,1,< 30 years,3053
2019,2000,Flanders region,G,G Wholesale and retail trade/ repair of motor vehicles and motorcycles,F,Female,2,30 - 39 years,7116
2019,2000,Flanders region,G,G Wholesale and retail trade/ repair of motor vehicles and motorcycles,F,Female,3,40 - 49 years,10839
2019,2000,Flanders region,G,G Wholesale and retail trade/ repair of motor vehicles and motorcycles,F,Female,4,50 - 59 years,11563
2019,2000,Flanders region,G,G Wholesale and retail trade/ repair of motor vehicles and motorcycles,F,Female,5,> 60 years,6030
2019,2000,Flanders region,G,G Wholesale and retail trade/ repair of motor vehicles and motorcycles,M,Male,1,< 30 years,6035
2019,2000,Flanders region,G,G Wholesale and retail trade/ repair of motor vehicles and motorcycles,M,Male,2,30 - 39 years,14372
2019,2000,Flanders region,G,G Wholesale and retail trade/ repair of motor vehicles and motorcycles,M,Male,3,40 - 49 years,21007
2019,2000,Flanders region,G,G Wholesale and retail trade/ repair of motor vehicles and motorcycles,M,Male,4,50 - 59 years,26557
2019,2000,Flanders region,G,G Wholesale and retail trade/ repair of motor vehicles and motorcycles,M,Male,5,> 60 years,19298
2019,2000,Flanders region,H,H Transportation and storage,F,Female,1,< 30 years,212
2019,2000,Flanders region,H,H Transportation and storage,F,Female,2,30 - 39 years,536
2019,2000,Flanders region,H,H Transportation and storage,F,Female,3,40 - 49 years,795
2019,2000,Flanders region,H,H Transportation and storage,F,Female,4,50 - 59 years,949
2019,2000,Flanders region,H,H Transportation and storage,F,Female,5,> 60 years,458
2019,2000,Flanders region,H,H Transportation and storage,M,Male,1,< 30 years,1605
2019,2000,Flanders region,H,H Transportation and storage,M,Male,2,30 - 39 years,3327
2019,2000,Flanders region,H,H Transportation and storage,M,Male,3,40 - 49 years,4001
2019,2000,Flanders region,H,H Transportation and storage,M,Male,4,50 - 59 years,4094
2019,2000,Flanders region,H,H Transportation and storage,M,Male,5,> 60 years,3012
2019,2000,Flanders region,I,I Accommodation and food service activities,F,Female,1,< 30 years,1510
2019,2000,Flanders region,I,I Accommodation and food service activities,F,Female,2,30 - 39 years,3495
2019,2000,Flanders region,I,I Accommodation and food service activities,F,Female,3,40 - 49 years,4717
2019,2000,Flanders region,I,I Accommodation and food service activities,F,Female,4,50 - 59 years,4204
2019,2000,Flanders region,I,I Accommodation and food service activities,F,Female,5,> 60 years,2187
2019,2000,Flanders region,I,I Accommodation and food service activities,M,Male,1,< 30 years,2819
2019,2000,Flanders region,I,I Accommodation and food service activities,M,Male,2,30 - 39 years,6619
2019,2000,Flanders region,I,I Accommodation and food service activities,M,Male,3,40 - 49 years,8397
2019,2000,Flanders region,I,I Accommodation and food service activities,M,Male,4,50 - 59 years,7941
2019,2000,Flanders region,I,I Accommodation and food service activities,M,Male,5,> 60 years,3978
2019,2000,Flanders region,J,J Information and communication,F,Female,1,< 30 years,464
2019,2000,Flanders region,J,J Information and communication,F,Female,2,30 - 39 years,1398
2019,2000,Flanders region,J,J Information and communication,F,Female,3,40 - 49 years,1817
2019,2000,Flanders region,J,J Information and communication,F,Female,4,50 - 59 years,1219
2019,2000,Flanders region,J,J Information and communication,F,Female,5,> 60 years,423
2019,2000,Flanders region,J,J Information and communication,M,Male,1,< 30 years,3139
2019,2000,Flanders region,J,J Information and communication,M,Male,2,30 - 39 years,8650
2019,2000,Flanders region,J,J Information and communication,M,Male,3,40 - 49 years,9620
2019,2000,Flanders region,J,J Information and communication,M,Male,4,50 - 59 years,6737
2019,2000,Flanders region,J,J Information and communication,M,Male,5,> 60 years,3270
2019,2000,Flanders region,K,K Financial and insurance activities,F,Female,1,< 30 years,102
2019,2000,Flanders region,K,K Financial and insurance activities,F,Female,2,30 - 39 years,486
2019,2000,Flanders region,K,K Financial and insurance activities,F,Female,3,40 - 49 years,1053
2019,2000,Flanders region,K,K Financial and insurance activities,F,Female,4,50 - 59 years,1429
2019,2000,Flanders region,K,K Financial and insurance activities,F,Female,5,> 60 years,914
2019,2000,Flanders region,K,K Financial and insurance activities,M,Male,1,< 30 years,288
2019,2000,Flanders region,K,K Financial and insurance activities,M,Male,2,30 - 39 years,1329
2019,2000,Flanders region,K,K Financial and insurance activities,M,Male,3,40 - 49 years,2460
2019,2000,Flanders region,K,K Financial and insurance activities,M,Male,4,50 - 59 years,4640
2019,2000,Flanders region,K,K Financial and insurance activities,M,Male,5,> 60 years,4464
2019,2000,Flanders region,L,L Real estate activities,F,Female,1,< 30 years,760
2019,2000,Flanders region,L,L Real estate activities,F,Female,2,30 - 39 years,1744
2019,2000,Flanders region,L,L Real estate activities,F,Female,3,40 - 49 years,2814
2019,2000,Flanders region,L,L Real estate activities,F,Female,4,50 - 59 years,3077
2019,2000,Flanders region,L,L Real estate activities,F,Female,5,> 60 years,2195
2019,2000,Flanders region,L,L Real estate activities,M,Male,1,< 30 years,1229
2019,2000,Flanders region,L,L Real estate activities,M,Male,2,30 - 39 years,3536
2019,2000,Flanders region,L,L Real estate activities,M,Male,3,40 - 49 years,5688
2019,2000,Flanders region,L,L Real estate activities,M,Male,4,50 - 59 years,7554
2019,2000,Flanders region,L,L Real estate activities,M,Male,5,> 60 years,6887
2019,2000,Flanders region,M,"M Professional, scientific and technical activities",F,Female,1,< 30 years,5912
2019,2000,Flanders region,M,"M Professional, scientific and technical activities",F,Female,2,30 - 39 years,11692
2019,2000,Flanders region,M,"M Professional, scientific and technical activities",F,Female,3,40 - 49 years,13748
2019,2000,Flanders region,M,"M Professional, scientific and technical activities",F,Female,4,50 - 59 years,10551
2019,2000,Flanders region,M,"M Professional, scientific and technical activities",F,Female,5,> 60 years,4344
2019,2000,Flanders region,M,"M Professional, scientific and technical activities",M,Male,1,< 30 years,6361
2019,2000,Flanders region,M,"M Professional, scientific and technical activities",M,Male,2,30 - 39 years,19756
2019,2000,Flanders region,M,"M Professional, scientific and technical activities",M,Male,3,40 - 49 years,27642
2019,2000,Flanders region,M,"M Professional, scientific and technical activities",M,Male,4,50 - 59 years,29154
2019,2000,Flanders region,M,"M Professional, scientific and technical activities",M,Male,5,> 60 years,20537
2019,2000,Flanders region,N,N Administrative and support service activities,F,Female,1,< 30 years,876
2019,2000,Flanders region,N,N Administrative and support service activities,F,Female,2,30 - 39 years,2517
2019,2000,Flanders region,N,N Administrative and support service activities,F,Female,3,40 - 49 years,3690
2019,2000,Flanders region,N,N Administrative and support service activities,F,Female,4,50 - 59 years,2984
2019,2000,Flanders region,N,N Administrative and support service activities,F,Female,5,> 60 years,1539
2019,2000,Flanders region,N,N Administrative and support service activities,M,Male,1,< 30 years,3966
2019,2000,Flanders region,N,N Administrative and support service activities,M,Male,2,30 - 39 years,8467
2019,2000,Flanders region,N,N Administrative and support service activities,M,Male,3,40 - 49 years,9499
2019,2000,Flanders region,N,N Administrative and support service activities,M,Male,4,50 - 59 years,8447
2019,2000,Flanders region,N,N Administrative and support service activities,M,Male,5,> 60 years,5848
2019,2000,Flanders region,O,O Public administration and defence/ compulsory social security,F,Female,1,< 30 years,4
2019,2000,Flanders region,O,O Public administration and defence/ compulsory social security,F,Female,2,30 - 39 years,14
2019,2000,Flanders region,O,O Public administration and defence/ compulsory social security,F,Female,3,40 - 49 years,32
2019,2000,Flanders region,O,O Public administration and defence/ compulsory social security,F,Female,4,50 - 59 years,50
2019,2000,Flanders region,O,O Public administration and defence/ compulsory social security,F,Female,5,> 60 years,31
2019,2000,Flanders region,O,O Public administration and defence/ compulsory social security,M,Male,1,< 30 years,6
2019,2000,Flanders region,O,O Public administration and defence/ compulsory social security,M,Male,2,30 - 39 years,30
2019,2000,Flanders region,O,O Public administration and defence/ compulsory social security,M,Male,3,40 - 49 years,75
2019,2000,Flanders region,O,O Public administration and defence/ compulsory social security,M,Male,4,50 - 59 years,114
2019,2000,Flanders region,O,O Public administration and defence/ compulsory social security,M,Male,5,> 60 years,176
2019,2000,Flanders region,P,P Education,F,Female,1,< 30 years,1121
2019,2000,Flanders region,P,P Education,F,Female,2,30 - 39 years,2140
2019,2000,Flanders region,P,P Education,F,Female,3,40 - 49 years,2329
2019,2000,Flanders region,P,P Education,F,Female,4,50 - 59 years,1661
2019,2000,Flanders region,P,P Education,F,Female,5,> 60 years,738
2019,2000,Flanders region,P,P Education,M,Male,1,< 30 years,1087
2019,2000,Flanders region,P,P Education,M,Male,2,30 - 39 years,1993
2019,2000,Flanders region,P,P Education,M,Male,3,40 - 49 years,2282
2019,2000,Flanders region,P,P Education,M,Male,4,50 - 59 years,2419
2019,2000,Flanders region,P,P Education,M,Male,5,> 60 years,1895
2019,2000,Flanders region,Q,Q Human health and social work activities,F,Female,1,< 30 years,8208
2019,2000,Flanders region,Q,Q Human health and social work activities,F,Female,2,30 - 39 years,12613
2019,2000,Flanders region,Q,Q Human health and social work activities,F,Female,3,40 - 49 years,12101
2019,2000,Flanders region,Q,Q Human health and social work activities,F,Female,4,50 - 59 years,9209
2019,2000,Flanders region,Q,Q Human health and social work activities,F,Female,5,> 60 years,4040
2019,2000,Flanders region,Q,Q Human health and social work activities,M,Male,1,< 30 years,2349
2019,2000,Flanders region,Q,Q Human health and social work activities,M,Male,2,30 - 39 years,4456
2019,2000,Flanders region,Q,Q Human health and social work activities,M,Male,3,40 - 49 years,6030
2019,2000,Flanders region,Q,Q Human health and social work activities,M,Male,4,50 - 59 years,7923
2019,2000,Flanders region,Q,Q Human health and social work activities,M,Male,5,> 60 years,10327
2019,2000,Flanders region,R,"R Arts, entertainment and recreation",F,Female,1,< 30 years,1093
2019,2000,Flanders region,R,"R Arts, entertainment and recreation",F,Female,2,30 - 39 years,2267
2019,2000,Flanders region,R,"R Arts, entertainment and recreation",F,Female,3,40 - 49 years,2424
2019,2000,Flanders region,R,"R Arts, entertainment and recreation",F,Female,4,50 - 59 years,1989
2019,2000,Flanders region,R,"R Arts, entertainment and recreation",F,Female,5,> 60 years,1055
2019,2000,Flanders region,R,"R Arts, entertainment and recreation",M,Male,1,< 30 years,2656
2019,2000,Flanders region,R,"R Arts, entertainment and recreation",M,Male,2,30 - 39 years,5798
2019,2000,Flanders region,R,"R Arts, entertainment and recreation",M,Male,3,40 - 49 years,7096
2019,2000,Flanders region,R,"R Arts, entertainment and recreation",M,Male,4,50 - 59 years,6870
2019,2000,Flanders region,R,"R Arts, entertainment and recreation",M,Male,5,> 60 years,4887
2019,2000,Flanders region,S,S Other service activities,F,Female,1,< 30 years,6304
2019,2000,Flanders region,S,S Other service activities,F,Female,2,30 - 39 years,9815
2019,2000,Flanders region,S,S Other service activities,F,Female,3,40 - 49 years,10752
2019,2000,Flanders region,S,S Other service activities,F,Female,4,50 - 59 years,9382
2019,2000,Flanders region,S,S Other service activities,F,Female,5,> 60 years,3902
2019,2000,Flanders region,S,S Other service activities,M,Male,1,< 30 years,2236
2019,2000,Flanders region,S,S Other service activities,M,Male,2,30 - 39 years,6322
2019,2000,Flanders region,S,S Other service activities,M,Male,3,40 - 49 years,9627
2019,2000,Flanders region,S,S Other service activities,M,Male,4,50 - 59 years,11421
2019,2000,Flanders region,S,S Other service activities,M,Male,5,> 60 years,9571
2019,2000,Flanders region,T,T Activities of households as employers/ undifferentiated goods- and services-producing activities of households for own use,F,Female,1,< 30 years,1
2019,2000,Flanders region,T,T Activities of households as employers/ undifferentiated goods- and services-producing activities of households for own use,F,Female,2,30 - 39 years,15
2019,2000,Flanders region,T,T Activities of households as employers/ undifferentiated goods- and services-producing activities of households for own use,F,Female,3,40 - 49 years,24
2019,2000,Flanders region,T,T Activities of households as employers/ undifferentiated goods- and services-producing activities of households for own use,F,Female,4,50 - 59 years,26
2019,2000,Flanders region,T,T Activities of households as employers/ undifferentiated goods- and services-producing activities of households for own use,F,Female,5,> 60 years,31
2019,2000,Flanders region,T,T Activities of households as employers/ undifferentiated goods- and services-producing activities of households for own use,M,Male,1,< 30 years,2
2019,2000,Flanders region,T,T Activities of households as employers/ undifferentiated goods- and services-producing activities of households for own use,M,Male,2,30 - 39 years,18
2019,2000,Flanders region,T,T Activities of households as employers/ undifferentiated goods- and services-producing activities of households for own use,M,Male,3,40 - 49 years,66
2019,2000,Flanders region,T,T Activities of households as employers/ undifferentiated goods- and services-producing activities of households for own use,M,Male,4,50 - 59 years,89
2019,2000,Flanders region,T,T Activities of households as employers/ undifferentiated goods- and services-producing activities of households for own use,M,Male,5,> 60 years,107
2019,2000,Flanders region,U,U Activities of extraterritorial organisations and bodies,F,Female,3,40 - 49 years,1
2019,2000,Flanders region,U,U Activities of extraterritorial organisations and bodies,M,Male,3,40 - 49 years,1
2019,2000,Flanders region,X,Unkown economic activity,F,Female,1,< 30 years,9
2019,2000,Flanders region,X,Unkown economic activity,F,Female,2,30 - 39 years,12
2019,2000,Flanders region,X,Unkown economic activity,F,Female,3,40 - 49 years,9
2019,2000,Flanders region,X,Unkown economic activity,F,Female,4,50 - 59 years,5
2019,2000,Flanders region,X,Unkown economic activity,F,Female,5,> 60 years,7
2019,2000,Flanders region,X,Unkown economic activity,M,Male,1,< 30 years,9
2019,2000,Flanders region,X,Unkown economic activity,M,Male,2,30 - 39 years,14
2019,2000,Flanders region,X,Unkown economic activity,M,Male,3,40 - 49 years,12
2019,2000,Flanders region,X,Unkown economic activity,M,Male,4,50 - 59 years,8
2019,2000,Flanders region,X,Unkown economic activity,M,Male,5,> 60 years,13
2019,3000,Walloon region,A,"A Agriculture, forestry and fishing",F,Female,1,< 30 years,166
2019,3000,Walloon region,A,"A Agriculture, forestry and fishing",F,Female,2,30 - 39 years,543
2019,3000,Walloon region,A,"A Agriculture, forestry and fishing",F,Female,3,40 - 49 years,732
2019,3000,Walloon region,A,"A Agriculture, forestry and fishing",F,Female,4,50 - 59 years,1216
2019,3000,Walloon region,A,"A Agriculture, forestry and fishing",F,Female,5,> 60 years,1511
2019,3000,Walloon region,A,"A Agriculture, forestry and fishing",M,Male,1,< 30 years,1128
2019,3000,Walloon region,A,"A Agriculture, forestry and fishing",M,Male,2,30 - 39 years,2495
2019,3000,Walloon region,A,"A Agriculture, forestry and fishing",M,Male,3,40 - 49 years,3304
2019,3000,Walloon region,A,"A Agriculture, forestry and fishing",M,Male,4,50 - 59 years,5243
2019,3000,Walloon region,A,"A Agriculture, forestry and fishing",M,Male,5,> 60 years,5313
2019,3000,Walloon region,B,B Mining and quarrying,F,Female,2,30 - 39 years,9
2019,3000,Walloon region,B,B Mining and quarrying,F,Female,3,40 - 49 years,6
2019,3000,Walloon region,B,B Mining and quarrying,F,Female,4,50 - 59 years,9
2019,3000,Walloon region,B,B Mining and quarrying,F,Female,5,> 60 years,6
2019,3000,Walloon region,B,B Mining and quarrying,M,Male,2,30 - 39 years,16
2019,3000,Walloon region,B,B Mining and quarrying,M,Male,3,40 - 49 years,33
2019,3000,Walloon region,B,B Mining and quarrying,M,Male,4,50 - 59 years,44
2019,3000,Walloon region,B,B Mining and quarrying,M,Male,5,> 60 years,35
2019,3000,Walloon region,C,C Manufacturing,F,Female,1,< 30 years,240
2019,3000,Walloon region,C,C Manufacturing,F,Female,2,30 - 39 years,871
2019,3000,Walloon region,C,C Manufacturing,F,Female,3,40 - 49 years,1043
2019,3000,Walloon region,C,C Manufacturing,F,Female,4,50 - 59 years,908
2019,3000,Walloon region,C,C Manufacturing,F,Female,5,> 60 years,600
2019,3000,Walloon region,C,C Manufacturing,M,Male,1,< 30 years,666
2019,3000,Walloon region,C,C Manufacturing,M,Male,2,30 - 39 years,2181
2019,3000,Walloon region,C,C Manufacturing,M,Male,3,40 - 49 years,3106
2019,3000,Walloon region,C,C Manufacturing,M,Male,4,50 - 59 years,3822
2019,3000,Walloon region,C,C Manufacturing,M,Male,5,> 60 years,2933
2019,3000,Walloon region,D,"D Electricity, gas, steam and air conditioning supply",F,Female,1,< 30 years,2
2019,3000,Walloon region,D,"D Electricity, gas, steam and air conditioning supply",F,Female,2,30 - 39 years,4
2019,3000,Walloon region,D,"D Electricity, gas, steam and air conditioning supply",F,Female,3,40 - 49 years,9
2019,3000,Walloon region,D,"D Electricity, gas, steam and air conditioning supply",F,Female,4,50 - 59 years,22
2019,3000,Walloon region,D,"D Electricity, gas, steam and air conditioning supply",F,Female,5,> 60 years,6
2019,3000,Walloon region,D,"D Electricity, gas, steam and air conditioning supply",M,Male,1,< 30 years,17
2019,3000,Walloon region,D,"D Electricity, gas, steam and air conditioning supply",M,Male,2,30 - 39 years,35
2019,3000,Walloon region,D,"D Electricity, gas, steam and air conditioning supply",M,Male,3,40 - 49 years,85
2019,3000,Walloon region,D,"D Electricity, gas, steam and air conditioning supply",M,Male,4,50 - 59 years,80
2019,3000,Walloon region,D,"D Electricity, gas, steam and air conditioning supply",M,Male,5,> 60 years,92
2019,3000,Walloon region,E,"E Water supply/ sewerage, waste management and remediation activities",F,Female,1,< 30 years,2
2019,3000,Walloon region,E,"E Water supply/ sewerage, waste management and remediation activities",F,Female,2,30 - 39 years,15
2019,3000,Walloon region,E,"E Water supply/ sewerage, waste management and remediation activities",F,Female,3,40 - 49 years,34
2019,3000,Walloon region,E,"E Water supply/ sewerage, waste management and remediation activities",F,Female,4,50 - 59 years,35
2019,3000,Walloon region,E,"E Water supply/ sewerage, waste management and remediation activities",F,Female,5,> 60 years,21
2019,3000,Walloon region,E,"E Water supply/ sewerage, waste management and remediation activities",M,Male,1,< 30 years,35
2019,3000,Walloon region,E,"E Water supply/ sewerage, waste management and remediation activities",M,Male,2,30 - 39 years,131
2019,3000,Walloon region,E,"E Water supply/ sewerage, waste management and remediation activities",M,Male,3,40 - 49 years,172
2019,3000,Walloon region,E,"E Water supply/ sewerage, waste management and remediation activities",M,Male,4,50 - 59 years,171
2019,3000,Walloon region,E,"E Water supply/ sewerage, waste management and remediation activities",M,Male,5,> 60 years,228
2019,3000,Walloon region,F,F Construction,F,Female,1,< 30 years,140
2019,3000,Walloon region,F,F Construction,F,Female,2,30 - 39 years,501
2019,3000,Walloon region,F,F Construction,F,Female,3,40 - 49 years,698
2019,3000,Walloon region,F,F Construction,F,Female,4,50 - 59 years,676
2019,3000,Walloon region,F,F Construction,F,Female,5,> 60 years,449
2019,3000,Walloon region,F,F Construction,M,Male,1,< 30 years,2780
2019,3000,Walloon region,F,F Construction,M,Male,2,30 - 39 years,8913
2019,3000,Walloon region,F,F Construction,M,Male,3,40 - 49 years,11100
2019,3000,Walloon region,F,F Construction,M,Male,4,50 - 59 years,9802
2019,3000,Walloon region,F,F Construction,M,Male,5,> 60 years,5775
2019,3000,Walloon region,G,G Wholesale and retail trade/ repair of motor vehicles and motorcycles,F,Female,1,< 30 years,1386
2019,3000,Walloon region,G,G Wholesale and retail trade/ repair of motor vehicles and motorcycles,F,Female,2,30 - 39 years,3830
2019,3000,Walloon region,G,G Wholesale and retail trade/ repair of motor vehicles and motorcycles,F,Female,3,40 - 49 years,5152
2019,3000,Walloon region,G,G Wholesale and retail trade/ repair of motor vehicles and motorcycles,F,Female,4,50 - 59 years,4790
2019,3000,Walloon region,G,G Wholesale and retail trade/ repair of motor vehicles and motorcycles,F,Female,5,> 60 years,3159
2019,3000,Walloon region,G,G Wholesale and retail trade/ repair of motor vehicles and motorcycles,M,Male,1,< 30 years,2353
2019,3000,Walloon region,G,G Wholesale and retail trade/ repair of motor vehicles and motorcycles,M,Male,2,30 - 39 years,6965
2019,3000,Walloon region,G,G Wholesale and retail trade/ repair of motor vehicles and motorcycles,M,Male,3,40 - 49 years,10360
2019,3000,Walloon region,G,G Wholesale and retail trade/ repair of motor vehicles and motorcycles,M,Male,4,50 - 59 years,11856
2019,3000,Walloon region,G,G Wholesale and retail trade/ repair of motor vehicles and motorcycles,M,Male,5,> 60 years,9206
2019,3000,Walloon region,H,H Transportation and storage,F,Female,1,< 30 years,67
2019,3000,Walloon region,H,H Transportation and storage,F,Female,2,30 - 39 years,141
2019,3000,Walloon region,H,H Transportation and storage,F,Female,3,40 - 49 years,221
2019,3000,Walloon region,H,H Transportation and storage,F,Female,4,50 - 59 years,214
2019,3000,Walloon region,H,H Transportation and storage,F,Female,5,> 60 years,144
2019,3000,Walloon region,H,H Transportation and storage,M,Male,1,< 30 years,365
2019,3000,Walloon region,H,H Transportation and storage,M,Male,2,30 - 39 years,933
2019,3000,Walloon region,H,H Transportation and storage,M,Male,3,40 - 49 years,1380
2019,3000,Walloon region,H,H Transportation and storage,M,Male,4,50 - 59 years,1463
2019,3000,Walloon region,H,H Transportation and storage,M,Male,5,> 60 years,1075
2019,3000,Walloon region,I,I Accommodation and food service activities,F,Female,1,< 30 years,532
2019,3000,Walloon region,I,I Accommodation and food service activities,F,Female,2,30 - 39 years,1373
2019,3000,Walloon region,I,I Accommodation and food service activities,F,Female,3,40 - 49 years,1891
2019,3000,Walloon region,I,I Accommodation and food service activities,F,Female,4,50 - 59 years,1751
2019,3000,Walloon region,I,I Accommodation and food service activities,F,Female,5,> 60 years,1065
2019,3000,Walloon region,I,I Accommodation and food service activities,M,Male,1,< 30 years,1084
2019,3000,Walloon region,I,I Accommodation and food service activities,M,Male,2,30 - 39 years,3010
2019,3000,Walloon region,I,I Accommodation and food service activities,M,Male,3,40 - 49 years,4180
2019,3000,Walloon region,I,I Accommodation and food service activities,M,Male,4,50 - 59 years,3799
2019,3000,Walloon region,I,I Accommodation and food service activities,M,Male,5,> 60 years,2253
2019,3000,Walloon region,J,J Information and communication,F,Female,1,< 30 years,123
2019,3000,Walloon region,J,J Information and communication,F,Female,2,30 - 39 years,505
2019,3000,Walloon region,J,J Information and communication,F,Female,3,40 - 49 years,573
2019,3000,Walloon region,J,J Information and communication,F,Female,4,50 - 59 years,473
2019,3000,Walloon region,J,J Information and communication,F,Female,5,> 60 years,223
2019,3000,Walloon region,J,J Information and communication,M,Male,1,< 30 years,770
2019,3000,Walloon region,J,J Information and communication,M,Male,2,30 - 39 years,2889
2019,3000,Walloon region,J,J Information and communication,M,Male,3,40 - 49 years,3747
2019,3000,Walloon region,J,J Information and communication,M,Male,4,50 - 59 years,2783
2019,3000,Walloon region,J,J Information and communication,M,Male,5,> 60 years,1590
2019,3000,Walloon region,K,K Financial and insurance activities,F,Female,1,< 30 years,43
2019,3000,Walloon region,K,K Financial and insurance activities,F,Female,2,30 - 39 years,233
2019,3000,Walloon region,K,K Financial and insurance activities,F,Female,3,40 - 49 years,384
2019,3000,Walloon region,K,K Financial and insurance activities,F,Female,4,50 - 59 years,400
2019,3000,Walloon region,K,K Financial and insurance activities,F,Female,5,> 60 years,305
2019,3000,Walloon region,K,K Financial and insurance activities,M,Male,1,< 30 years,144
2019,3000,Walloon region,K,K Financial and insurance activities,M,Male,2,30 - 39 years,767
2019,3000,Walloon region,K,K Financial and insurance activities,M,Male,3,40 - 49 years,1353
2019,3000,Walloon region,K,K Financial and insurance activities,M,Male,4,50 - 59 years,1787
2019,3000,Walloon region,K,K Financial and insurance activities,M,Male,5,> 60 years,1720
2019,3000,Walloon region,L,L Real estate activities,F,Female,1,< 30 years,268
2019,3000,Walloon region,L,L Real estate activities,F,Female,2,30 - 39 years,746
2019,3000,Walloon region,L,L Real estate activities,F,Female,3,40 - 49 years,923
2019,3000,Walloon region,L,L Real estate activities,F,Female,4,50 - 59 years,934
2019,3000,Walloon region,L,L Real estate activities,F,Female,5,> 60 years,785
2019,3000,Walloon region,L,L Real estate activities,M,Male,1,< 30 years,497
2019,3000,Walloon region,L,L Real estate activities,M,Male,2,30 - 39 years,1605
2019,3000,Walloon region,L,L Real estate activities,M,Male,3,40 - 49 years,2435
2019,3000,Walloon region,L,L Real estate activities,M,Male,4,50 - 59 years,2802
2019,3000,Walloon region,L,L Real estate activities,M,Male,5,> 60 years,2670
2019,3000,Walloon region,M,"M Professional, scientific and technical activities",F,Female,1,< 30 years,2199
2019,3000,Walloon region,M,"M Professional, scientific and technical activities",F,Female,2,30 - 39 years,4437
2019,3000,Walloon region,M,"M Professional, scientific and technical activities",F,Female,3,40 - 49 years,4824
2019,3000,Walloon region,M,"M Professional, scientific and technical activities",F,Female,4,50 - 59 years,3438
2019,3000,Walloon region,M,"M Professional, scientific and technical activities",F,Female,5,> 60 years,1858
2019,3000,Walloon region,M,"M Professional, scientific and technical activities",M,Male,1,< 30 years,2017
2019,3000,Walloon region,M,"M Professional, scientific and technical activities",M,Male,2,30 - 39 years,6912
2019,3000,Walloon region,M,"M Professional, scientific and technical activities",M,Male,3,40 - 49 years,10170
2019,3000,Walloon region,M,"M Professional, scientific and technical activities",M,Male,4,50 - 59 years,10490
2019,3000,Walloon region,M,"M Professional, scientific and technical activities",M,Male,5,> 60 years,9380
2019,3000,Walloon region,N,N Administrative and support service activities,F,Female,1,< 30 years,295
2019,3000,Walloon region,N,N Administrative and support service activities,F,Female,2,30 - 39 years,1038
2019,3000,Walloon region,N,N Administrative and support service activities,F,Female,3,40 - 49 years,1544
2019,3000,Walloon region,N,N Administrative and support service activities,F,Female,4,50 - 59 years,1391
2019,3000,Walloon region,N,N Administrative and support service activities,F,Female,5,> 60 years,784
2019,3000,Walloon region,N,N Administrative and support service activities,M,Male,1,< 30 years,1544
2019,3000,Walloon region,N,N Administrative and support service activities,M,Male,2,30 - 39 years,3599
2019,3000,Walloon region,N,N Administrative and support service activities,M,Male,3,40 - 49 years,4262
2019,3000,Walloon region,N,N Administrative and support service activities,M,Male,4,50 - 59 years,3896
2019,3000,Walloon region,N,N Administrative and support service activities,M,Male,5,> 60 years,2811
2019,3000,Walloon region,O,O Public administration and defence/ compulsory social security,F,Female,1,< 30 years,1
2019,3000,Walloon region,O,O Public administration and defence/ compulsory social security,F,Female,2,30 - 39 years,23
2019,3000,Walloon region,O,O Public administration and defence/ compulsory social security,F,Female,3,40 - 49 years,31
2019,3000,Walloon region,O,O Public administration and defence/ compulsory social security,F,Female,4,50 - 59 years,51
2019,3000,Walloon region,O,O Public administration and defence/ compulsory social security,F,Female,5,> 60 years,28
2019,3000,Walloon region,O,O Public administration and defence/ compulsory social security,M,Male,1,< 30 years,5
2019,3000,Walloon region,O,O Public administration and defence/ compulsory social security,M,Male,2,30 - 39 years,17
2019,3000,Walloon region,O,O Public administration and defence/ compulsory social security,M,Male,3,40 - 49 years,66
2019,3000,Walloon region,O,O Public administration and defence/ compulsory social security,M,Male,4,50 - 59 years,162
2019,3000,Walloon region,O,O Public administration and defence/ compulsory social security,M,Male,5,> 60 years,180
2019,3000,Walloon region,P,P Education,F,Female,1,< 30 years,358
2019,3000,Walloon region,P,P Education,F,Female,2,30 - 39 years,971
2019,3000,Walloon region,P,P Education,F,Female,3,40 - 49 years,1215
2019,3000,Walloon region,P,P Education,F,Female,4,50 - 59 years,950
2019,3000,Walloon region,P,P Education,F,Female,5,> 60 years,489
2019,3000,Walloon region,P,P Education,M,Male,1,< 30 years,428
2019,3000,Walloon region,P,P Education,M,Male,2,30 - 39 years,1080
2019,3000,Walloon region,P,P Education,M,Male,3,40 - 49 years,1391
2019,3000,Walloon region,P,P Education,M,Male,4,50 - 59 years,1281
2019,3000,Walloon region,P,P Education,M,Male,5,> 60 years,1212
2019,3000,Walloon region,Q,Q Human health and social work activities,F,Female,1,< 30 years,4530
2019,3000,Walloon region,Q,Q Human health and social work activities,F,Female,2,30 - 39 years,7855
2019,3000,Walloon region,Q,Q Human health and social work activities,F,Female,3,40 - 49 years,8257
2019,3000,Walloon region,Q,Q Human health and social work activities,F,Female,4,50 - 59 years,6441
2019,3000,Walloon region,Q,Q Human health and social work activities,F,Female,5,> 60 years,3809
2019,3000,Walloon region,Q,Q Human health and social work activities,M,Male,1,< 30 years,1481
2019,3000,Walloon region,Q,Q Human health and social work activities,M,Male,2,30 - 39 years,2971
2019,3000,Walloon region,Q,Q Human health and social work activities,M,Male,3,40 - 49 years,4359
2019,3000,Walloon region,Q,Q Human health and social work activities,M,Male,4,50 - 59 years,5107
2019,3000,Walloon region,Q,Q Human health and social work activities,M,Male,5,> 60 years,6901
2019,3000,Walloon region,R,"R Arts, entertainment and recreation",F,Female,1,< 30 years,307
2019,3000,Walloon region,R,"R Arts, entertainment and recreation",F,Female,2,30 - 39 years,905
2019,3000,Walloon region,R,"R Arts, entertainment and recreation",F,Female,3,40 - 49 years,1156
2019,3000,Walloon region,R,"R Arts, entertainment and recreation",F,Female,4,50 - 59 years,1001
2019,3000,Walloon region,R,"R Arts, entertainment and recreation",F,Female,5,> 60 years,672
2019,3000,Walloon region,R,"R Arts, entertainment and recreation",M,Male,1,< 30 years,715
2019,3000,Walloon region,R,"R Arts, entertainment and recreation",M,Male,2,30 - 39 years,1947
2019,3000,Walloon region,R,"R Arts, entertainment and recreation",M,Male,3,40 - 49 years,2928
2019,3000,Walloon region,R,"R Arts, entertainment and recreation",M,Male,4,50 - 59 years,2845
2019,3000,Walloon region,R,"R Arts, entertainment and recreation",M,Male,5,> 60 years,2509
2019,3000,Walloon region,S,S Other service activities,F,Female,1,< 30 years,2187
2019,3000,Walloon region,S,S Other service activities,F,Female,2,30 - 39 years,4643
2019,3000,Walloon region,S,S Other service activities,F,Female,3,40 - 49 years,5395
2019,3000,Walloon region,S,S Other service activities,F,Female,4,50 - 59 years,4795
2019,3000,Walloon region,S,S Other service activities,F,Female,5,> 60 years,2988
2019,3000,Walloon region,S,S Other service activities,M,Male,1,< 30 years,923
2019,3000,Walloon region,S,S Other service activities,M,Male,2,30 - 39 years,3431
2019,3000,Walloon region,S,S Other service activities,M,Male,3,40 - 49 years,5912
2019,3000,Walloon region,S,S Other service activities,M,Male,4,50 - 59 years,6884
2019,3000,Walloon region,S,S Other service activities,M,Male,5,> 60 years,7215
2019,3000,Walloon region,T,T Activities of households as employers/ undifferentiated goods- and services-producing activities of households for own use,F,Female,2,30 - 39 years,5
2019,3000,Walloon region,T,T Activities of households as employers/ undifferentiated goods- and services-producing activities of households for own use,F,Female,3,40 - 49 years,9
2019,3000,Walloon region,T,T Activities of households as employers/ undifferentiated goods- and services-producing activities of households for own use,F,Female,4,50 - 59 years,8
2019,3000,Walloon region,T,T Activities of households as employers/ undifferentiated goods- and services-producing activities of households for own use,F,Female,5,> 60 years,7
2019,3000,Walloon region,T,T Activities of households as employers/ undifferentiated goods- and services-producing activities of households for own use,M,Male,1,< 30 years,3
2019,3000,Walloon region,T,T Activities of households as employers/ undifferentiated goods- and services-producing activities of households for own use,M,Male,2,30 - 39 years,7
2019,3000,Walloon region,T,T Activities of households as employers/ undifferentiated goods- and services-producing activities of households for own use,M,Male,3,40 - 49 years,18
2019,3000,Walloon region,T,T Activities of households as employers/ undifferentiated goods- and services-producing activities of households for own use,M,Male,4,50 - 59 years,18
2019,3000,Walloon region,T,T Activities of households as employers/ undifferentiated goods- and services-producing activities of households for own use,M,Male,5,> 60 years,50
2019,3000,Walloon region,U,U Activities of extraterritorial organisations and bodies,F,Female,2,30 - 39 years,1
2019,3000,Walloon region,U,U Activities of extraterritorial organisations and bodies,M,Male,3,40 - 49 years,1
2019,3000,Walloon region,X,Unkown economic activity,F,Female,1,< 30 years,11
2019,3000,Walloon region,X,Unkown economic activity,F,Female,2,30 - 39 years,13
2019,3000,Walloon region,X,Unkown economic activity,F,Female,3,40 - 49 years,11
2019,3000,Walloon region,X,Unkown economic activity,F,Female,4,50 - 59 years,1
2019,3000,Walloon region,X,Unkown economic activity,F,Female,5,> 60 years,3
2019,3000,Walloon region,X,Unkown economic activity,M,Male,1,< 30 years,8
2019,3000,Walloon region,X,Unkown economic activity,M,Male,2,30 - 39 years,7
2019,3000,Walloon region,X,Unkown economic activity,M,Male,3,40 - 49 years,7
2019,3000,Walloon region,X,Unkown economic activity,M,Male,4,50 - 59 years,6
2019,3000,Walloon region,X,Unkown economic activity,M,Male,5,> 60 years,6
2019,4000,Brussels-Capital region,A,"A Agriculture, forestry and fishing",F,Female,1,< 30 years,12
2019,4000,Brussels-Capital region,A,"A Agriculture, forestry and fishing",F,Female,2,30 - 39 years,25
2019,4000,Brussels-Capital region,A,"A Agriculture, forestry and fishing",F,Female,3,40 - 49 years,21
2019,4000,Brussels-Capital region,A,"A Agriculture, forestry and fishing",F,Female,4,50 - 59 years,30
2019,4000,Brussels-Capital region,A,"A Agriculture, forestry and fishing",F,Female,5,> 60 years,24
2019,4000,Brussels-Capital region,A,"A Agriculture, forestry and fishing",M,Male,1,< 30 years,29
2019,4000,Brussels-Capital region,A,"A Agriculture, forestry and fishing",M,Male,2,30 - 39 years,76
2019,4000,Brussels-Capital region,A,"A Agriculture, forestry and fishing",M,Male,3,40 - 49 years,66
2019,4000,Brussels-Capital region,A,"A Agriculture, forestry and fishing",M,Male,4,50 - 59 years,67
2019,4000,Brussels-Capital region,A,"A Agriculture, forestry and fishing",M,Male,5,> 60 years,84
2019,4000,Brussels-Capital region,B,B Mining and quarrying,F,Female,3,40 - 49 years,2
2019,4000,Brussels-Capital region,B,B Mining and quarrying,M,Male,2,30 - 39 years,3
2019,4000,Brussels-Capital region,B,B Mining and quarrying,M,Male,3,40 - 49 years,3
2019,4000,Brussels-Capital region,B,B Mining and quarrying,M,Male,4,50 - 59 years,3
2019,4000,Brussels-Capital region,B,B Mining and quarrying,M,Male,5,> 60 years,4
2019,4000,Brussels-Capital region,C,C Manufacturing,F,Female,1,< 30 years,66
2019,4000,Brussels-Capital region,C,C Manufacturing,F,Female,2,30 - 39 years,185
2019,4000,Brussels-Capital region,C,C Manufacturing,F,Female,3,40 - 49 years,251
2019,4000,Brussels-Capital region,C,C Manufacturing,F,Female,4,50 - 59 years,234
2019,4000,Brussels-Capital region,C,C Manufacturing,F,Female,5,> 60 years,154
2019,4000,Brussels-Capital region,C,C Manufacturing,M,Male,1,< 30 years,172
2019,4000,Brussels-Capital region,C,C Manufacturing,M,Male,2,30 - 39 years,641
2019,4000,Brussels-Capital region,C,C Manufacturing,M,Male,3,40 - 49 years,822
2019,4000,Brussels-Capital region,C,C Manufacturing,M,Male,4,50 - 59 years,870
2019,4000,Brussels-Capital region,C,C Manufacturing,M,Male,5,> 60 years,616
2019,4000,Brussels-Capital region,D,"D Electricity, gas, steam and air conditioning supply",F,Female,1,< 30 years,2
2019,4000,Brussels-Capital region,D,"D Electricity, gas, steam and air conditioning supply",F,Female,2,30 - 39 years,5
2019,4000,Brussels-Capital region,D,"D Electricity, gas, steam and air conditioning supply",F,Female,3,40 - 49 years,5
2019,4000,Brussels-Capital region,D,"D Electricity, gas, steam and air conditioning supply",F,Female,4,50 - 59 years,9
2019,4000,Brussels-Capital region,D,"D Electricity, gas, steam and air conditioning supply",F,Female,5,> 60 years,3
2019,4000,Brussels-Capital region,D,"D Electricity, gas, steam and air conditioning supply",M,Male,1,< 30 years,9
2019,4000,Brussels-Capital region,D,"D Electricity, gas, steam and air conditioning supply",M,Male,2,30 - 39 years,14
2019,4000,Brussels-Capital region,D,"D Electricity, gas, steam and air conditioning supply",M,Male,3,40 - 49 years,45
2019,4000,Brussels-Capital region,D,"D Electricity, gas, steam and air conditioning supply",M,Male,4,50 - 59 years,53
2019,4000,Brussels-Capital region,D,"D Electricity, gas, steam and air conditioning supply",M,Male,5,> 60 years,45
2019,4000,Brussels-Capital region,E,"E Water supply/ sewerage, waste management and remediation activities",F,Female,1,< 30 years,1
2019,4000,Brussels-Capital region,E,"E Water supply/ sewerage, waste management and remediation activities",F,Female,2,30 - 39 years,2
2019,4000,Brussels-Capital region,E,"E Water supply/ sewerage, waste management and remediation activities",F,Female,3,40 - 49 years,5
2019,4000,Brussels-Capital region,E,"E Water supply/ sewerage, waste management and remediation activities",F,Female,4,50 - 59 years,7
2019,4000,Brussels-Capital region,E,"E Water supply/ sewerage, waste management and remediation activities",F,Female,5,> 60 years,5
2019,4000,Brussels-Capital region,E,"E Water supply/ sewerage, waste management and remediation activities",M,Male,1,< 30 years,4
2019,4000,Brussels-Capital region,E,"E Water supply/ sewerage, waste management and remediation activities",M,Male,2,30 - 39 years,18
2019,4000,Brussels-Capital region,E,"E Water supply/ sewerage, waste management and remediation activities",M,Male,3,40 - 49 years,15
2019,4000,Brussels-Capital region,E,"E Water supply/ sewerage, waste management and remediation activities",M,Male,4,50 - 59 years,24
2019,4000,Brussels-Capital region,E,"E Water supply/ sewerage, waste management and remediation activities",M,Male,5,> 60 years,26
2019,4000,Brussels-Capital region,F,F Construction,F,Female,1,< 30 years,90
2019,4000,Brussels-Capital region,F,F Construction,F,Female,2,30 - 39 years,286
2019,4000,Brussels-Capital region,F,F Construction,F,Female,3,40 - 49 years,337
2019,4000,Brussels-Capital region,F,F Construction,F,Female,4,50 - 59 years,232
2019,4000,Brussels-Capital region,F,F Construction,F,Female,5,> 60 years,146
2019,4000,Brussels-Capital region,F,F Construction,M,Male,1,< 30 years,1348
2019,4000,Brussels-Capital region,F,F Construction,M,Male,2,30 - 39 years,4139
2019,4000,Brussels-Capital region,F,F Construction,M,Male,3,40 - 49 years,4796
2019,4000,Brussels-Capital region,F,F Construction,M,Male,4,50 - 59 years,3366
2019,4000,Brussels-Capital region,F,F Construction,M,Male,5,> 60 years,1478
2019,4000,Brussels-Capital region,G,G Wholesale and retail trade/ repair of motor vehicles and motorcycles,F,Female,1,< 30 years,287
2019,4000,Brussels-Capital region,G,G Wholesale and retail trade/ repair of motor vehicles and motorcycles,F,Female,2,30 - 39 years,978
2019,4000,Brussels-Capital region,G,G Wholesale and retail trade/ repair of motor vehicles and motorcycles,F,Female,3,40 - 49 years,1247
2019,4000,Brussels-Capital region,G,G Wholesale and retail trade/ repair of motor vehicles and motorcycles,F,Female,4,50 - 59 years,1206
2019,4000,Brussels-Capital region,G,G Wholesale and retail trade/ repair of motor vehicles and motorcycles,F,Female,5,> 60 years,876
2019,4000,Brussels-Capital region,G,G Wholesale and retail trade/ repair of motor vehicles and motorcycles,M,Male,1,< 30 years,1070
2019,4000,Brussels-Capital region,G,G Wholesale and retail trade/ repair of motor vehicles and motorcycles,M,Male,2,30 - 39 years,3357
2019,4000,Brussels-Capital region,G,G Wholesale and retail trade/ repair of motor vehicles and motorcycles,M,Male,3,40 - 49 years,4579
2019,4000,Brussels-Capital region,G,G Wholesale and retail trade/ repair of motor vehicles and motorcycles,M,Male,4,50 - 59 years,4387
2019,4000,Brussels-Capital region,G,G Wholesale and retail trade/ repair of motor vehicles and motorcycles,M,Male,5,> 60 years,3056
2019,4000,Brussels-Capital region,H,H Transportation and storage,F,Female,1,< 30 years,62
2019,4000,Brussels-Capital region,H,H Transportation and storage,F,Female,2,30 - 39 years,135
2019,4000,Brussels-Capital region,H,H Transportation and storage,F,Female,3,40 - 49 years,127
2019,4000,Brussels-Capital region,H,H Transportation and storage,F,Female,4,50 - 59 years,91
2019,4000,Brussels-Capital region,H,H Transportation and storage,F,Female,5,> 60 years,44
2019,4000,Brussels-Capital region,H,H Transportation and storage,M,Male,1,< 30 years,795
2019,4000,Brussels-Capital region,H,H Transportation and storage,M,Male,2,30 - 39 years,1469
2019,4000,Brussels-Capital region,H,H Transportation and storage,M,Male,3,40 - 49 years,1383
2019,4000,Brussels-Capital region,H,H Transportation and storage,M,Male,4,50 - 59 years,833
2019,4000,Brussels-Capital region,H,H Transportation and storage,M,Male,5,> 60 years,448
2019,4000,Brussels-Capital region,I,I Accommodation and food service activities,F,Female,1,< 30 years,191
2019,4000,Brussels-Capital region,I,I Accommodation and food service activities,F,Female,2,30 - 39 years,632
2019,4000,Brussels-Capital region,I,I Accommodation and food service activities,F,Female,3,40 - 49 years,644
2019,4000,Brussels-Capital region,I,I Accommodation and food service activities,F,Female,4,50 - 59 years,484
2019,4000,Brussels-Capital region,I,I Accommodation and food service activities,F,Female,5,> 60 years,262
2019,4000,Brussels-Capital region,I,I Accommodation and food service activities,M,Male,1,< 30 years,676
2019,4000,Brussels-Capital region,I,I Accommodation and food service activities,M,Male,2,30 - 39 years,1934
2019,4000,Brussels-Capital region,I,I Accommodation and food service activities,M,Male,3,40 - 49 years,2236
2019,4000,Brussels-Capital region,I,I Accommodation and food service activities,M,Male,4,50 - 59 years,1703
2019,4000,Brussels-Capital region,I,I Accommodation and food service activities,M,Male,5,> 60 years,946
2019,4000,Brussels-Capital region,J,J Information and communication,F,Female,1,< 30 years,110
2019,4000,Brussels-Capital region,J,J Information and communication,F,Female,2,30 - 39 years,420
2019,4000,Brussels-Capital region,J,J Information and communication,F,Female,3,40 - 49 years,497
2019,4000,Brussels-Capital region,J,J Information and communication,F,Female,4,50 - 59 years,320
2019,4000,Brussels-Capital region,J,J Information and communication,F,Female,5,> 60 years,234
2019,4000,Brussels-Capital region,J,J Information and communication,M,Male,1,< 30 years,514
2019,4000,Brussels-Capital region,J,J Information and communication,M,Male,2,30 - 39 years,2409
2019,4000,Brussels-Capital region,J,J Information and communication,M,Male,3,40 - 49 years,2857
2019,4000,Brussels-Capital region,J,J Information and communication,M,Male,4,50 - 59 years,1874
2019,4000,Brussels-Capital region,J,J Information and communication,M,Male,5,> 60 years,1146
2019,4000,Brussels-Capital region,K,K Financial and insurance activities,F,Female,1,< 30 years,21
2019,4000,Brussels-Capital region,K,K Financial and insurance activities,F,Female,2,30 - 39 years,79
2019,4000,Brussels-Capital region,K,K Financial and insurance activities,F,Female,3,40 - 49 years,203
2019,4000,Brussels-Capital region,K,K Financial and insurance activities,F,Female,4,50 - 59 years,284
2019,4000,Brussels-Capital region,K,K Financial and insurance activities,F,Female,5,> 60 years,189
2019,4000,Brussels-Capital region,K,K Financial and insurance activities,M,Male,1,< 30 years,49
2019,4000,Brussels-Capital region,K,K Financial and insurance activities,M,Male,2,30 - 39 years,248
2019,4000,Brussels-Capital region,K,K Financial and insurance activities,M,Male,3,40 - 49 years,812
2019,4000,Brussels-Capital region,K,K Financial and insurance activities,M,Male,4,50 - 59 years,1238
2019,4000,Brussels-Capital region,K,K Financial and insurance activities,M,Male,5,> 60 years,1348
2019,4000,Brussels-Capital region,L,L Real estate activities,F,Female,1,< 30 years,81
2019,4000,Brussels-Capital region,L,L Real estate activities,F,Female,2,30 - 39 years,354
2019,4000,Brussels-Capital region,L,L Real estate activities,F,Female,3,40 - 49 years,541
2019,4000,Brussels-Capital region,L,L Real estate activities,F,Female,4,50 - 59 years,604
2019,4000,Brussels-Capital region,L,L Real estate activities,F,Female,5,> 60 years,517
2019,4000,Brussels-Capital region,L,L Real estate activities,M,Male,1,< 30 years,242
2019,4000,Brussels-Capital region,L,L Real estate activities,M,Male,2,30 - 39 years,995
2019,4000,Brussels-Capital region,L,L Real estate activities,M,Male,3,40 - 49 years,1650
2019,4000,Brussels-Capital region,L,L Real estate activities,M,Male,4,50 - 59 years,1882
2019,4000,Brussels-Capital region,L,L Real estate activities,M,Male,5,> 60 years,1997
2019,4000,Brussels-Capital region,M,"M Professional, scientific and technical activities",F,Female,1,< 30 years,1639
2019,4000,Brussels-Capital region,M,"M Professional, scientific and technical activities",F,Female,2,30 - 39 years,3056
2019,4000,Brussels-Capital region,M,"M Professional, scientific and technical activities",F,Female,3,40 - 49 years,2876
2019,4000,Brussels-Capital region,M,"M Professional, scientific and technical activities",F,Female,4,50 - 59 years,2371
2019,4000,Brussels-Capital region,M,"M Professional, scientific and technical activities",F,Female,5,> 60 years,1337
2019,4000,Brussels-Capital region,M,"M Professional, scientific and technical activities",M,Male,1,< 30 years,1505
2019,4000,Brussels-Capital region,M,"M Professional, scientific and technical activities",M,Male,2,30 - 39 years,4985
2019,4000,Brussels-Capital region,M,"M Professional, scientific and technical activities",M,Male,3,40 - 49 years,6597
2019,4000,Brussels-Capital region,M,"M Professional, scientific and technical activities",M,Male,4,50 - 59 years,6419
2019,4000,Brussels-Capital region,M,"M Professional, scientific and technical activities",M,Male,5,> 60 years,5615
2019,4000,Brussels-Capital region,N,N Administrative and support service activities,F,Female,1,< 30 years,148
2019,4000,Brussels-Capital region,N,N Administrative and support service activities,F,Female,2,30 - 39 years,521
2019,4000,Brussels-Capital region,N,N Administrative and support service activities,F,Female,3,40 - 49 years,721
2019,4000,Brussels-Capital region,N,N Administrative and support service activities,F,Female,4,50 - 59 years,619
2019,4000,Brussels-Capital region,N,N Administrative and support service activities,F,Female,5,> 60 years,323
2019,4000,Brussels-Capital region,N,N Administrative and support service activities,M,Male,1,< 30 years,418
2019,4000,Brussels-Capital region,N,N Administrative and support service activities,M,Male,2,30 - 39 years,1358
2019,4000,Brussels-Capital region,N,N Administrative and support service activities,M,Male,3,40 - 49 years,1937
2019,4000,Brussels-Capital region,N,N Administrative and support service activities,M,Male,4,50 - 59 years,1642
2019,4000,Brussels-Capital region,N,N Administrative and support service activities,M,Male,5,> 60 years,1138
2019,4000,Brussels-Capital region,O,O Public administration and defence/ compulsory social security,F,Female,1,< 30 years,7
2019,4000,Brussels-Capital region,O,O Public administration and defence/ compulsory social security,F,Female,2,30 - 39 years,9
2019,4000,Brussels-Capital region,O,O Public administration and defence/ compulsory social security,F,Female,3,40 - 49 years,19
2019,4000,Brussels-Capital region,O,O Public administration and defence/ compulsory social security,F,Female,4,50 - 59 years,33
2019,4000,Brussels-Capital region,O,O Public administration and defence/ compulsory social security,F,Female,5,> 60 years,24
2019,4000,Brussels-Capital region,O,O Public administration and defence/ compulsory social security,M,Male,1,< 30 years,2
2019,4000,Brussels-Capital region,O,O Public administration and defence/ compulsory social security,M,Male,2,30 - 39 years,14
2019,4000,Brussels-Capital region,O,O Public administration and defence/ compulsory social security,M,Male,3,40 - 49 years,54
2019,4000,Brussels-Capital region,O,O Public administration and defence/ compulsory social security,M,Male,4,50 - 59 years,81
2019,4000,Brussels-Capital region,O,O Public administration and defence/ compulsory social security,M,Male,5,> 60 years,128
2019,4000,Brussels-Capital region,P,P Education,F,Female,1,< 30 years,116
2019,4000,Brussels-Capital region,P,P Education,F,Female,2,30 - 39 years,412
2019,4000,Brussels-Capital region,P,P Education,F,Female,3,40 - 49 years,467
2019,4000,Brussels-Capital region,P,P Education,F,Female,4,50 - 59 years,421
2019,4000,Brussels-Capital region,P,P Education,F,Female,5,> 60 years,252
2019,4000,Brussels-Capital region,P,P Education,M,Male,1,< 30 years,159
2019,4000,Brussels-Capital region,P,P Education,M,Male,2,30 - 39 years,484
2019,4000,Brussels-Capital region,P,P Education,M,Male,3,40 - 49 years,608
2019,4000,Brussels-Capital region,P,P Education,M,Male,4,50 - 59 years,626
2019,4000,Brussels-Capital region,P,P Education,M,Male,5,> 60 years,611
2019,4000,Brussels-Capital region,Q,Q Human health and social work activities,F,Female,1,< 30 years,1049
2019,4000,Brussels-Capital region,Q,Q Human health and social work activities,F,Female,2,30 - 39 years,2011
2019,4000,Brussels-Capital region,Q,Q Human health and social work activities,F,Female,3,40 - 49 years,1960
2019,4000,Brussels-Capital region,Q,Q Human health and social work activities,F,Female,4,50 - 59 years,1660
2019,4000,Brussels-Capital region,Q,Q Human health and social work activities,F,Female,5,> 60 years,1380
2019,4000,Brussels-Capital region,Q,Q Human health and social work activities,M,Male,1,< 30 years,526
2019,4000,Brussels-Capital region,Q,Q Human health and social work activities,M,Male,2,30 - 39 years,1266
2019,4000,Brussels-Capital region,Q,Q Human health and social work activities,M,Male,3,40 - 49 years,1364
2019,4000,Brussels-Capital region,Q,Q Human health and social work activities,M,Male,4,50 - 59 years,1781
2019,4000,Brussels-Capital region,Q,Q Human health and social work activities,M,Male,5,> 60 years,2678
2019,4000,Brussels-Capital region,R,"R Arts, entertainment and recreation",F,Female,1,< 30 years,144
2019,4000,Brussels-Capital region,R,"R Arts, entertainment and recreation",F,Female,2,30 - 39 years,469
2019,4000,Brussels-Capital region,R,"R Arts, entertainment and recreation",F,Female,3,40 - 49 years,509
2019,4000,Brussels-Capital region,R,"R Arts, entertainment and recreation",F,Female,4,50 - 59 years,461
2019,4000,Brussels-Capital region,R,"R Arts, entertainment and recreation",F,Female,5,> 60 years,270
2019,4000,Brussels-Capital region,R,"R Arts, entertainment and recreation",M,Male,1,< 30 years,265
2019,4000,Brussels-Capital region,R,"R Arts, entertainment and recreation",M,Male,2,30 - 39 years,934
2019,4000,Brussels-Capital region,R,"R Arts, entertainment and recreation",M,Male,3,40 - 49 years,1113
2019,4000,Brussels-Capital region,R,"R Arts, entertainment and recreation",M,Male,4,50 - 59 years,1220
2019,4000,Brussels-Capital region,R,"R Arts, entertainment and recreation",M,Male,5,> 60 years,1068
2019,4000,Brussels-Capital region,S,S Other service activities,F,Female,1,< 30 years,362
2019,4000,Brussels-Capital region,S,S Other service activities,F,Female,2,30 - 39 years,1248
2019,4000,Brussels-Capital region,S,S Other service activities,F,Female,3,40 - 49 years,1787
2019,4000,Brussels-Capital region,S,S Other service activities,F,Female,4,50 - 59 years,1736
2019,4000,Brussels-Capital region,S,S Other service activities,F,Female,5,> 60 years,1175
2019,4000,Brussels-Capital region,S,S Other service activities,M,Male,1,< 30 years,456
2019,4000,Brussels-Capital region,S,S Other service activities,M,Male,2,30 - 39 years,2090
2019,4000,Brussels-Capital region,S,S Other service activities,M,Male,3,40 - 49 years,3670
2019,4000,Brussels-Capital region,S,S Other service activities,M,Male,4,50 - 59 years,4563
2019,4000,Brussels-Capital region,S,S Other service activities,M,Male,5,> 60 years,4697
2019,4000,Brussels-Capital region,T,T Activities of households as employers/ undifferentiated goods- and services-producing activities of households for own use,F,Female,2,30 - 39 years,3
2019,4000,Brussels-Capital region,T,T Activities of households as employers/ undifferentiated goods- and services-producing activities of households for own use,F,Female,3,40 - 49 years,17
2019,4000,Brussels-Capital region,T,T Activities of households as employers/ undifferentiated goods- and services-producing activities of households for own use,F,Female,4,50 - 59 years,8
2019,4000,Brussels-Capital region,T,T Activities of households as employers/ undifferentiated goods- and services-producing activities of households for own use,F,Female,5,> 60 years,10
2019,4000,Brussels-Capital region,T,T Activities of households as employers/ undifferentiated goods- and services-producing activities of households for own use,M,Male,1,< 30 years,1
2019,4000,Brussels-Capital region,T,T Activities of households as employers/ undifferentiated goods- and services-producing activities of households for own use,M,Male,2,30 - 39 years,12
2019,4000,Brussels-Capital region,T,T Activities of households as employers/ undifferentiated goods- and services-producing activities of households for own use,M,Male,3,40 - 49 years,29
2019,4000,Brussels-Capital region,T,T Activities of households as employers/ undifferentiated goods- and services-producing activities of households for own use,M,Male,4,50 - 59 years,32
2019,4000,Brussels-Capital region,T,T Activities of households as employers/ undifferentiated goods- and services-producing activities of households for own use,M,Male,5,> 60 years,41
2019,4000,Brussels-Capital region,U,U Activities of extraterritorial organisations and bodies,F,Female,3,40 - 49 years,1
2019,4000,Brussels-Capital region,U,U Activities of extraterritorial organisations and bodies,F,Female,4,50 - 59 years,1
2019,4000,Brussels-Capital region,U,U Activities of extraterritorial organisations and bodies,F,Female,5,> 60 years,1
2019,4000,Brussels-Capital region,U,U Activities of extraterritorial organisations and bodies,M,Male,2,30 - 39 years,1
2019,4000,Brussels-Capital region,U,U Activities of extraterritorial organisations and bodies,M,Male,3,40 - 49 years,1
2019,4000,Brussels-Capital region,U,U Activities of extraterritorial organisations and bodies,M,Male,4,50 - 59 years,3
2019,4000,Brussels-Capital region,U,U Activities of extraterritorial organisations and bodies,M,Male,5,> 60 years,7
2019,4000,Brussels-Capital region,X,Unkown economic activity,F,Female,1,< 30 years,4
2019,4000,Brussels-Capital region,X,Unkown economic activity,F,Female,3,40 - 49 years,1
2019,4000,Brussels-Capital region,X,Unkown economic activity,F,Female,4,50 - 59 years,4
2019,4000,Brussels-Capital region,X,Unkown economic activity,F,Female,5,> 60 years,2
2019,4000,Brussels-Capital region,X,Unkown economic activity,M,Male,1,< 30 years,4
2019,4000,Brussels-Capital region,X,Unkown economic activity,M,Male,2,30 - 39 years,2
2019,4000,Brussels-Capital region,X,Unkown economic activity,M,Male,3,40 - 49 years,1
2019,4000,Brussels-Capital region,X,Unkown economic activity,M,Male,4,50 - 59 years,4
2019,4000,Brussels-Capital region,X,Unkown economic activity,M,Male,5,> 60 years,4
2020,2000,Flanders region,A,"A Agriculture, forestry and fishing",F,Female,1,< 30 years,348
2020,2000,Flanders region,A,"A Agriculture, forestry and fishing",F,Female,2,30 - 39 years,1028
2020,2000,Flanders region,A,"A Agriculture, forestry and fishing",F,Female,3,40 - 49 years,1408
2020,2000,Flanders region,A,"A Agriculture, forestry and fishing",F,Female,4,50 - 59 years,2031
2020,2000,Flanders region,A,"A Agriculture, forestry and fishing",F,Female,5,> 60 years,2258
2020,2000,Flanders region,A,"A Agriculture, forestry and fishing",M,Male,1,< 30 years,1407
2020,2000,Flanders region,A,"A Agriculture, forestry and fishing",M,Male,2,30 - 39 years,3522
2020,2000,Flanders region,A,"A Agriculture, forestry and fishing",M,Male,3,40 - 49 years,4839
2020,2000,Flanders region,A,"A Agriculture, forestry and fishing",M,Male,4,50 - 59 years,7933
2020,2000,Flanders region,A,"A Agriculture, forestry and fishing",M,Male,5,> 60 years,9276
2020,2000,Flanders region,B,B Mining and quarrying,F,Female,2,30 - 39 years,2
2020,2000,Flanders region,B,B Mining and quarrying,F,Female,3,40 - 49 years,1
2020,2000,Flanders region,B,B Mining and quarrying,F,Female,4,50 - 59 years,7
2020,2000,Flanders region,B,B Mining and quarrying,F,Female,5,> 60 years,5
2020,2000,Flanders region,B,B Mining and quarrying,M,Male,1,< 30 years,1
2020,2000,Flanders region,B,B Mining and quarrying,M,Male,2,30 - 39 years,7
2020,2000,Flanders region,B,B Mining and quarrying,M,Male,3,40 - 49 years,9
2020,2000,Flanders region,B,B Mining and quarrying,M,Male,4,50 - 59 years,20
2020,2000,Flanders region,B,B Mining and quarrying,M,Male,5,> 60 years,23
2020,2000,Flanders region,C,C Manufacturing,F,Female,1,< 30 years,865
2020,2000,Flanders region,C,C Manufacturing,F,Female,2,30 - 39 years,1954
2020,2000,Flanders region,C,C Manufacturing,F,Female,3,40 - 49 years,2516
2020,2000,Flanders region,C,C Manufacturing,F,Female,4,50 - 59 years,2371
2020,2000,Flanders region,C,C Manufacturing,F,Female,5,> 60 years,1218
2020,2000,Flanders region,C,C Manufacturing,M,Male,1,< 30 years,2474
2020,2000,Flanders region,C,C Manufacturing,M,Male,2,30 - 39 years,5968
2020,2000,Flanders region,C,C Manufacturing,M,Male,3,40 - 49 years,7641
2020,2000,Flanders region,C,C Manufacturing,M,Male,4,50 - 59 years,8971
2020,2000,Flanders region,C,C Manufacturing,M,Male,5,> 60 years,5684
2020,2000,Flanders region,D,"D Electricity, gas, steam and air conditioning supply",F,Female,1,< 30 years,19
2020,2000,Flanders region,D,"D Electricity, gas, steam and air conditioning supply",F,Female,2,30 - 39 years,25
2020,2000,Flanders region,D,"D Electricity, gas, steam and air conditioning supply",F,Female,3,40 - 49 years,43
2020,2000,Flanders region,D,"D Electricity, gas, steam and air conditioning supply",F,Female,4,50 - 59 years,41
2020,2000,Flanders region,D,"D Electricity, gas, steam and air conditioning supply",F,Female,5,> 60 years,15
2020,2000,Flanders region,D,"D Electricity, gas, steam and air conditioning supply",M,Male,1,< 30 years,81
2020,2000,Flanders region,D,"D Electricity, gas, steam and air conditioning supply",M,Male,2,30 - 39 years,129
2020,2000,Flanders region,D,"D Electricity, gas, steam and air conditioning supply",M,Male,3,40 - 49 years,151
2020,2000,Flanders region,D,"D Electricity, gas, steam and air conditioning supply",M,Male,4,50 - 59 years,249
2020,2000,Flanders region,D,"D Electricity, gas, steam and air conditioning supply",M,Male,5,> 60 years,165
2020,2000,Flanders region,E,"E Water supply/ sewerage, waste management and remediation activities",F,Female,1,< 30 years,10
2020,2000,Flanders region,E,"E Water supply/ sewerage, waste management and remediation activities",F,Female,2,30 - 39 years,39
2020,2000,Flanders region,E,"E Water supply/ sewerage, waste management and remediation activities",F,Female,3,40 - 49 years,67
2020,2000,Flanders region,E,"E Water supply/ sewerage, waste management and remediation activities",F,Female,4,50 - 59 years,70
2020,2000,Flanders region,E,"E Water supply/ sewerage, waste management and remediation activities",F,Female,5,> 60 years,40
2020,2000,Flanders region,E,"E Water supply/ sewerage, waste management and remediation activities",M,Male,1,< 30 years,63
2020,2000,Flanders region,E,"E Water supply/ sewerage, waste management and remediation activities",M,Male,2,30 - 39 years,156
2020,2000,Flanders region,E,"E Water supply/ sewerage, waste management and remediation activities",M,Male,3,40 - 49 years,266
2020,2000,Flanders region,E,"E Water supply/ sewerage, waste management and remediation activities",M,Male,4,50 - 59 years,352
2020,2000,Flanders region,E,"E Water supply/ sewerage, waste management and remediation activities",M,Male,5,> 60 years,273
2020,2000,Flanders region,F,F Construction,F,Female,1,< 30 years,476
2020,2000,Flanders region,F,F Construction,F,Female,2,30 - 39 years,1834
2020,2000,Flanders region,F,F Construction,F,Female,3,40 - 49 years,2680
2020,2000,Flanders region,F,F Construction,F,Female,4,50 - 59 years,2290
2020,2000,Flanders region,F,F Construction,F,Female,5,> 60 years,1074
2020,2000,Flanders region,F,F Construction,M,Male,1,< 30 years,9630
2020,2000,Flanders region,F,F Construction,M,Male,2,30 - 39 years,24641
2020,2000,Flanders region,F,F Construction,M,Male,3,40 - 49 years,26828
2020,2000,Flanders region,F,F Construction,M,Male,4,50 - 59 years,22822
2020,2000,Flanders region,F,F Construction,M,Male,5,> 60 years,12481
2020,2000,Flanders region,G,G Wholesale and retail trade/ repair of motor vehicles and motorcycles,F,Female,1,< 30 years,3477
2020,2000,Flanders region,G,G Wholesale and retail trade/ repair of motor vehicles and motorcycles,F,Female,2,30 - 39 years,7623
2020,2000,Flanders region,G,G Wholesale and retail trade/ repair of motor vehicles and motorcycles,F,Female,3,40 - 49 years,10699
2020,2000,Flanders region,G,G Wholesale and retail trade/ repair of motor vehicles and motorcycles,F,Female,4,50 - 59 years,11953
2020,2000,Flanders region,G,G Wholesale and retail trade/ repair of motor vehicles and motorcycles,F,Female,5,> 60 years,6402
2020,2000,Flanders region,G,G Wholesale and retail trade/ repair of motor vehicles and motorcycles,M,Male,1,< 30 years,6848
2020,2000,Flanders region,G,G Wholesale and retail trade/ repair of motor vehicles and motorcycles,M,Male,2,30 - 39 years,14836
2020,2000,Flanders region,G,G Wholesale and retail trade/ repair of motor vehicles and motorcycles,M,Male,3,40 - 49 years,20637
2020,2000,Flanders region,G,G Wholesale and retail trade/ repair of motor vehicles and motorcycles,M,Male,4,50 - 59 years,26626
2020,2000,Flanders region,G,G Wholesale and retail trade/ repair of motor vehicles and motorcycles,M,Male,5,> 60 years,20133
2020,2000,Flanders region,H,H Transportation and storage,F,Female,1,< 30 years,211
2020,2000,Flanders region,H,H Transportation and storage,F,Female,2,30 - 39 years,535
2020,2000,Flanders region,H,H Transportation and storage,F,Female,3,40 - 49 years,799
2020,2000,Flanders region,H,H Transportation and storage,F,Female,4,50 - 59 years,945
2020,2000,Flanders region,H,H Transportation and storage,F,Female,5,> 60 years,464
2020,2000,Flanders region,H,H Transportation and storage,M,Male,1,< 30 years,1674
2020,2000,Flanders region,H,H Transportation and storage,M,Male,2,30 - 39 years,3469
2020,2000,Flanders region,H,H Transportation and storage,M,Male,3,40 - 49 years,4093
2020,2000,Flanders region,H,H Transportation and storage,M,Male,4,50 - 59 years,4144
2020,2000,Flanders region,H,H Transportation and storage,M,Male,5,> 60 years,3195
2020,2000,Flanders region,I,I Accommodation and food service activities,F,Female,1,< 30 years,1514
2020,2000,Flanders region,I,I Accommodation and food service activities,F,Female,2,30 - 39 years,3674
2020,2000,Flanders region,I,I Accommodation and food service activities,F,Female,3,40 - 49 years,4920
2020,2000,Flanders region,I,I Accommodation and food service activities,F,Female,4,50 - 59 years,4465
2020,2000,Flanders region,I,I Accommodation and food service activities,F,Female,5,> 60 years,2266
2020,2000,Flanders region,I,I Accommodation and food service activities,M,Male,1,< 30 years,2894
2020,2000,Flanders region,I,I Accommodation and food service activities,M,Male,2,30 - 39 years,6880
2020,2000,Flanders region,I,I Accommodation and food service activities,M,Male,3,40 - 49 years,8563
2020,2000,Flanders region,I,I Accommodation and food service activities,M,Male,4,50 - 59 years,8415
2020,2000,Flanders region,I,I Accommodation and food service activities,M,Male,5,> 60 years,4211
2020,2000,Flanders region,J,J Information and communication,F,Female,1,< 30 years,513
2020,2000,Flanders region,J,J Information and communication,F,Female,2,30 - 39 years,1446
2020,2000,Flanders region,J,J Information and communication,F,Female,3,40 - 49 years,1929
2020,2000,Flanders region,J,J Information and communication,F,Female,4,50 - 59 years,1330
2020,2000,Flanders region,J,J Information and communication,F,Female,5,> 60 years,488
2020,2000,Flanders region,J,J Information and communication,M,Male,1,< 30 years,3270
2020,2000,Flanders region,J,J Information and communication,M,Male,2,30 - 39 years,8984
2020,2000,Flanders region,J,J Information and communication,M,Male,3,40 - 49 years,10142
2020,2000,Flanders region,J,J Information and communication,M,Male,4,50 - 59 years,7091
2020,2000,Flanders region,J,J Information and communication,M,Male,5,> 60 years,3600
2020,2000,Flanders region,K,K Financial and insurance activities,F,Female,1,< 30 years,111
2020,2000,Flanders region,K,K Financial and insurance activities,F,Female,2,30 - 39 years,496
2020,2000,Flanders region,K,K Financial and insurance activities,F,Female,3,40 - 49 years,1053
2020,2000,Flanders region,K,K Financial and insurance activities,F,Female,4,50 - 59 years,1713
2020,2000,Flanders region,K,K Financial and insurance activities,F,Female,5,> 60 years,1144
2020,2000,Flanders region,K,K Financial and insurance activities,M,Male,1,< 30 years,293
2020,2000,Flanders region,K,K Financial and insurance activities,M,Male,2,30 - 39 years,1366
2020,2000,Flanders region,K,K Financial and insurance activities,M,Male,3,40 - 49 years,2575
2020,2000,Flanders region,K,K Financial and insurance activities,M,Male,4,50 - 59 years,4903
2020,2000,Flanders region,K,K Financial and insurance activities,M,Male,5,> 60 years,5250
2020,2000,Flanders region,L,L Real estate activities,F,Female,1,< 30 years,824
2020,2000,Flanders region,L,L Real estate activities,F,Female,2,30 - 39 years,1849
2020,2000,Flanders region,L,L Real estate activities,F,Female,3,40 - 49 years,2833
2020,2000,Flanders region,L,L Real estate activities,F,Female,4,50 - 59 years,3300
2020,2000,Flanders region,L,L Real estate activities,F,Female,5,> 60 years,2354
2020,2000,Flanders region,L,L Real estate activities,M,Male,1,< 30 years,1327
2020,2000,Flanders region,L,L Real estate activities,M,Male,2,30 - 39 years,3689
2020,2000,Flanders region,L,L Real estate activities,M,Male,3,40 - 49 years,5783
2020,2000,Flanders region,L,L Real estate activities,M,Male,4,50 - 59 years,7779
2020,2000,Flanders region,L,L Real estate activities,M,Male,5,> 60 years,7350
2020,2000,Flanders region,M,"M Professional, scientific and technical activities",F,Female,1,< 30 years,6229
2020,2000,Flanders region,M,"M Professional, scientific and technical activities",F,Female,2,30 - 39 years,12339
2020,2000,Flanders region,M,"M Professional, scientific and technical activities",F,Female,3,40 - 49 years,14262
2020,2000,Flanders region,M,"M Professional, scientific and technical activities",F,Female,4,50 - 59 years,11615
2020,2000,Flanders region,M,"M Professional, scientific and technical activities",F,Female,5,> 60 years,4840
2020,2000,Flanders region,M,"M Professional, scientific and technical activities",M,Male,1,< 30 years,6707
2020,2000,Flanders region,M,"M Professional, scientific and technical activities",M,Male,2,30 - 39 years,20509
2020,2000,Flanders region,M,"M Professional, scientific and technical activities",M,Male,3,40 - 49 years,28603
2020,2000,Flanders region,M,"M Professional, scientific and technical activities",M,Male,4,50 - 59 years,30558
2020,2000,Flanders region,M,"M Professional, scientific and technical activities",M,Male,5,> 60 years,22266
2020,2000,Flanders region,N,N Administrative and support service activities,F,Female,1,< 30 years,825
2020,2000,Flanders region,N,N Administrative and support service activities,F,Female,2,30 - 39 years,2466
2020,2000,Flanders region,N,N Administrative and support service activities,F,Female,3,40 - 49 years,3533
2020,2000,Flanders region,N,N Administrative and support service activities,F,Female,4,50 - 59 years,3102
2020,2000,Flanders region,N,N Administrative and support service activities,F,Female,5,> 60 years,1647
2020,2000,Flanders region,N,N Administrative and support service activities,M,Male,1,< 30 years,4032
2020,2000,Flanders region,N,N Administrative and support service activities,M,Male,2,30 - 39 years,8435
2020,2000,Flanders region,N,N Administrative and support service activities,M,Male,3,40 - 49 years,9461
2020,2000,Flanders region,N,N Administrative and support service activities,M,Male,4,50 - 59 years,8502
2020,2000,Flanders region,N,N Administrative and support service activities,M,Male,5,> 60 years,6061
2020,2000,Flanders region,O,O Public administration and defence/ compulsory social security,F,Female,1,< 30 years,4
2020,2000,Flanders region,O,O Public administration and defence/ compulsory social security,F,Female,2,30 - 39 years,15
2020,2000,Flanders region,O,O Public administration and defence/ compulsory social security,F,Female,3,40 - 49 years,23
2020,2000,Flanders region,O,O Public administration and defence/ compulsory social security,F,Female,4,50 - 59 years,48
2020,2000,Flanders region,O,O Public administration and defence/ compulsory social security,F,Female,5,> 60 years,32
2020,2000,Flanders region,O,O Public administration and defence/ compulsory social security,M,Male,1,< 30 years,5
2020,2000,Flanders region,O,O Public administration and defence/ compulsory social security,M,Male,2,30 - 39 years,22
2020,2000,Flanders region,O,O Public administration and defence/ compulsory social security,M,Male,3,40 - 49 years,55
2020,2000,Flanders region,O,O Public administration and defence/ compulsory social security,M,Male,4,50 - 59 years,113
2020,2000,Flanders region,O,O Public administration and defence/ compulsory social security,M,Male,5,> 60 years,160
2020,2000,Flanders region,P,P Education,F,Female,1,< 30 years,1140
2020,2000,Flanders region,P,P Education,F,Female,2,30 - 39 years,2289
2020,2000,Flanders region,P,P Education,F,Female,3,40 - 49 years,2552
2020,2000,Flanders region,P,P Education,F,Female,4,50 - 59 years,1797
2020,2000,Flanders region,P,P Education,F,Female,5,> 60 years,824
2020,2000,Flanders region,P,P Education,M,Male,1,< 30 years,1135
2020,2000,Flanders region,P,P Education,M,Male,2,30 - 39 years,2143
2020,2000,Flanders region,P,P Education,M,Male,3,40 - 49 years,2398
2020,2000,Flanders region,P,P Education,M,Male,4,50 - 59 years,2520
2020,2000,Flanders region,P,P Education,M,Male,5,> 60 years,2068
2020,2000,Flanders region,Q,Q Human health and social work activities,F,Female,1,< 30 years,8677
2020,2000,Flanders region,Q,Q Human health and social work activities,F,Female,2,30 - 39 years,13646
2020,2000,Flanders region,Q,Q Human health and social work activities,F,Female,3,40 - 49 years,12751
2020,2000,Flanders region,Q,Q Human health and social work activities,F,Female,4,50 - 59 years,9670
2020,2000,Flanders region,Q,Q Human health and social work activities,F,Female,5,> 60 years,4479
2020,2000,Flanders region,Q,Q Human health and social work activities,M,Male,1,< 30 years,2542
2020,2000,Flanders region,Q,Q Human health and social work activities,M,Male,2,30 - 39 years,4875
2020,2000,Flanders region,Q,Q Human health and social work activities,M,Male,3,40 - 49 years,6077
2020,2000,Flanders region,Q,Q Human health and social work activities,M,Male,4,50 - 59 years,7606
2020,2000,Flanders region,Q,Q Human health and social work activities,M,Male,5,> 60 years,10791
2020,2000,Flanders region,R,"R Arts, entertainment and recreation",F,Female,1,< 30 years,1055
2020,2000,Flanders region,R,"R Arts, entertainment and recreation",F,Female,2,30 - 39 years,2330
2020,2000,Flanders region,R,"R Arts, entertainment and recreation",F,Female,3,40 - 49 years,2533
2020,2000,Flanders region,R,"R Arts, entertainment and recreation",F,Female,4,50 - 59 years,2073
2020,2000,Flanders region,R,"R Arts, entertainment and recreation",F,Female,5,> 60 years,1132
2020,2000,Flanders region,R,"R Arts, entertainment and recreation",M,Male,1,< 30 years,2579
2020,2000,Flanders region,R,"R Arts, entertainment and recreation",M,Male,2,30 - 39 years,5857
2020,2000,Flanders region,R,"R Arts, entertainment and recreation",M,Male,3,40 - 49 years,7176
2020,2000,Flanders region,R,"R Arts, entertainment and recreation",M,Male,4,50 - 59 years,7067
2020,2000,Flanders region,R,"R Arts, entertainment and recreation",M,Male,5,> 60 years,5145
2020,2000,Flanders region,S,S Other service activities,F,Female,1,< 30 years,6382
2020,2000,Flanders region,S,S Other service activities,F,Female,2,30 - 39 years,10328
2020,2000,Flanders region,S,S Other service activities,F,Female,3,40 - 49 years,11050
2020,2000,Flanders region,S,S Other service activities,F,Female,4,50 - 59 years,9814
2020,2000,Flanders region,S,S Other service activities,F,Female,5,> 60 years,4152
2020,2000,Flanders region,S,S Other service activities,M,Male,1,< 30 years,2325
2020,2000,Flanders region,S,S Other service activities,M,Male,2,30 - 39 years,6409
2020,2000,Flanders region,S,S Other service activities,M,Male,3,40 - 49 years,9355
2020,2000,Flanders region,S,S Other service activities,M,Male,4,50 - 59 years,11411
2020,2000,Flanders region,S,S Other service activities,M,Male,5,> 60 years,9802
2020,2000,Flanders region,T,T Activities of households as employers/ undifferentiated goods- and services-producing activities of households for own use,F,Female,1,< 30 years,1
2020,2000,Flanders region,T,T Activities of households as employers/ undifferentiated goods- and services-producing activities of households for own use,F,Female,2,30 - 39 years,17
2020,2000,Flanders region,T,T Activities of households as employers/ undifferentiated goods- and services-producing activities of households for own use,F,Female,3,40 - 49 years,36
2020,2000,Flanders region,T,T Activities of households as employers/ undifferentiated goods- and services-producing activities of households for own use,F,Female,4,50 - 59 years,36
2020,2000,Flanders region,T,T Activities of households as employers/ undifferentiated goods- and services-producing activities of households for own use,F,Female,5,> 60 years,29
2020,2000,Flanders region,T,T Activities of households as employers/ undifferentiated goods- and services-producing activities of households for own use,M,Male,1,< 30 years,4
2020,2000,Flanders region,T,T Activities of households as employers/ undifferentiated goods- and services-producing activities of households for own use,M,Male,2,30 - 39 years,26
2020,2000,Flanders region,T,T Activities of households as employers/ undifferentiated goods- and services-producing activities of households for own use,M,Male,3,40 - 49 years,79
2020,2000,Flanders region,T,T Activities of households as employers/ undifferentiated goods- and services-producing activities of households for own use,M,Male,4,50 - 59 years,82
2020,2000,Flanders region,T,T Activities of households as employers/ undifferentiated goods- and services-producing activities of households for own use,M,Male,5,> 60 years,135
2020,2000,Flanders region,U,U Activities of extraterritorial organisations and bodies,F,Female,3,40 - 49 years,1
2020,2000,Flanders region,U,U Activities of extraterritorial organisations and bodies,M,Male,3,40 - 49 years,1
2020,2000,Flanders region,X,Unkown economic activity,F,Female,1,< 30 years,4
2020,2000,Flanders region,X,Unkown economic activity,F,Female,2,30 - 39 years,10
2020,2000,Flanders region,X,Unkown economic activity,F,Female,3,40 - 49 years,6
2020,2000,Flanders region,X,Unkown economic activity,F,Female,4,50 - 59 years,7
2020,2000,Flanders region,X,Unkown economic activity,F,Female,5,> 60 years,11
2020,2000,Flanders region,X,Unkown economic activity,M,Male,1,< 30 years,5
2020,2000,Flanders region,X,Unkown economic activity,M,Male,2,30 - 39 years,10
2020,2000,Flanders region,X,Unkown economic activity,M,Male,3,40 - 49 years,10
2020,2000,Flanders region,X,Unkown economic activity,M,Male,4,50 - 59 years,10
2020,2000,Flanders region,X,Unkown economic activity,M,Male,5,> 60 years,16
2020,3000,Walloon region,A,"A Agriculture, forestry and fishing",F,Female,1,< 30 years,148
2020,3000,Walloon region,A,"A Agriculture, forestry and fishing",F,Female,2,30 - 39 years,564
2020,3000,Walloon region,A,"A Agriculture, forestry and fishing",F,Female,3,40 - 49 years,759
2020,3000,Walloon region,A,"A Agriculture, forestry and fishing",F,Female,4,50 - 59 years,1181
2020,3000,Walloon region,A,"A Agriculture, forestry and fishing",F,Female,5,> 60 years,1592
2020,3000,Walloon region,A,"A Agriculture, forestry and fishing",M,Male,1,< 30 years,1053
2020,3000,Walloon region,A,"A Agriculture, forestry and fishing",M,Male,2,30 - 39 years,2555
2020,3000,Walloon region,A,"A Agriculture, forestry and fishing",M,Male,3,40 - 49 years,3196
2020,3000,Walloon region,A,"A Agriculture, forestry and fishing",M,Male,4,50 - 59 years,5095
2020,3000,Walloon region,A,"A Agriculture, forestry and fishing",M,Male,5,> 60 years,5653
2020,3000,Walloon region,B,B Mining and quarrying,F,Female,2,30 - 39 years,5
2020,3000,Walloon region,B,B Mining and quarrying,F,Female,3,40 - 49 years,8
2020,3000,Walloon region,B,B Mining and quarrying,F,Female,4,50 - 59 years,6
2020,3000,Walloon region,B,B Mining and quarrying,F,Female,5,> 60 years,6
2020,3000,Walloon region,B,B Mining and quarrying,M,Male,2,30 - 39 years,12
2020,3000,Walloon region,B,B Mining and quarrying,M,Male,3,40 - 49 years,29
2020,3000,Walloon region,B,B Mining and quarrying,M,Male,4,50 - 59 years,39
2020,3000,Walloon region,B,B Mining and quarrying,M,Male,5,> 60 years,38
2020,3000,Walloon region,C,C Manufacturing,F,Female,1,< 30 years,279
2020,3000,Walloon region,C,C Manufacturing,F,Female,2,30 - 39 years,907
2020,3000,Walloon region,C,C Manufacturing,F,Female,3,40 - 49 years,1107
2020,3000,Walloon region,C,C Manufacturing,F,Female,4,50 - 59 years,941
2020,3000,Walloon region,C,C Manufacturing,F,Female,5,> 60 years,644
2020,3000,Walloon region,C,C Manufacturing,M,Male,1,< 30 years,712
2020,3000,Walloon region,C,C Manufacturing,M,Male,2,30 - 39 years,2248
2020,3000,Walloon region,C,C Manufacturing,M,Male,3,40 - 49 years,3097
2020,3000,Walloon region,C,C Manufacturing,M,Male,4,50 - 59 years,3818
2020,3000,Walloon region,C,C Manufacturing,M,Male,5,> 60 years,3074
2020,3000,Walloon region,D,"D Electricity, gas, steam and air conditioning supply",F,Female,1,< 30 years,2
2020,3000,Walloon region,D,"D Electricity, gas, steam and air conditioning supply",F,Female,2,30 - 39 years,5
2020,3000,Walloon region,D,"D Electricity, gas, steam and air conditioning supply",F,Female,3,40 - 49 years,9
2020,3000,Walloon region,D,"D Electricity, gas, steam and air conditioning supply",F,Female,4,50 - 59 years,18
2020,3000,Walloon region,D,"D Electricity, gas, steam and air conditioning supply",F,Female,5,> 60 years,9
2020,3000,Walloon region,D,"D Electricity, gas, steam and air conditioning supply",M,Male,1,< 30 years,17
2020,3000,Walloon region,D,"D Electricity, gas, steam and air conditioning supply",M,Male,2,30 - 39 years,44
2020,3000,Walloon region,D,"D Electricity, gas, steam and air conditioning supply",M,Male,3,40 - 49 years,81
2020,3000,Walloon region,D,"D Electricity, gas, steam and air conditioning supply",M,Male,4,50 - 59 years,66
2020,3000,Walloon region,D,"D Electricity, gas, steam and air conditioning supply",M,Male,5,> 60 years,85
2020,3000,Walloon region,E,"E Water supply/ sewerage, waste management and remediation activities",F,Female,1,< 30 years,3
2020,3000,Walloon region,E,"E Water supply/ sewerage, waste management and remediation activities",F,Female,2,30 - 39 years,15
2020,3000,Walloon region,E,"E Water supply/ sewerage, waste management and remediation activities",F,Female,3,40 - 49 years,22
2020,3000,Walloon region,E,"E Water supply/ sewerage, waste management and remediation activities",F,Female,4,50 - 59 years,36
2020,3000,Walloon region,E,"E Water supply/ sewerage, waste management and remediation activities",F,Female,5,> 60 years,28
2020,3000,Walloon region,E,"E Water supply/ sewerage, waste management and remediation activities",M,Male,1,< 30 years,33
2020,3000,Walloon region,E,"E Water supply/ sewerage, waste management and remediation activities",M,Male,2,30 - 39 years,129
2020,3000,Walloon region,E,"E Water supply/ sewerage, waste management and remediation activities",M,Male,3,40 - 49 years,158
2020,3000,Walloon region,E,"E Water supply/ sewerage, waste management and remediation activities",M,Male,4,50 - 59 years,169
2020,3000,Walloon region,E,"E Water supply/ sewerage, waste management and remediation activities",M,Male,5,> 60 years,209
2020,3000,Walloon region,F,F Construction,F,Female,1,< 30 years,125
2020,3000,Walloon region,F,F Construction,F,Female,2,30 - 39 years,525
2020,3000,Walloon region,F,F Construction,F,Female,3,40 - 49 years,696
2020,3000,Walloon region,F,F Construction,F,Female,4,50 - 59 years,710
2020,3000,Walloon region,F,F Construction,F,Female,5,> 60 years,461
2020,3000,Walloon region,F,F Construction,M,Male,1,< 30 years,2856
2020,3000,Walloon region,F,F Construction,M,Male,2,30 - 39 years,9304
2020,3000,Walloon region,F,F Construction,M,Male,3,40 - 49 years,11269
2020,3000,Walloon region,F,F Construction,M,Male,4,50 - 59 years,10106
2020,3000,Walloon region,F,F Construction,M,Male,5,> 60 years,6167
2020,3000,Walloon region,G,G Wholesale and retail trade/ repair of motor vehicles and motorcycles,F,Female,1,< 30 years,1535
2020,3000,Walloon region,G,G Wholesale and retail trade/ repair of motor vehicles and motorcycles,F,Female,2,30 - 39 years,4211
2020,3000,Walloon region,G,G Wholesale and retail trade/ repair of motor vehicles and motorcycles,F,Female,3,40 - 49 years,5391
2020,3000,Walloon region,G,G Wholesale and retail trade/ repair of motor vehicles and motorcycles,F,Female,4,50 - 59 years,4931
2020,3000,Walloon region,G,G Wholesale and retail trade/ repair of motor vehicles and motorcycles,F,Female,5,> 60 years,3284
2020,3000,Walloon region,G,G Wholesale and retail trade/ repair of motor vehicles and motorcycles,M,Male,1,< 30 years,2424
2020,3000,Walloon region,G,G Wholesale and retail trade/ repair of motor vehicles and motorcycles,M,Male,2,30 - 39 years,7051
2020,3000,Walloon region,G,G Wholesale and retail trade/ repair of motor vehicles and motorcycles,M,Male,3,40 - 49 years,10321
2020,3000,Walloon region,G,G Wholesale and retail trade/ repair of motor vehicles and motorcycles,M,Male,4,50 - 59 years,11829
2020,3000,Walloon region,G,G Wholesale and retail trade/ repair of motor vehicles and motorcycles,M,Male,5,> 60 years,9670
2020,3000,Walloon region,H,H Transportation and storage,F,Female,1,< 30 years,70
2020,3000,Walloon region,H,H Transportation and storage,F,Female,2,30 - 39 years,130
2020,3000,Walloon region,H,H Transportation and storage,F,Female,3,40 - 49 years,202
2020,3000,Walloon region,H,H Transportation and storage,F,Female,4,50 - 59 years,216
2020,3000,Walloon region,H,H Transportation and storage,F,Female,5,> 60 years,143
2020,3000,Walloon region,H,H Transportation and storage,M,Male,1,< 30 years,376
2020,3000,Walloon region,H,H Transportation and storage,M,Male,2,30 - 39 years,927
2020,3000,Walloon region,H,H Transportation and storage,M,Male,3,40 - 49 years,1360
2020,3000,Walloon region,H,H Transportation and storage,M,Male,4,50 - 59 years,1473
2020,3000,Walloon region,H,H Transportation and storage,M,Male,5,> 60 years,1096
2020,3000,Walloon region,I,I Accommodation and food service activities,F,Female,1,< 30 years,500
2020,3000,Walloon region,I,I Accommodation and food service activities,F,Female,2,30 - 39 years,1395
2020,3000,Walloon region,I,I Accommodation and food service activities,F,Female,3,40 - 49 years,1953
2020,3000,Walloon region,I,I Accommodation and food service activities,F,Female,4,50 - 59 years,1753
2020,3000,Walloon region,I,I Accommodation and food service activities,F,Female,5,> 60 years,1129
2020,3000,Walloon region,I,I Accommodation and food service activities,M,Male,1,< 30 years,1081
2020,3000,Walloon region,I,I Accommodation and food service activities,M,Male,2,30 - 39 years,3037
2020,3000,Walloon region,I,I Accommodation and food service activities,M,Male,3,40 - 49 years,4125
2020,3000,Walloon region,I,I Accommodation and food service activities,M,Male,4,50 - 59 years,3892
2020,3000,Walloon region,I,I Accommodation and food service activities,M,Male,5,> 60 years,2405
2020,3000,Walloon region,J,J Information and communication,F,Female,1,< 30 years,135
2020,3000,Walloon region,J,J Information and communication,F,Female,2,30 - 39 years,504
2020,3000,Walloon region,J,J Information and communication,F,Female,3,40 - 49 years,598
2020,3000,Walloon region,J,J Information and communication,F,Female,4,50 - 59 years,485
2020,3000,Walloon region,J,J Information and communication,F,Female,5,> 60 years,256
2020,3000,Walloon region,J,J Information and communication,M,Male,1,< 30 years,765
2020,3000,Walloon region,J,J Information and communication,M,Male,2,30 - 39 years,2974
2020,3000,Walloon region,J,J Information and communication,M,Male,3,40 - 49 years,3843
2020,3000,Walloon region,J,J Information and communication,M,Male,4,50 - 59 years,2950
2020,3000,Walloon region,J,J Information and communication,M,Male,5,> 60 years,1683
2020,3000,Walloon region,K,K Financial and insurance activities,F,Female,1,< 30 years,40
2020,3000,Walloon region,K,K Financial and insurance activities,F,Female,2,30 - 39 years,235
2020,3000,Walloon region,K,K Financial and insurance activities,F,Female,3,40 - 49 years,430
2020,3000,Walloon region,K,K Financial and insurance activities,F,Female,4,50 - 59 years,401
2020,3000,Walloon region,K,K Financial and insurance activities,F,Female,5,> 60 years,326
2020,3000,Walloon region,K,K Financial and insurance activities,M,Male,1,< 30 years,130
2020,3000,Walloon region,K,K Financial and insurance activities,M,Male,2,30 - 39 years,776
2020,3000,Walloon region,K,K Financial and insurance activities,M,Male,3,40 - 49 years,1331
2020,3000,Walloon region,K,K Financial and insurance activities,M,Male,4,50 - 59 years,1874
2020,3000,Walloon region,K,K Financial and insurance activities,M,Male,5,> 60 years,1852
2020,3000,Walloon region,L,L Real estate activities,F,Female,1,< 30 years,295
2020,3000,Walloon region,L,L Real estate activities,F,Female,2,30 - 39 years,787
2020,3000,Walloon region,L,L Real estate activities,F,Female,3,40 - 49 years,946
2020,3000,Walloon region,L,L Real estate activities,F,Female,4,50 - 59 years,986
2020,3000,Walloon region,L,L Real estate activities,F,Female,5,> 60 years,862
2020,3000,Walloon region,L,L Real estate activities,M,Male,1,< 30 years,535
2020,3000,Walloon region,L,L Real estate activities,M,Male,2,30 - 39 years,1720
2020,3000,Walloon region,L,L Real estate activities,M,Male,3,40 - 49 years,2511
2020,3000,Walloon region,L,L Real estate activities,M,Male,4,50 - 59 years,2925
2020,3000,Walloon region,L,L Real estate activities,M,Male,5,> 60 years,2805
2020,3000,Walloon region,M,"M Professional, scientific and technical activities",F,Female,1,< 30 years,2173
2020,3000,Walloon region,M,"M Professional, scientific and technical activities",F,Female,2,30 - 39 years,4498
2020,3000,Walloon region,M,"M Professional, scientific and technical activities",F,Female,3,40 - 49 years,4928
2020,3000,Walloon region,M,"M Professional, scientific and technical activities",F,Female,4,50 - 59 years,3657
2020,3000,Walloon region,M,"M Professional, scientific and technical activities",F,Female,5,> 60 years,2014
2020,3000,Walloon region,M,"M Professional, scientific and technical activities",M,Male,1,< 30 years,1971
2020,3000,Walloon region,M,"M Professional, scientific and technical activities",M,Male,2,30 - 39 years,7192
2020,3000,Walloon region,M,"M Professional, scientific and technical activities",M,Male,3,40 - 49 years,10401
2020,3000,Walloon region,M,"M Professional, scientific and technical activities",M,Male,4,50 - 59 years,10805
2020,3000,Walloon region,M,"M Professional, scientific and technical activities",M,Male,5,> 60 years,9986
2020,3000,Walloon region,N,N Administrative and support service activities,F,Female,1,< 30 years,277
2020,3000,Walloon region,N,N Administrative and support service activities,F,Female,2,30 - 39 years,1021
2020,3000,Walloon region,N,N Administrative and support service activities,F,Female,3,40 - 49 years,1539
2020,3000,Walloon region,N,N Administrative and support service activities,F,Female,4,50 - 59 years,1389
2020,3000,Walloon region,N,N Administrative and support service activities,F,Female,5,> 60 years,850
2020,3000,Walloon region,N,N Administrative and support service activities,M,Male,1,< 30 years,1516
2020,3000,Walloon region,N,N Administrative and support service activities,M,Male,2,30 - 39 years,3662
2020,3000,Walloon region,N,N Administrative and support service activities,M,Male,3,40 - 49 years,4204
2020,3000,Walloon region,N,N Administrative and support service activities,M,Male,4,50 - 59 years,3923
2020,3000,Walloon region,N,N Administrative and support service activities,M,Male,5,> 60 years,2927
2020,3000,Walloon region,O,O Public administration and defence/ compulsory social security,F,Female,1,< 30 years,1
2020,3000,Walloon region,O,O Public administration and defence/ compulsory social security,F,Female,2,30 - 39 years,18
2020,3000,Walloon region,O,O Public administration and defence/ compulsory social security,F,Female,3,40 - 49 years,36
2020,3000,Walloon region,O,O Public administration and defence/ compulsory social security,F,Female,4,50 - 59 years,37
2020,3000,Walloon region,O,O Public administration and defence/ compulsory social security,F,Female,5,> 60 years,24
2020,3000,Walloon region,O,O Public administration and defence/ compulsory social security,M,Male,1,< 30 years,3
2020,3000,Walloon region,O,O Public administration and defence/ compulsory social security,M,Male,2,30 - 39 years,20
2020,3000,Walloon region,O,O Public administration and defence/ compulsory social security,M,Male,3,40 - 49 years,46
2020,3000,Walloon region,O,O Public administration and defence/ compulsory social security,M,Male,4,50 - 59 years,114
2020,3000,Walloon region,O,O Public administration and defence/ compulsory social security,M,Male,5,> 60 years,151
2020,3000,Walloon region,P,P Education,F,Female,1,< 30 years,376
2020,3000,Walloon region,P,P Education,F,Female,2,30 - 39 years,1018
2020,3000,Walloon region,P,P Education,F,Female,3,40 - 49 years,1324
2020,3000,Walloon region,P,P Education,F,Female,4,50 - 59 years,1002
2020,3000,Walloon region,P,P Education,F,Female,5,> 60 years,566
2020,3000,Walloon region,P,P Education,M,Male,1,< 30 years,456
2020,3000,Walloon region,P,P Education,M,Male,2,30 - 39 years,1098
2020,3000,Walloon region,P,P Education,M,Male,3,40 - 49 years,1470
2020,3000,Walloon region,P,P Education,M,Male,4,50 - 59 years,1333
2020,3000,Walloon region,P,P Education,M,Male,5,> 60 years,1272
2020,3000,Walloon region,Q,Q Human health and social work activities,F,Female,1,< 30 years,4743
2020,3000,Walloon region,Q,Q Human health and social work activities,F,Female,2,30 - 39 years,8490
2020,3000,Walloon region,Q,Q Human health and social work activities,F,Female,3,40 - 49 years,8566
2020,3000,Walloon region,Q,Q Human health and social work activities,F,Female,4,50 - 59 years,6634
2020,3000,Walloon region,Q,Q Human health and social work activities,F,Female,5,> 60 years,4094
2020,3000,Walloon region,Q,Q Human health and social work activities,M,Male,1,< 30 years,1616
2020,3000,Walloon region,Q,Q Human health and social work activities,M,Male,2,30 - 39 years,3225
2020,3000,Walloon region,Q,Q Human health and social work activities,M,Male,3,40 - 49 years,4351
2020,3000,Walloon region,Q,Q Human health and social work activities,M,Male,4,50 - 59 years,4855
2020,3000,Walloon region,Q,Q Human health and social work activities,M,Male,5,> 60 years,7116
2020,3000,Walloon region,R,"R Arts, entertainment and recreation",F,Female,1,< 30 years,282
2020,3000,Walloon region,R,"R Arts, entertainment and recreation",F,Female,2,30 - 39 years,907
2020,3000,Walloon region,R,"R Arts, entertainment and recreation",F,Female,3,40 - 49 years,1217
2020,3000,Walloon region,R,"R Arts, entertainment and recreation",F,Female,4,50 - 59 years,1017
2020,3000,Walloon region,R,"R Arts, entertainment and recreation",F,Female,5,> 60 years,703
2020,3000,Walloon region,R,"R Arts, entertainment and recreation",M,Male,1,< 30 years,653
2020,3000,Walloon region,R,"R Arts, entertainment and recreation",M,Male,2,30 - 39 years,1980
2020,3000,Walloon region,R,"R Arts, entertainment and recreation",M,Male,3,40 - 49 years,2861
2020,3000,Walloon region,R,"R Arts, entertainment and recreation",M,Male,4,50 - 59 years,2895
2020,3000,Walloon region,R,"R Arts, entertainment and recreation",M,Male,5,> 60 years,2627
2020,3000,Walloon region,S,S Other service activities,F,Female,1,< 30 years,2147
2020,3000,Walloon region,S,S Other service activities,F,Female,2,30 - 39 years,4952
2020,3000,Walloon region,S,S Other service activities,F,Female,3,40 - 49 years,5453
2020,3000,Walloon region,S,S Other service activities,F,Female,4,50 - 59 years,4903
2020,3000,Walloon region,S,S Other service activities,F,Female,5,> 60 years,3084
2020,3000,Walloon region,S,S Other service activities,M,Male,1,< 30 years,951
2020,3000,Walloon region,S,S Other service activities,M,Male,2,30 - 39 years,3392
2020,3000,Walloon region,S,S Other service activities,M,Male,3,40 - 49 years,5674
2020,3000,Walloon region,S,S Other service activities,M,Male,4,50 - 59 years,6703
2020,3000,Walloon region,S,S Other service activities,M,Male,5,> 60 years,7303
2020,3000,Walloon region,T,T Activities of households as employers/ undifferentiated goods- and services-producing activities of households for own use,F,Female,2,30 - 39 years,4
2020,3000,Walloon region,T,T Activities of households as employers/ undifferentiated goods- and services-producing activities of households for own use,F,Female,3,40 - 49 years,15
2020,3000,Walloon region,T,T Activities of households as employers/ undifferentiated goods- and services-producing activities of households for own use,F,Female,4,50 - 59 years,7
2020,3000,Walloon region,T,T Activities of households as employers/ undifferentiated goods- and services-producing activities of households for own use,F,Female,5,> 60 years,10
2020,3000,Walloon region,T,T Activities of households as employers/ undifferentiated goods- and services-producing activities of households for own use,M,Male,1,< 30 years,2
2020,3000,Walloon region,T,T Activities of households as employers/ undifferentiated goods- and services-producing activities of households for own use,M,Male,2,30 - 39 years,11
2020,3000,Walloon region,T,T Activities of households as employers/ undifferentiated goods- and services-producing activities of households for own use,M,Male,3,40 - 49 years,18
2020,3000,Walloon region,T,T Activities of households as employers/ undifferentiated goods- and services-producing activities of households for own use,M,Male,4,50 - 59 years,23
2020,3000,Walloon region,T,T Activities of households as employers/ undifferentiated goods- and services-producing activities of households for own use,M,Male,5,> 60 years,46
2020,3000,Walloon region,U,U Activities of extraterritorial organisations and bodies,F,Female,2,30 - 39 years,1
2020,3000,Walloon region,U,U Activities of extraterritorial organisations and bodies,M,Male,3,40 - 49 years,1
2020,3000,Walloon region,X,Unkown economic activity,F,Female,1,< 30 years,3
2020,3000,Walloon region,X,Unkown economic activity,F,Female,2,30 - 39 years,5
2020,3000,Walloon region,X,Unkown economic activity,F,Female,3,40 - 49 years,2
2020,3000,Walloon region,X,Unkown economic activity,F,Female,4,50 - 59 years,1
2020,3000,Walloon region,X,Unkown economic activity,M,Male,1,< 30 years,4
2020,3000,Walloon region,X,Unkown economic activity,M,Male,2,30 - 39 years,4
2020,3000,Walloon region,X,Unkown economic activity,M,Male,3,40 - 49 years,5
2020,3000,Walloon region,X,Unkown economic activity,M,Male,4,50 - 59 years,3
2020,3000,Walloon region,X,Unkown economic activity,M,Male,5,> 60 years,2
2020,4000,Brussels-Capital region,A,"A Agriculture, forestry and fishing",F,Female,1,< 30 years,8
2020,4000,Brussels-Capital region,A,"A Agriculture, forestry and fishing",F,Female,2,30 - 39 years,19
2020,4000,Brussels-Capital region,A,"A Agriculture, forestry and fishing",F,Female,3,40 - 49 years,20
2020,4000,Brussels-Capital region,A,"A Agriculture, forestry and fishing",F,Female,4,50 - 59 years,27
2020,4000,Brussels-Capital region,A,"A Agriculture, forestry and fishing",F,Female,5,> 60 years,25
2020,4000,Brussels-Capital region,A,"A Agriculture, forestry and fishing",M,Male,1,< 30 years,19
2020,4000,Brussels-Capital region,A,"A Agriculture, forestry and fishing",M,Male,2,30 - 39 years,73
2020,4000,Brussels-Capital region,A,"A Agriculture, forestry and fishing",M,Male,3,40 - 49 years,76
2020,4000,Brussels-Capital region,A,"A Agriculture, forestry and fishing",M,Male,4,50 - 59 years,71
2020,4000,Brussels-Capital region,A,"A Agriculture, forestry and fishing",M,Male,5,> 60 years,88
2020,4000,Brussels-Capital region,B,B Mining and quarrying,F,Female,3,40 - 49 years,1
2020,4000,Brussels-Capital region,B,B Mining and quarrying,M,Male,2,30 - 39 years,5
2020,4000,Brussels-Capital region,B,B Mining and quarrying,M,Male,3,40 - 49 years,2
2020,4000,Brussels-Capital region,B,B Mining and quarrying,M,Male,4,50 - 59 years,2
2020,4000,Brussels-Capital region,B,B Mining and quarrying,M,Male,5,> 60 years,6
2020,4000,Brussels-Capital region,C,C Manufacturing,F,Female,1,< 30 years,66
2020,4000,Brussels-Capital region,C,C Manufacturing,F,Female,2,30 - 39 years,205
2020,4000,Brussels-Capital region,C,C Manufacturing,F,Female,3,40 - 49 years,246
2020,4000,Brussels-Capital region,C,C Manufacturing,F,Female,4,50 - 59 years,244
2020,4000,Brussels-Capital region,C,C Manufacturing,F,Female,5,> 60 years,161
2020,4000,Brussels-Capital region,C,C Manufacturing,M,Male,1,< 30 years,165
2020,4000,Brussels-Capital region,C,C Manufacturing,M,Male,2,30 - 39 years,617
2020,4000,Brussels-Capital region,C,C Manufacturing,M,Male,3,40 - 49 years,799
2020,4000,Brussels-Capital region,C,C Manufacturing,M,Male,4,50 - 59 years,852
2020,4000,Brussels-Capital region,C,C Manufacturing,M,Male,5,> 60 years,659
2020,4000,Brussels-Capital region,D,"D Electricity, gas, steam and air conditioning supply",F,Female,1,< 30 years,1
2020,4000,Brussels-Capital region,D,"D Electricity, gas, steam and air conditioning supply",F,Female,2,30 - 39 years,3
2020,4000,Brussels-Capital region,D,"D Electricity, gas, steam and air conditioning supply",F,Female,3,40 - 49 years,5
2020,4000,Brussels-Capital region,D,"D Electricity, gas, steam and air conditioning supply",F,Female,4,50 - 59 years,5
2020,4000,Brussels-Capital region,D,"D Electricity, gas, steam and air conditioning supply",F,Female,5,> 60 years,2
2020,4000,Brussels-Capital region,D,"D Electricity, gas, steam and air conditioning supply",M,Male,1,< 30 years,7
2020,4000,Brussels-Capital region,D,"D Electricity, gas, steam and air conditioning supply",M,Male,2,30 - 39 years,22
2020,4000,Brussels-Capital region,D,"D Electricity, gas, steam and air conditioning supply",M,Male,3,40 - 49 years,27
2020,4000,Brussels-Capital region,D,"D Electricity, gas, steam and air conditioning supply",M,Male,4,50 - 59 years,55
2020,4000,Brussels-Capital region,D,"D Electricity, gas, steam and air conditioning supply",M,Male,5,> 60 years,31
2020,4000,Brussels-Capital region,E,"E Water supply/ sewerage, waste management and remediation activities",F,Female,1,< 30 years,1
2020,4000,Brussels-Capital region,E,"E Water supply/ sewerage, waste management and remediation activities",F,Female,2,30 - 39 years,7
2020,4000,Brussels-Capital region,E,"E Water supply/ sewerage, waste management and remediation activities",F,Female,3,40 - 49 years,7
2020,4000,Brussels-Capital region,E,"E Water supply/ sewerage, waste management and remediation activities",F,Female,4,50 - 59 years,9
2020,4000,Brussels-Capital region,E,"E Water supply/ sewerage, waste management and remediation activities",F,Female,5,> 60 years,6
2020,4000,Brussels-Capital region,E,"E Water supply/ sewerage, waste management and remediation activities",M,Male,1,< 30 years,4
2020,4000,Brussels-Capital region,E,"E Water supply/ sewerage, waste management and remediation activities",M,Male,2,30 - 39 years,19
2020,4000,Brussels-Capital region,E,"E Water supply/ sewerage, waste management and remediation activities",M,Male,3,40 - 49 years,22
2020,4000,Brussels-Capital region,E,"E Water supply/ sewerage, waste management and remediation activities",M,Male,4,50 - 59 years,30
2020,4000,Brussels-Capital region,E,"E Water supply/ sewerage, waste management and remediation activities",M,Male,5,> 60 years,30
2020,4000,Brussels-Capital region,F,F Construction,F,Female,1,< 30 years,94
2020,4000,Brussels-Capital region,F,F Construction,F,Female,2,30 - 39 years,259
2020,4000,Brussels-Capital region,F,F Construction,F,Female,3,40 - 49 years,340
2020,4000,Brussels-Capital region,F,F Construction,F,Female,4,50 - 59 years,242
2020,4000,Brussels-Capital region,F,F Construction,F,Female,5,> 60 years,162
2020,4000,Brussels-Capital region,F,F Construction,M,Male,1,< 30 years,1310
2020,4000,Brussels-Capital region,F,F Construction,M,Male,2,30 - 39 years,4104
2020,4000,Brussels-Capital region,F,F Construction,M,Male,3,40 - 49 years,4955
2020,4000,Brussels-Capital region,F,F Construction,M,Male,4,50 - 59 years,3532
2020,4000,Brussels-Capital region,F,F Construction,M,Male,5,> 60 years,1614
2020,4000,Brussels-Capital region,G,G Wholesale and retail trade/ repair of motor vehicles and motorcycles,F,Female,1,< 30 years,314
2020,4000,Brussels-Capital region,G,G Wholesale and retail trade/ repair of motor vehicles and motorcycles,F,Female,2,30 - 39 years,967
2020,4000,Brussels-Capital region,G,G Wholesale and retail trade/ repair of motor vehicles and motorcycles,F,Female,3,40 - 49 years,1250
2020,4000,Brussels-Capital region,G,G Wholesale and retail trade/ repair of motor vehicles and motorcycles,F,Female,4,50 - 59 years,1197
2020,4000,Brussels-Capital region,G,G Wholesale and retail trade/ repair of motor vehicles and motorcycles,F,Female,5,> 60 years,893
2020,4000,Brussels-Capital region,G,G Wholesale and retail trade/ repair of motor vehicles and motorcycles,M,Male,1,< 30 years,1106
2020,4000,Brussels-Capital region,G,G Wholesale and retail trade/ repair of motor vehicles and motorcycles,M,Male,2,30 - 39 years,3325
2020,4000,Brussels-Capital region,G,G Wholesale and retail trade/ repair of motor vehicles and motorcycles,M,Male,3,40 - 49 years,4580
2020,4000,Brussels-Capital region,G,G Wholesale and retail trade/ repair of motor vehicles and motorcycles,M,Male,4,50 - 59 years,4501
2020,4000,Brussels-Capital region,G,G Wholesale and retail trade/ repair of motor vehicles and motorcycles,M,Male,5,> 60 years,3126
2020,4000,Brussels-Capital region,H,H Transportation and storage,F,Female,1,< 30 years,81
2020,4000,Brussels-Capital region,H,H Transportation and storage,F,Female,2,30 - 39 years,139
2020,4000,Brussels-Capital region,H,H Transportation and storage,F,Female,3,40 - 49 years,128
2020,4000,Brussels-Capital region,H,H Transportation and storage,F,Female,4,50 - 59 years,89
2020,4000,Brussels-Capital region,H,H Transportation and storage,F,Female,5,> 60 years,45
2020,4000,Brussels-Capital region,H,H Transportation and storage,M,Male,1,< 30 years,758
2020,4000,Brussels-Capital region,H,H Transportation and storage,M,Male,2,30 - 39 years,1489
2020,4000,Brussels-Capital region,H,H Transportation and storage,M,Male,3,40 - 49 years,1452
2020,4000,Brussels-Capital region,H,H Transportation and storage,M,Male,4,50 - 59 years,883
2020,4000,Brussels-Capital region,H,H Transportation and storage,M,Male,5,> 60 years,475
2020,4000,Brussels-Capital region,I,I Accommodation and food service activities,F,Female,1,< 30 years,180
2020,4000,Brussels-Capital region,I,I Accommodation and food service activities,F,Female,2,30 - 39 years,615
2020,4000,Brussels-Capital region,I,I Accommodation and food service activities,F,Female,3,40 - 49 years,698
2020,4000,Brussels-Capital region,I,I Accommodation and food service activities,F,Female,4,50 - 59 years,508
2020,4000,Brussels-Capital region,I,I Accommodation and food service activities,F,Female,5,> 60 years,265
2020,4000,Brussels-Capital region,I,I Accommodation and food service activities,M,Male,1,< 30 years,658
2020,4000,Brussels-Capital region,I,I Accommodation and food service activities,M,Male,2,30 - 39 years,1969
2020,4000,Brussels-Capital region,I,I Accommodation and food service activities,M,Male,3,40 - 49 years,2308
2020,4000,Brussels-Capital region,I,I Accommodation and food service activities,M,Male,4,50 - 59 years,1785
2020,4000,Brussels-Capital region,I,I Accommodation and food service activities,M,Male,5,> 60 years,1015
2020,4000,Brussels-Capital region,J,J Information and communication,F,Female,1,< 30 years,116
2020,4000,Brussels-Capital region,J,J Information and communication,F,Female,2,30 - 39 years,457
2020,4000,Brussels-Capital region,J,J Information and communication,F,Female,3,40 - 49 years,521
2020,4000,Brussels-Capital region,J,J Information and communication,F,Female,4,50 - 59 years,369
2020,4000,Brussels-Capital region,J,J Information and communication,F,Female,5,> 60 years,241
2020,4000,Brussels-Capital region,J,J Information and communication,M,Male,1,< 30 years,537
2020,4000,Brussels-Capital region,J,J Information and communication,M,Male,2,30 - 39 years,2455
2020,4000,Brussels-Capital region,J,J Information and communication,M,Male,3,40 - 49 years,2954
2020,4000,Brussels-Capital region,J,J Information and communication,M,Male,4,50 - 59 years,2021
2020,4000,Brussels-Capital region,J,J Information and communication,M,Male,5,> 60 years,1215
2020,4000,Brussels-Capital region,K,K Financial and insurance activities,F,Female,1,< 30 years,16
2020,4000,Brussels-Capital region,K,K Financial and insurance activities,F,Female,2,30 - 39 years,85
2020,4000,Brussels-Capital region,K,K Financial and insurance activities,F,Female,3,40 - 49 years,216
2020,4000,Brussels-Capital region,K,K Financial and insurance activities,F,Female,4,50 - 59 years,315
2020,4000,Brussels-Capital region,K,K Financial and insurance activities,F,Female,5,> 60 years,217
2020,4000,Brussels-Capital region,K,K Financial and insurance activities,M,Male,1,< 30 years,50
2020,4000,Brussels-Capital region,K,K Financial and insurance activities,M,Male,2,30 - 39 years,267
2020,4000,Brussels-Capital region,K,K Financial and insurance activities,M,Male,3,40 - 49 years,822
2020,4000,Brussels-Capital region,K,K Financial and insurance activities,M,Male,4,50 - 59 years,1288
2020,4000,Brussels-Capital region,K,K Financial and insurance activities,M,Male,5,> 60 years,1407
2020,4000,Brussels-Capital region,L,L Real estate activities,F,Female,1,< 30 years,86
2020,4000,Brussels-Capital region,L,L Real estate activities,F,Female,2,30 - 39 years,370
2020,4000,Brussels-Capital region,L,L Real estate activities,F,Female,3,40 - 49 years,560
2020,4000,Brussels-Capital region,L,L Real estate activities,F,Female,4,50 - 59 years,608
2020,4000,Brussels-Capital region,L,L Real estate activities,F,Female,5,> 60 years,584
2020,4000,Brussels-Capital region,L,L Real estate activities,M,Male,1,< 30 years,241
2020,4000,Brussels-Capital region,L,L Real estate activities,M,Male,2,30 - 39 years,1027
2020,4000,Brussels-Capital region,L,L Real estate activities,M,Male,3,40 - 49 years,1690
2020,4000,Brussels-Capital region,L,L Real estate activities,M,Male,4,50 - 59 years,1911
2020,4000,Brussels-Capital region,L,L Real estate activities,M,Male,5,> 60 years,2085
2020,4000,Brussels-Capital region,M,"M Professional, scientific and technical activities",F,Female,1,< 30 years,1702
2020,4000,Brussels-Capital region,M,"M Professional, scientific and technical activities",F,Female,2,30 - 39 years,3205
2020,4000,Brussels-Capital region,M,"M Professional, scientific and technical activities",F,Female,3,40 - 49 years,2947
2020,4000,Brussels-Capital region,M,"M Professional, scientific and technical activities",F,Female,4,50 - 59 years,2528
2020,4000,Brussels-Capital region,M,"M Professional, scientific and technical activities",F,Female,5,> 60 years,1429
2020,4000,Brussels-Capital region,M,"M Professional, scientific and technical activities",M,Male,1,< 30 years,1529
2020,4000,Brussels-Capital region,M,"M Professional, scientific and technical activities",M,Male,2,30 - 39 years,5227
2020,4000,Brussels-Capital region,M,"M Professional, scientific and technical activities",M,Male,3,40 - 49 years,6600
2020,4000,Brussels-Capital region,M,"M Professional, scientific and technical activities",M,Male,4,50 - 59 years,6657
2020,4000,Brussels-Capital region,M,"M Professional, scientific and technical activities",M,Male,5,> 60 years,5813
2020,4000,Brussels-Capital region,N,N Administrative and support service activities,F,Female,1,< 30 years,157
2020,4000,Brussels-Capital region,N,N Administrative and support service activities,F,Female,2,30 - 39 years,503
2020,4000,Brussels-Capital region,N,N Administrative and support service activities,F,Female,3,40 - 49 years,730
2020,4000,Brussels-Capital region,N,N Administrative and support service activities,F,Female,4,50 - 59 years,622
2020,4000,Brussels-Capital region,N,N Administrative and support service activities,F,Female,5,> 60 years,344
2020,4000,Brussels-Capital region,N,N Administrative and support service activities,M,Male,1,< 30 years,417
2020,4000,Brussels-Capital region,N,N Administrative and support service activities,M,Male,2,30 - 39 years,1355
2020,4000,Brussels-Capital region,N,N Administrative and support service activities,M,Male,3,40 - 49 years,1956
2020,4000,Brussels-Capital region,N,N Administrative and support service activities,M,Male,4,50 - 59 years,1680
2020,4000,Brussels-Capital region,N,N Administrative and support service activities,M,Male,5,> 60 years,1178
2020,4000,Brussels-Capital region,O,O Public administration and defence/ compulsory social security,F,Female,1,< 30 years,8
2020,4000,Brussels-Capital region,O,O Public administration and defence/ compulsory social security,F,Female,2,30 - 39 years,11
2020,4000,Brussels-Capital region,O,O Public administration and defence/ compulsory social security,F,Female,3,40 - 49 years,29
2020,4000,Brussels-Capital region,O,O Public administration and defence/ compulsory social security,F,Female,4,50 - 59 years,46
2020,4000,Brussels-Capital region,O,O Public administration and defence/ compulsory social security,F,Female,5,> 60 years,33
2020,4000,Brussels-Capital region,O,O Public administration and defence/ compulsory social security,M,Male,1,< 30 years,3
2020,4000,Brussels-Capital region,O,O Public administration and defence/ compulsory social security,M,Male,2,30 - 39 years,21
2020,4000,Brussels-Capital region,O,O Public administration and defence/ compulsory social security,M,Male,3,40 - 49 years,59
2020,4000,Brussels-Capital region,O,O Public administration and defence/ compulsory social security,M,Male,4,50 - 59 years,94
2020,4000,Brussels-Capital region,O,O Public administration and defence/ compulsory social security,M,Male,5,> 60 years,139
2020,4000,Brussels-Capital region,P,P Education,F,Female,1,< 30 years,132
2020,4000,Brussels-Capital region,P,P Education,F,Female,2,30 - 39 years,444
2020,4000,Brussels-Capital region,P,P Education,F,Female,3,40 - 49 years,503
2020,4000,Brussels-Capital region,P,P Education,F,Female,4,50 - 59 years,437
2020,4000,Brussels-Capital region,P,P Education,F,Female,5,> 60 years,282
2020,4000,Brussels-Capital region,P,P Education,M,Male,1,< 30 years,172
2020,4000,Brussels-Capital region,P,P Education,M,Male,2,30 - 39 years,501
2020,4000,Brussels-Capital region,P,P Education,M,Male,3,40 - 49 years,619
2020,4000,Brussels-Capital region,P,P Education,M,Male,4,50 - 59 years,615
2020,4000,Brussels-Capital region,P,P Education,M,Male,5,> 60 years,649
2020,4000,Brussels-Capital region,Q,Q Human health and social work activities,F,Female,1,< 30 years,1132
2020,4000,Brussels-Capital region,Q,Q Human health and social work activities,F,Female,2,30 - 39 years,2158
2020,4000,Brussels-Capital region,Q,Q Human health and social work activities,F,Female,3,40 - 49 years,2011
2020,4000,Brussels-Capital region,Q,Q Human health and social work activities,F,Female,4,50 - 59 years,1759
2020,4000,Brussels-Capital region,Q,Q Human health and social work activities,F,Female,5,> 60 years,1505
2020,4000,Brussels-Capital region,Q,Q Human health and social work activities,M,Male,1,< 30 years,569
2020,4000,Brussels-Capital region,Q,Q Human health and social work activities,M,Male,2,30 - 39 years,1390
2020,4000,Brussels-Capital region,Q,Q Human health and social work activities,M,Male,3,40 - 49 years,1351
2020,4000,Brussels-Capital region,Q,Q Human health and social work activities,M,Male,4,50 - 59 years,1705
2020,4000,Brussels-Capital region,Q,Q Human health and social work activities,M,Male,5,> 60 years,2748
2020,4000,Brussels-Capital region,R,"R Arts, entertainment and recreation",F,Female,1,< 30 years,122
2020,4000,Brussels-Capital region,R,"R Arts, entertainment and recreation",F,Female,2,30 - 39 years,506
2020,4000,Brussels-Capital region,R,"R Arts, entertainment and recreation",F,Female,3,40 - 49 years,528
2020,4000,Brussels-Capital region,R,"R Arts, entertainment and recreation",F,Female,4,50 - 59 years,491
2020,4000,Brussels-Capital region,R,"R Arts, entertainment and recreation",F,Female,5,> 60 years,301
2020,4000,Brussels-Capital region,R,"R Arts, entertainment and recreation",M,Male,1,< 30 years,250
2020,4000,Brussels-Capital region,R,"R Arts, entertainment and recreation",M,Male,2,30 - 39 years,946
2020,4000,Brussels-Capital region,R,"R Arts, entertainment and recreation",M,Male,3,40 - 49 years,1159
2020,4000,Brussels-Capital region,R,"R Arts, entertainment and recreation",M,Male,4,50 - 59 years,1230
2020,4000,Brussels-Capital region,R,"R Arts, entertainment and recreation",M,Male,5,> 60 years,1117
2020,4000,Brussels-Capital region,S,S Other service activities,F,Female,1,< 30 years,393
2020,4000,Brussels-Capital region,S,S Other service activities,F,Female,2,30 - 39 years,1310
2020,4000,Brussels-Capital region,S,S Other service activities,F,Female,3,40 - 49 years,1850
2020,4000,Brussels-Capital region,S,S Other service activities,F,Female,4,50 - 59 years,1773
2020,4000,Brussels-Capital region,S,S Other service activities,F,Female,5,> 60 years,1253
2020,4000,Brussels-Capital region,S,S Other service activities,M,Male,1,< 30 years,446
2020,4000,Brussels-Capital region,S,S Other service activities,M,Male,2,30 - 39 years,2097
2020,4000,Brussels-Capital region,S,S Other service activities,M,Male,3,40 - 49 years,3621
2020,4000,Brussels-Capital region,S,S Other service activities,M,Male,4,50 - 59 years,4472
2020,4000,Brussels-Capital region,S,S Other service activities,M,Male,5,> 60 years,4816
2020,4000,Brussels-Capital region,T,T Activities of households as employers/ undifferentiated goods- and services-producing activities of households for own use,F,Female,2,30 - 39 years,3
2020,4000,Brussels-Capital region,T,T Activities of households as employers/ undifferentiated goods- and services-producing activities of households for own use,F,Female,3,40 - 49 years,18
2020,4000,Brussels-Capital region,T,T Activities of households as employers/ undifferentiated goods- and services-producing activities of households for own use,F,Female,4,50 - 59 years,8
2020,4000,Brussels-Capital region,T,T Activities of households as employers/ undifferentiated goods- and services-producing activities of households for own use,F,Female,5,> 60 years,9
2020,4000,Brussels-Capital region,T,T Activities of households as employers/ undifferentiated goods- and services-producing activities of households for own use,M,Male,1,< 30 years,5
2020,4000,Brussels-Capital region,T,T Activities of households as employers/ undifferentiated goods- and services-producing activities of households for own use,M,Male,2,30 - 39 years,14
2020,4000,Brussels-Capital region,T,T Activities of households as employers/ undifferentiated goods- and services-producing activities of households for own use,M,Male,3,40 - 49 years,29
2020,4000,Brussels-Capital region,T,T Activities of households as employers/ undifferentiated goods- and services-producing activities of households for own use,M,Male,4,50 - 59 years,32
2020,4000,Brussels-Capital region,T,T Activities of households as employers/ undifferentiated goods- and services-producing activities of households for own use,M,Male,5,> 60 years,40
2020,4000,Brussels-Capital region,U,U Activities of extraterritorial organisations and bodies,F,Female,1,< 30 years,1
2020,4000,Brussels-Capital region,U,U Activities of extraterritorial organisations and bodies,F,Female,3,40 - 49 years,1
2020,4000,Brussels-Capital region,U,U Activities of extraterritorial organisations and bodies,F,Female,4,50 - 59 years,2
2020,4000,Brussels-Capital region,U,U Activities of extraterritorial organisations and bodies,F,Female,5,> 60 years,1
2020,4000,Brussels-Capital region,U,U Activities of extraterritorial organisations and bodies,M,Male,2,30 - 39 years,1
2020,4000,Brussels-Capital region,U,U Activities of extraterritorial organisations and bodies,M,Male,3,40 - 49 years,2
2020,4000,Brussels-Capital region,U,U Activities of extraterritorial organisations and bodies,M,Male,4,50 - 59 years,5
2020,4000,Brussels-Capital region,U,U Activities of extraterritorial organisations and bodies,M,Male,5,> 60 years,11
2020,4000,Brussels-Capital region,X,Unkown economic activity,F,Female,1,< 30 years,2
2020,4000,Brussels-Capital region,X,Unkown economic activity,F,Female,2,30 - 39 years,2
2020,4000,Brussels-Capital region,X,Unkown economic activity,F,Female,3,40 - 49 years,1
2020,4000,Brussels-Capital region,X,Unkown economic activity,F,Female,4,50 - 59 years,4
2020,4000,Brussels-Capital region,X,Unkown economic activity,F,Female,5,> 60 years,2
2020,4000,Brussels-Capital region,X,Unkown economic activity,M,Male,1,< 30 years,2
2020,4000,Brussels-Capital region,X,Unkown economic activity,M,Male,2,30 - 39 years,3
2020,4000,Brussels-Capital region,X,Unkown economic activity,M,Male,3,40 - 49 years,2
2020,4000,Brussels-Capital region,X,Unkown economic activity,M,Male,4,50 - 59 years,5
2020,4000,Brussels-Capital region,X,Unkown economic activity,M,Male,5,> 60 years,3
2021,2000,Flanders region,A,"A Agriculture, forestry and fishing",F,Female,1,< 30 years,323
2021,2000,Flanders region,A,"A Agriculture, forestry and fishing",F,Female,2,30 - 39 years,1031
2021,2000,Flanders region,A,"A Agriculture, forestry and fishing",F,Female,3,40 - 49 years,1436
2021,2000,Flanders region,A,"A Agriculture, forestry and fishing",F,Female,4,50 - 59 years,2035
2021,2000,Flanders region,A,"A Agriculture, forestry and fishing",F,Female,5,> 60 years,2316
2021,2000,Flanders region,A,"A Agriculture, forestry and fishing",M,Male,1,< 30 years,1389
2021,2000,Flanders region,A,"A Agriculture, forestry and fishing",M,Male,2,30 - 39 years,3536
2021,2000,Flanders region,A,"A Agriculture, forestry and fishing",M,Male,3,40 - 49 years,4744
2021,2000,Flanders region,A,"A Agriculture, forestry and fishing",M,Male,4,50 - 59 years,7849
2021,2000,Flanders region,A,"A Agriculture, forestry and fishing",M,Male,5,> 60 years,9692
2021,2000,Flanders region,B,B Mining and quarrying,F,Female,2,30 - 39 years,2
2021,2000,Flanders region,B,B Mining and quarrying,F,Female,3,40 - 49 years,1
2021,2000,Flanders region,B,B Mining and quarrying,F,Female,4,50 - 59 years,7
2021,2000,Flanders region,B,B Mining and quarrying,F,Female,5,> 60 years,5
2021,2000,Flanders region,B,B Mining and quarrying,M,Male,1,< 30 years,1
2021,2000,Flanders region,B,B Mining and quarrying,M,Male,2,30 - 39 years,5
2021,2000,Flanders region,B,B Mining and quarrying,M,Male,3,40 - 49 years,10
2021,2000,Flanders region,B,B Mining and quarrying,M,Male,4,50 - 59 years,17
2021,2000,Flanders region,B,B Mining and quarrying,M,Male,5,> 60 years,19
2021,2000,Flanders region,C,C Manufacturing,F,Female,1,< 30 years,1026
2021,2000,Flanders region,C,C Manufacturing,F,Female,2,30 - 39 years,2222
2021,2000,Flanders region,C,C Manufacturing,F,Female,3,40 - 49 years,2637
2021,2000,Flanders region,C,C Manufacturing,F,Female,4,50 - 59 years,2549
2021,2000,Flanders region,C,C Manufacturing,F,Female,5,> 60 years,1328
2021,2000,Flanders region,C,C Manufacturing,M,Male,1,< 30 years,2577
2021,2000,Flanders region,C,C Manufacturing,M,Male,2,30 - 39 years,6300
2021,2000,Flanders region,C,C Manufacturing,M,Male,3,40 - 49 years,7625
2021,2000,Flanders region,C,C Manufacturing,M,Male,4,50 - 59 years,8825
2021,2000,Flanders region,C,C Manufacturing,M,Male,5,> 60 years,6004
2021,2000,Flanders region,D,"D Electricity, gas, steam and air conditioning supply",F,Female,1,< 30 years,17
2021,2000,Flanders region,D,"D Electricity, gas, steam and air conditioning supply",F,Female,2,30 - 39 years,27
2021,2000,Flanders region,D,"D Electricity, gas, steam and air conditioning supply",F,Female,3,40 - 49 years,34
2021,2000,Flanders region,D,"D Electricity, gas, steam and air conditioning supply",F,Female,4,50 - 59 years,40
2021,2000,Flanders region,D,"D Electricity, gas, steam and air conditioning supply",F,Female,5,> 60 years,22
2021,2000,Flanders region,D,"D Electricity, gas, steam and air conditioning supply",M,Male,1,< 30 years,75
2021,2000,Flanders region,D,"D Electricity, gas, steam and air conditioning supply",M,Male,2,30 - 39 years,120
2021,2000,Flanders region,D,"D Electricity, gas, steam and air conditioning supply",M,Male,3,40 - 49 years,164
2021,2000,Flanders region,D,"D Electricity, gas, steam and air conditioning supply",M,Male,4,50 - 59 years,208
2021,2000,Flanders region,D,"D Electricity, gas, steam and air conditioning supply",M,Male,5,> 60 years,193
2021,2000,Flanders region,E,"E Water supply/ sewerage, waste management and remediation activities",F,Female,1,< 30 years,11
2021,2000,Flanders region,E,"E Water supply/ sewerage, waste management and remediation activities",F,Female,2,30 - 39 years,37
2021,2000,Flanders region,E,"E Water supply/ sewerage, waste management and remediation activities",F,Female,3,40 - 49 years,67
2021,2000,Flanders region,E,"E Water supply/ sewerage, waste management and remediation activities",F,Female,4,50 - 59 years,77
2021,2000,Flanders region,E,"E Water supply/ sewerage, waste management and remediation activities",F,Female,5,> 60 years,43
2021,2000,Flanders region,E,"E Water supply/ sewerage, waste management and remediation activities",M,Male,1,< 30 years,84
2021,2000,Flanders region,E,"E Water supply/ sewerage, waste management and remediation activities",M,Male,2,30 - 39 years,186
2021,2000,Flanders region,E,"E Water supply/ sewerage, waste management and remediation activities",M,Male,3,40 - 49 years,269
2021,2000,Flanders region,E,"E Water supply/ sewerage, waste management and remediation activities",M,Male,4,50 - 59 years,343
2021,2000,Flanders region,E,"E Water supply/ sewerage, waste management and remediation activities",M,Male,5,> 60 years,279
2021,2000,Flanders region,F,F Construction,F,Female,1,< 30 years,536
2021,2000,Flanders region,F,F Construction,F,Female,2,30 - 39 years,1944
2021,2000,Flanders region,F,F Construction,F,Female,3,40 - 49 years,2766
2021,2000,Flanders region,F,F Construction,F,Female,4,50 - 59 years,2484
2021,2000,Flanders region,F,F Construction,F,Female,5,> 60 years,1187
2021,2000,Flanders region,F,F Construction,M,Male,1,< 30 years,10317
2021,2000,Flanders region,F,F Construction,M,Male,2,30 - 39 years,27058
2021,2000,Flanders region,F,F Construction,M,Male,3,40 - 49 years,28447
2021,2000,Flanders region,F,F Construction,M,Male,4,50 - 59 years,23722
2021,2000,Flanders region,F,F Construction,M,Male,5,> 60 years,13562
2021,2000,Flanders region,G,G Wholesale and retail trade/ repair of motor vehicles and motorcycles,F,Female,1,< 30 years,3721
2021,2000,Flanders region,G,G Wholesale and retail trade/ repair of motor vehicles and motorcycles,F,Female,2,30 - 39 years,8423
2021,2000,Flanders region,G,G Wholesale and retail trade/ repair of motor vehicles and motorcycles,F,Female,3,40 - 49 years,10735
2021,2000,Flanders region,G,G Wholesale and retail trade/ repair of motor vehicles and motorcycles,F,Female,4,50 - 59 years,12222
2021,2000,Flanders region,G,G Wholesale and retail trade/ repair of motor vehicles and motorcycles,F,Female,5,> 60 years,6859
2021,2000,Flanders region,G,G Wholesale and retail trade/ repair of motor vehicles and motorcycles,M,Male,1,< 30 years,7018
2021,2000,Flanders region,G,G Wholesale and retail trade/ repair of motor vehicles and motorcycles,M,Male,2,30 - 39 years,15534
2021,2000,Flanders region,G,G Wholesale and retail trade/ repair of motor vehicles and motorcycles,M,Male,3,40 - 49 years,20462
2021,2000,Flanders region,G,G Wholesale and retail trade/ repair of motor vehicles and motorcycles,M,Male,4,50 - 59 years,26420
2021,2000,Flanders region,G,G Wholesale and retail trade/ repair of motor vehicles and motorcycles,M,Male,5,> 60 years,21107
2021,2000,Flanders region,H,H Transportation and storage,F,Female,1,< 30 years,231
2021,2000,Flanders region,H,H Transportation and storage,F,Female,2,30 - 39 years,558
2021,2000,Flanders region,H,H Transportation and storage,F,Female,3,40 - 49 years,819
2021,2000,Flanders region,H,H Transportation and storage,F,Female,4,50 - 59 years,895
2021,2000,Flanders region,H,H Transportation and storage,F,Female,5,> 60 years,522
2021,2000,Flanders region,H,H Transportation and storage,M,Male,1,< 30 years,1791
2021,2000,Flanders region,H,H Transportation and storage,M,Male,2,30 - 39 years,3827
2021,2000,Flanders region,H,H Transportation and storage,M,Male,3,40 - 49 years,4291
2021,2000,Flanders region,H,H Transportation and storage,M,Male,4,50 - 59 years,4214
2021,2000,Flanders region,H,H Transportation and storage,M,Male,5,> 60 years,3362
2021,2000,Flanders region,I,I Accommodation and food service activities,F,Female,1,< 30 years,1425
2021,2000,Flanders region,I,I Accommodation and food service activities,F,Female,2,30 - 39 years,3856
2021,2000,Flanders region,I,I Accommodation and food service activities,F,Female,3,40 - 49 years,5091
2021,2000,Flanders region,I,I Accommodation and food service activities,F,Female,4,50 - 59 years,4646
2021,2000,Flanders region,I,I Accommodation and food service activities,F,Female,5,> 60 years,2380
2021,2000,Flanders region,I,I Accommodation and food service activities,M,Male,1,< 30 years,2821
2021,2000,Flanders region,I,I Accommodation and food service activities,M,Male,2,30 - 39 years,7031
2021,2000,Flanders region,I,I Accommodation and food service activities,M,Male,3,40 - 49 years,8874
2021,2000,Flanders region,I,I Accommodation and food service activities,M,Male,4,50 - 59 years,8583
2021,2000,Flanders region,I,I Accommodation and food service activities,M,Male,5,> 60 years,4547
2021,2000,Flanders region,J,J Information and communication,F,Female,1,< 30 years,558
2021,2000,Flanders region,J,J Information and communication,F,Female,2,30 - 39 years,1585
2021,2000,Flanders region,J,J Information and communication,F,Female,3,40 - 49 years,2046
2021,2000,Flanders region,J,J Information and communication,F,Female,4,50 - 59 years,1423
2021,2000,Flanders region,J,J Information and communication,F,Female,5,> 60 years,555
2021,2000,Flanders region,J,J Information and communication,M,Male,1,< 30 years,3395
2021,2000,Flanders region,J,J Information and communication,M,Male,2,30 - 39 years,9372
2021,2000,Flanders region,J,J Information and communication,M,Male,3,40 - 49 years,10655
2021,2000,Flanders region,J,J Information and communication,M,Male,4,50 - 59 years,7545
2021,2000,Flanders region,J,J Information and communication,M,Male,5,> 60 years,3962
2021,2000,Flanders region,K,K Financial and insurance activities,F,Female,1,< 30 years,97
2021,2000,Flanders region,K,K Financial and insurance activities,F,Female,2,30 - 39 years,480
2021,2000,Flanders region,K,K Financial and insurance activities,F,Female,3,40 - 49 years,1033
2021,2000,Flanders region,K,K Financial and insurance activities,F,Female,4,50 - 59 years,1682
2021,2000,Flanders region,K,K Financial and insurance activities,F,Female,5,> 60 years,1279
2021,2000,Flanders region,K,K Financial and insurance activities,M,Male,1,< 30 years,287
2021,2000,Flanders region,K,K Financial and insurance activities,M,Male,2,30 - 39 years,1343
2021,2000,Flanders region,K,K Financial and insurance activities,M,Male,3,40 - 49 years,2521
2021,2000,Flanders region,K,K Financial and insurance activities,M,Male,4,50 - 59 years,4738
2021,2000,Flanders region,K,K Financial and insurance activities,M,Male,5,> 60 years,5564
2021,2000,Flanders region,L,L Real estate activities,F,Female,1,< 30 years,796
2021,2000,Flanders region,L,L Real estate activities,F,Female,2,30 - 39 years,1925
2021,2000,Flanders region,L,L Real estate activities,F,Female,3,40 - 49 years,2799
2021,2000,Flanders region,L,L Real estate activities,F,Female,4,50 - 59 years,3441
2021,2000,Flanders region,L,L Real estate activities,F,Female,5,> 60 years,2543
2021,2000,Flanders region,L,L Real estate activities,M,Male,1,< 30 years,1335
2021,2000,Flanders region,L,L Real estate activities,M,Male,2,30 - 39 years,3863
2021,2000,Flanders region,L,L Real estate activities,M,Male,3,40 - 49 years,5826
2021,2000,Flanders region,L,L Real estate activities,M,Male,4,50 - 59 years,7812
2021,2000,Flanders region,L,L Real estate activities,M,Male,5,> 60 years,7795
2021,2000,Flanders region,M,"M Professional, scientific and technical activities",F,Female,1,< 30 years,6511
2021,2000,Flanders region,M,"M Professional, scientific and technical activities",F,Female,2,30 - 39 years,13243
2021,2000,Flanders region,M,"M Professional, scientific and technical activities",F,Female,3,40 - 49 years,14805
2021,2000,Flanders region,M,"M Professional, scientific and technical activities",F,Female,4,50 - 59 years,12394
2021,2000,Flanders region,M,"M Professional, scientific and technical activities",F,Female,5,> 60 years,5509
2021,2000,Flanders region,M,"M Professional, scientific and technical activities",M,Male,1,< 30 years,6899
2021,2000,Flanders region,M,"M Professional, scientific and technical activities",M,Male,2,30 - 39 years,21331
2021,2000,Flanders region,M,"M Professional, scientific and technical activities",M,Male,3,40 - 49 years,29029
2021,2000,Flanders region,M,"M Professional, scientific and technical activities",M,Male,4,50 - 59 years,31371
2021,2000,Flanders region,M,"M Professional, scientific and technical activities",M,Male,5,> 60 years,24064
2021,2000,Flanders region,N,N Administrative and support service activities,F,Female,1,< 30 years,886
2021,2000,Flanders region,N,N Administrative and support service activities,F,Female,2,30 - 39 years,2779
2021,2000,Flanders region,N,N Administrative and support service activities,F,Female,3,40 - 49 years,3740
2021,2000,Flanders region,N,N Administrative and support service activities,F,Female,4,50 - 59 years,3340
2021,2000,Flanders region,N,N Administrative and support service activities,F,Female,5,> 60 years,1798
2021,2000,Flanders region,N,N Administrative and support service activities,M,Male,1,< 30 years,4140
2021,2000,Flanders region,N,N Administrative and support service activities,M,Male,2,30 - 39 years,8992
2021,2000,Flanders region,N,N Administrative and support service activities,M,Male,3,40 - 49 years,9877
2021,2000,Flanders region,N,N Administrative and support service activities,M,Male,4,50 - 59 years,8766
2021,2000,Flanders region,N,N Administrative and support service activities,M,Male,5,> 60 years,6527
2021,2000,Flanders region,O,O Public administration and defence/ compulsory social security,F,Female,1,< 30 years,4
2021,2000,Flanders region,O,O Public administration and defence/ compulsory social security,F,Female,2,30 - 39 years,13
2021,2000,Flanders region,O,O Public administration and defence/ compulsory social security,F,Female,3,40 - 49 years,25
2021,2000,Flanders region,O,O Public administration and defence/ compulsory social security,F,Female,4,50 - 59 years,44
2021,2000,Flanders region,O,O Public administration and defence/ compulsory social security,F,Female,5,> 60 years,29
2021,2000,Flanders region,O,O Public administration and defence/ compulsory social security,M,Male,1,< 30 years,6
2021,2000,Flanders region,O,O Public administration and defence/ compulsory social security,M,Male,2,30 - 39 years,25
2021,2000,Flanders region,O,O Public administration and defence/ compulsory social security,M,Male,3,40 - 49 years,53
2021,2000,Flanders region,O,O Public administration and defence/ compulsory social security,M,Male,4,50 - 59 years,103
2021,2000,Flanders region,O,O Public administration and defence/ compulsory social security,M,Male,5,> 60 years,175
2021,2000,Flanders region,P,P Education,F,Female,1,< 30 years,1224
2021,2000,Flanders region,P,P Education,F,Female,2,30 - 39 years,2476
2021,2000,Flanders region,P,P Education,F,Female,3,40 - 49 years,2764
2021,2000,Flanders region,P,P Education,F,Female,4,50 - 59 years,1944
2021,2000,Flanders region,P,P Education,F,Female,5,> 60 years,912
2021,2000,Flanders region,P,P Education,M,Male,1,< 30 years,1234
2021,2000,Flanders region,P,P Education,M,Male,2,30 - 39 years,2324
2021,2000,Flanders region,P,P Education,M,Male,3,40 - 49 years,2557
2021,2000,Flanders region,P,P Education,M,Male,4,50 - 59 years,2548
2021,2000,Flanders region,P,P Education,M,Male,5,> 60 years,2243
2021,2000,Flanders region,Q,Q Human health and social work activities,F,Female,1,< 30 years,9116
2021,2000,Flanders region,Q,Q Human health and social work activities,F,Female,2,30 - 39 years,15107
2021,2000,Flanders region,Q,Q Human health and social work activities,F,Female,3,40 - 49 years,13310
2021,2000,Flanders region,Q,Q Human health and social work activities,F,Female,4,50 - 59 years,10235
2021,2000,Flanders region,Q,Q Human health and social work activities,F,Female,5,> 60 years,5015
2021,2000,Flanders region,Q,Q Human health and social work activities,M,Male,1,< 30 years,2585
2021,2000,Flanders region,Q,Q Human health and social work activities,M,Male,2,30 - 39 years,5338
2021,2000,Flanders region,Q,Q Human health and social work activities,M,Male,3,40 - 49 years,6053
2021,2000,Flanders region,Q,Q Human health and social work activities,M,Male,4,50 - 59 years,7383
2021,2000,Flanders region,Q,Q Human health and social work activities,M,Male,5,> 60 years,11317
2021,2000,Flanders region,R,"R Arts, entertainment and recreation",F,Female,1,< 30 years,1118
2021,2000,Flanders region,R,"R Arts, entertainment and recreation",F,Female,2,30 - 39 years,2471
2021,2000,Flanders region,R,"R Arts, entertainment and recreation",F,Female,3,40 - 49 years,2719
2021,2000,Flanders region,R,"R Arts, entertainment and recreation",F,Female,4,50 - 59 years,2172
2021,2000,Flanders region,R,"R Arts, entertainment and recreation",F,Female,5,> 60 years,1248
2021,2000,Flanders region,R,"R Arts, entertainment and recreation",M,Male,1,< 30 years,2609
2021,2000,Flanders region,R,"R Arts, entertainment and recreation",M,Male,2,30 - 39 years,5945
2021,2000,Flanders region,R,"R Arts, entertainment and recreation",M,Male,3,40 - 49 years,7426
2021,2000,Flanders region,R,"R Arts, entertainment and recreation",M,Male,4,50 - 59 years,7180
2021,2000,Flanders region,R,"R Arts, entertainment and recreation",M,Male,5,> 60 years,5505
2021,2000,Flanders region,S,S Other service activities,F,Female,1,< 30 years,6194
2021,2000,Flanders region,S,S Other service activities,F,Female,2,30 - 39 years,11194
2021,2000,Flanders region,S,S Other service activities,F,Female,3,40 - 49 years,11300
2021,2000,Flanders region,S,S Other service activities,F,Female,4,50 - 59 years,10277
2021,2000,Flanders region,S,S Other service activities,F,Female,5,> 60 years,4556
2021,2000,Flanders region,S,S Other service activities,M,Male,1,< 30 years,2310
2021,2000,Flanders region,S,S Other service activities,M,Male,2,30 - 39 years,6716
2021,2000,Flanders region,S,S Other service activities,M,Male,3,40 - 49 years,9438
2021,2000,Flanders region,S,S Other service activities,M,Male,4,50 - 59 years,11341
2021,2000,Flanders region,S,S Other service activities,M,Male,5,> 60 years,10360
2021,2000,Flanders region,T,T Activities of households as employers/ undifferentiated goods- and services-producing activities of households for own use,F,Female,1,< 30 years,5
2021,2000,Flanders region,T,T Activities of households as employers/ undifferentiated goods- and services-producing activities of households for own use,F,Female,2,30 - 39 years,21
2021,2000,Flanders region,T,T Activities of households as employers/ undifferentiated goods- and services-producing activities of households for own use,F,Female,3,40 - 49 years,43
2021,2000,Flanders region,T,T Activities of households as employers/ undifferentiated goods- and services-producing activities of households for own use,F,Female,4,50 - 59 years,29
2021,2000,Flanders region,T,T Activities of households as employers/ undifferentiated goods- and services-producing activities of households for own use,F,Female,5,> 60 years,37
2021,2000,Flanders region,T,T Activities of households as employers/ undifferentiated goods- and services-producing activities of households for own use,M,Male,1,< 30 years,4
2021,2000,Flanders region,T,T Activities of households as employers/ undifferentiated goods- and services-producing activities of households for own use,M,Male,2,30 - 39 years,35
2021,2000,Flanders region,T,T Activities of households as employers/ undifferentiated goods- and services-producing activities of households for own use,M,Male,3,40 - 49 years,103
2021,2000,Flanders region,T,T Activities of households as employers/ undifferentiated goods- and services-producing activities of households for own use,M,Male,4,50 - 59 years,98
2021,2000,Flanders region,T,T Activities of households as employers/ undifferentiated goods- and services-producing activities of households for own use,M,Male,5,> 60 years,137
2021,2000,Flanders region,U,U Activities of extraterritorial organisations and bodies,F,Female,3,40 - 49 years,1
2021,2000,Flanders region,U,U Activities of extraterritorial organisations and bodies,M,Male,3,40 - 49 years,1
2021,2000,Flanders region,X,Unkown economic activity,F,Female,1,< 30 years,11
2021,2000,Flanders region,X,Unkown economic activity,F,Female,2,30 - 39 years,16
2021,2000,Flanders region,X,Unkown economic activity,F,Female,3,40 - 49 years,10
2021,2000,Flanders region,X,Unkown economic activity,F,Female,4,50 - 59 years,6
2021,2000,Flanders region,X,Unkown economic activity,F,Female,5,> 60 years,10
2021,2000,Flanders region,X,Unkown economic activity,M,Male,1,< 30 years,10
2021,2000,Flanders region,X,Unkown economic activity,M,Male,2,30 - 39 years,12
2021,2000,Flanders region,X,Unkown economic activity,M,Male,3,40 - 49 years,14
2021,2000,Flanders region,X,Unkown economic activity,M,Male,4,50 - 59 years,19
2021,2000,Flanders region,X,Unkown economic activity,M,Male,5,> 60 years,19
2021,3000,Walloon region,A,"A Agriculture, forestry and fishing",F,Female,1,< 30 years,154
2021,3000,Walloon region,A,"A Agriculture, forestry and fishing",F,Female,2,30 - 39 years,603
2021,3000,Walloon region,A,"A Agriculture, forestry and fishing",F,Female,3,40 - 49 years,785
2021,3000,Walloon region,A,"A Agriculture, forestry and fishing",F,Female,4,50 - 59 years,1138
2021,3000,Walloon region,A,"A Agriculture, forestry and fishing",F,Female,5,> 60 years,1662
2021,3000,Walloon region,A,"A Agriculture, forestry and fishing",M,Male,1,< 30 years,957
2021,3000,Walloon region,A,"A Agriculture, forestry and fishing",M,Male,2,30 - 39 years,2661
2021,3000,Walloon region,A,"A Agriculture, forestry and fishing",M,Male,3,40 - 49 years,3140
2021,3000,Walloon region,A,"A Agriculture, forestry and fishing",M,Male,4,50 - 59 years,5034
2021,3000,Walloon region,A,"A Agriculture, forestry and fishing",M,Male,5,> 60 years,5964
2021,3000,Walloon region,B,B Mining and quarrying,F,Female,1,< 30 years,1
2021,3000,Walloon region,B,B Mining and quarrying,F,Female,2,30 - 39 years,5
2021,3000,Walloon region,B,B Mining and quarrying,F,Female,3,40 - 49 years,8
2021,3000,Walloon region,B,B Mining and quarrying,F,Female,4,50 - 59 years,8
2021,3000,Walloon region,B,B Mining and quarrying,F,Female,5,> 60 years,5
2021,3000,Walloon region,B,B Mining and quarrying,M,Male,1,< 30 years,2
2021,3000,Walloon region,B,B Mining and quarrying,M,Male,2,30 - 39 years,8
2021,3000,Walloon region,B,B Mining and quarrying,M,Male,3,40 - 49 years,33
2021,3000,Walloon region,B,B Mining and quarrying,M,Male,4,50 - 59 years,45
2021,3000,Walloon region,B,B Mining and quarrying,M,Male,5,> 60 years,43
2021,3000,Walloon region,C,C Manufacturing,F,Female,1,< 30 years,318
2021,3000,Walloon region,C,C Manufacturing,F,Female,2,30 - 39 years,996
2021,3000,Walloon region,C,C Manufacturing,F,Female,3,40 - 49 years,1232
2021,3000,Walloon region,C,C Manufacturing,F,Female,4,50 - 59 years,990
2021,3000,Walloon region,C,C Manufacturing,F,Female,5,> 60 years,685
2021,3000,Walloon region,C,C Manufacturing,M,Male,1,< 30 years,697
2021,3000,Walloon region,C,C Manufacturing,M,Male,2,30 - 39 years,2368
2021,3000,Walloon region,C,C Manufacturing,M,Male,3,40 - 49 years,3157
2021,3000,Walloon region,C,C Manufacturing,M,Male,4,50 - 59 years,3862
2021,3000,Walloon region,C,C Manufacturing,M,Male,5,> 60 years,3234
2021,3000,Walloon region,D,"D Electricity, gas, steam and air conditioning supply",F,Female,1,< 30 years,1
2021,3000,Walloon region,D,"D Electricity, gas, steam and air conditioning supply",F,Female,2,30 - 39 years,5
2021,3000,Walloon region,D,"D Electricity, gas, steam and air conditioning supply",F,Female,3,40 - 49 years,11
2021,3000,Walloon region,D,"D Electricity, gas, steam and air conditioning supply",F,Female,4,50 - 59 years,20
2021,3000,Walloon region,D,"D Electricity, gas, steam and air conditioning supply",F,Female,5,> 60 years,10
2021,3000,Walloon region,D,"D Electricity, gas, steam and air conditioning supply",M,Male,1,< 30 years,14
2021,3000,Walloon region,D,"D Electricity, gas, steam and air conditioning supply",M,Male,2,30 - 39 years,43
2021,3000,Walloon region,D,"D Electricity, gas, steam and air conditioning supply",M,Male,3,40 - 49 years,90
2021,3000,Walloon region,D,"D Electricity, gas, steam and air conditioning supply",M,Male,4,50 - 59 years,79
2021,3000,Walloon region,D,"D Electricity, gas, steam and air conditioning supply",M,Male,5,> 60 years,103
2021,3000,Walloon region,E,"E Water supply/ sewerage, waste management and remediation activities",F,Female,1,< 30 years,3
2021,3000,Walloon region,E,"E Water supply/ sewerage, waste management and remediation activities",F,Female,2,30 - 39 years,16
2021,3000,Walloon region,E,"E Water supply/ sewerage, waste management and remediation activities",F,Female,3,40 - 49 years,23
2021,3000,Walloon region,E,"E Water supply/ sewerage, waste management and remediation activities",F,Female,4,50 - 59 years,34
2021,3000,Walloon region,E,"E Water supply/ sewerage, waste management and remediation activities",F,Female,5,> 60 years,28
2021,3000,Walloon region,E,"E Water supply/ sewerage, waste management and remediation activities",M,Male,1,< 30 years,27
2021,3000,Walloon region,E,"E Water supply/ sewerage, waste management and remediation activities",M,Male,2,30 - 39 years,122
2021,3000,Walloon region,E,"E Water supply/ sewerage, waste management and remediation activities",M,Male,3,40 - 49 years,168
2021,3000,Walloon region,E,"E Water supply/ sewerage, waste management and remediation activities",M,Male,4,50 - 59 years,166
2021,3000,Walloon region,E,"E Water supply/ sewerage, waste management and remediation activities",M,Male,5,> 60 years,208
2021,3000,Walloon region,F,F Construction,F,Female,1,< 30 years,125
2021,3000,Walloon region,F,F Construction,F,Female,2,30 - 39 years,585
2021,3000,Walloon region,F,F Construction,F,Female,3,40 - 49 years,741
2021,3000,Walloon region,F,F Construction,F,Female,4,50 - 59 years,725
2021,3000,Walloon region,F,F Construction,F,Female,5,> 60 years,507
2021,3000,Walloon region,F,F Construction,M,Male,1,< 30 years,2879
2021,3000,Walloon region,F,F Construction,M,Male,2,30 - 39 years,9918
2021,3000,Walloon region,F,F Construction,M,Male,3,40 - 49 years,11681
2021,3000,Walloon region,F,F Construction,M,Male,4,50 - 59 years,10547
2021,3000,Walloon region,F,F Construction,M,Male,5,> 60 years,6601
2021,3000,Walloon region,G,G Wholesale and retail trade/ repair of motor vehicles and motorcycles,F,Female,1,< 30 years,1577
2021,3000,Walloon region,G,G Wholesale and retail trade/ repair of motor vehicles and motorcycles,F,Female,2,30 - 39 years,4479
2021,3000,Walloon region,G,G Wholesale and retail trade/ repair of motor vehicles and motorcycles,F,Female,3,40 - 49 years,5660
2021,3000,Walloon region,G,G Wholesale and retail trade/ repair of motor vehicles and motorcycles,F,Female,4,50 - 59 years,5199
2021,3000,Walloon region,G,G Wholesale and retail trade/ repair of motor vehicles and motorcycles,F,Female,5,> 60 years,3472
2021,3000,Walloon region,G,G Wholesale and retail trade/ repair of motor vehicles and motorcycles,M,Male,1,< 30 years,2490
2021,3000,Walloon region,G,G Wholesale and retail trade/ repair of motor vehicles and motorcycles,M,Male,2,30 - 39 years,7296
2021,3000,Walloon region,G,G Wholesale and retail trade/ repair of motor vehicles and motorcycles,M,Male,3,40 - 49 years,10304
2021,3000,Walloon region,G,G Wholesale and retail trade/ repair of motor vehicles and motorcycles,M,Male,4,50 - 59 years,11988
2021,3000,Walloon region,G,G Wholesale and retail trade/ repair of motor vehicles and motorcycles,M,Male,5,> 60 years,10197
2021,3000,Walloon region,H,H Transportation and storage,F,Female,1,< 30 years,69
2021,3000,Walloon region,H,H Transportation and storage,F,Female,2,30 - 39 years,139
2021,3000,Walloon region,H,H Transportation and storage,F,Female,3,40 - 49 years,218
2021,3000,Walloon region,H,H Transportation and storage,F,Female,4,50 - 59 years,224
2021,3000,Walloon region,H,H Transportation and storage,F,Female,5,> 60 years,148
2021,3000,Walloon region,H,H Transportation and storage,M,Male,1,< 30 years,375
2021,3000,Walloon region,H,H Transportation and storage,M,Male,2,30 - 39 years,979
2021,3000,Walloon region,H,H Transportation and storage,M,Male,3,40 - 49 years,1354
2021,3000,Walloon region,H,H Transportation and storage,M,Male,4,50 - 59 years,1530
2021,3000,Walloon region,H,H Transportation and storage,M,Male,5,> 60 years,1134
2021,3000,Walloon region,I,I Accommodation and food service activities,F,Female,1,< 30 years,467
2021,3000,Walloon region,I,I Accommodation and food service activities,F,Female,2,30 - 39 years,1423
2021,3000,Walloon region,I,I Accommodation and food service activities,F,Female,3,40 - 49 years,2001
2021,3000,Walloon region,I,I Accommodation and food service activities,F,Female,4,50 - 59 years,1831
2021,3000,Walloon region,I,I Accommodation and food service activities,F,Female,5,> 60 years,1173
2021,3000,Walloon region,I,I Accommodation and food service activities,M,Male,1,< 30 years,1046
2021,3000,Walloon region,I,I Accommodation and food service activities,M,Male,2,30 - 39 years,3163
2021,3000,Walloon region,I,I Accommodation and food service activities,M,Male,3,40 - 49 years,4218
2021,3000,Walloon region,I,I Accommodation and food service activities,M,Male,4,50 - 59 years,4090
2021,3000,Walloon region,I,I Accommodation and food service activities,M,Male,5,> 60 years,2550
2021,3000,Walloon region,J,J Information and communication,F,Female,1,< 30 years,130
2021,3000,Walloon region,J,J Information and communication,F,Female,2,30 - 39 years,530
2021,3000,Walloon region,J,J Information and communication,F,Female,3,40 - 49 years,637
2021,3000,Walloon region,J,J Information and communication,F,Female,4,50 - 59 years,526
2021,3000,Walloon region,J,J Information and communication,F,Female,5,> 60 years,270
2021,3000,Walloon region,J,J Information and communication,M,Male,1,< 30 years,804
2021,3000,Walloon region,J,J Information and communication,M,Male,2,30 - 39 years,3113
2021,3000,Walloon region,J,J Information and communication,M,Male,3,40 - 49 years,4038
2021,3000,Walloon region,J,J Information and communication,M,Male,4,50 - 59 years,3160
2021,3000,Walloon region,J,J Information and communication,M,Male,5,> 60 years,1821
2021,3000,Walloon region,K,K Financial and insurance activities,F,Female,1,< 30 years,36
2021,3000,Walloon region,K,K Financial and insurance activities,F,Female,2,30 - 39 years,235
2021,3000,Walloon region,K,K Financial and insurance activities,F,Female,3,40 - 49 years,406
2021,3000,Walloon region,K,K Financial and insurance activities,F,Female,4,50 - 59 years,436
2021,3000,Walloon region,K,K Financial and insurance activities,F,Female,5,> 60 years,336
2021,3000,Walloon region,K,K Financial and insurance activities,M,Male,1,< 30 years,123
2021,3000,Walloon region,K,K Financial and insurance activities,M,Male,2,30 - 39 years,766
2021,3000,Walloon region,K,K Financial and insurance activities,M,Male,3,40 - 49 years,1292
2021,3000,Walloon region,K,K Financial and insurance activities,M,Male,4,50 - 59 years,1853
2021,3000,Walloon region,K,K Financial and insurance activities,M,Male,5,> 60 years,1954
2021,3000,Walloon region,L,L Real estate activities,F,Female,1,< 30 years,294
2021,3000,Walloon region,L,L Real estate activities,F,Female,2,30 - 39 years,885
2021,3000,Walloon region,L,L Real estate activities,F,Female,3,40 - 49 years,1023
2021,3000,Walloon region,L,L Real estate activities,F,Female,4,50 - 59 years,1034
2021,3000,Walloon region,L,L Real estate activities,F,Female,5,> 60 years,919
2021,3000,Walloon region,L,L Real estate activities,M,Male,1,< 30 years,491
2021,3000,Walloon region,L,L Real estate activities,M,Male,2,30 - 39 years,1919
2021,3000,Walloon region,L,L Real estate activities,M,Male,3,40 - 49 years,2607
2021,3000,Walloon region,L,L Real estate activities,M,Male,4,50 - 59 years,3017
2021,3000,Walloon region,L,L Real estate activities,M,Male,5,> 60 years,3066
2021,3000,Walloon region,M,"M Professional, scientific and technical activities",F,Female,1,< 30 years,2158
2021,3000,Walloon region,M,"M Professional, scientific and technical activities",F,Female,2,30 - 39 years,4730
2021,3000,Walloon region,M,"M Professional, scientific and technical activities",F,Female,3,40 - 49 years,5257
2021,3000,Walloon region,M,"M Professional, scientific and technical activities",F,Female,4,50 - 59 years,3995
2021,3000,Walloon region,M,"M Professional, scientific and technical activities",F,Female,5,> 60 years,2246
2021,3000,Walloon region,M,"M Professional, scientific and technical activities",M,Male,1,< 30 years,1985
2021,3000,Walloon region,M,"M Professional, scientific and technical activities",M,Male,2,30 - 39 years,7602
2021,3000,Walloon region,M,"M Professional, scientific and technical activities",M,Male,3,40 - 49 years,10840
2021,3000,Walloon region,M,"M Professional, scientific and technical activities",M,Male,4,50 - 59 years,11302
2021,3000,Walloon region,M,"M Professional, scientific and technical activities",M,Male,5,> 60 years,10747
2021,3000,Walloon region,N,N Administrative and support service activities,F,Female,1,< 30 years,286
2021,3000,Walloon region,N,N Administrative and support service activities,F,Female,2,30 - 39 years,1092
2021,3000,Walloon region,N,N Administrative and support service activities,F,Female,3,40 - 49 years,1620
2021,3000,Walloon region,N,N Administrative and support service activities,F,Female,4,50 - 59 years,1496
2021,3000,Walloon region,N,N Administrative and support service activities,F,Female,5,> 60 years,930
2021,3000,Walloon region,N,N Administrative and support service activities,M,Male,1,< 30 years,1517
2021,3000,Walloon region,N,N Administrative and support service activities,M,Male,2,30 - 39 years,4031
2021,3000,Walloon region,N,N Administrative and support service activities,M,Male,3,40 - 49 years,4394
2021,3000,Walloon region,N,N Administrative and support service activities,M,Male,4,50 - 59 years,4054
2021,3000,Walloon region,N,N Administrative and support service activities,M,Male,5,> 60 years,3188
2021,3000,Walloon region,O,O Public administration and defence/ compulsory social security,F,Female,1,< 30 years,1
2021,3000,Walloon region,O,O Public administration and defence/ compulsory social security,F,Female,2,30 - 39 years,12
2021,3000,Walloon region,O,O Public administration and defence/ compulsory social security,F,Female,3,40 - 49 years,39
2021,3000,Walloon region,O,O Public administration and defence/ compulsory social security,F,Female,4,50 - 59 years,38
2021,3000,Walloon region,O,O Public administration and defence/ compulsory social security,F,Female,5,> 60 years,18
2021,3000,Walloon region,O,O Public administration and defence/ compulsory social security,M,Male,1,< 30 years,3
2021,3000,Walloon region,O,O Public administration and defence/ compulsory social security,M,Male,2,30 - 39 years,17
2021,3000,Walloon region,O,O Public administration and defence/ compulsory social security,M,Male,3,40 - 49 years,47
2021,3000,Walloon region,O,O Public administration and defence/ compulsory social security,M,Male,4,50 - 59 years,103
2021,3000,Walloon region,O,O Public administration and defence/ compulsory social security,M,Male,5,> 60 years,173
2021,3000,Walloon region,P,P Education,F,Female,1,< 30 years,422
2021,3000,Walloon region,P,P Education,F,Female,2,30 - 39 years,1095
2021,3000,Walloon region,P,P Education,F,Female,3,40 - 49 years,1484
2021,3000,Walloon region,P,P Education,F,Female,4,50 - 59 years,1062
2021,3000,Walloon region,P,P Education,F,Female,5,> 60 years,657
2021,3000,Walloon region,P,P Education,M,Male,1,< 30 years,489
2021,3000,Walloon region,P,P Education,M,Male,2,30 - 39 years,1211
2021,3000,Walloon region,P,P Education,M,Male,3,40 - 49 years,1498
2021,3000,Walloon region,P,P Education,M,Male,4,50 - 59 years,1396
2021,3000,Walloon region,P,P Education,M,Male,5,> 60 years,1389
2021,3000,Walloon region,Q,Q Human health and social work activities,F,Female,1,< 30 years,5102
2021,3000,Walloon region,Q,Q Human health and social work activities,F,Female,2,30 - 39 years,9404
2021,3000,Walloon region,Q,Q Human health and social work activities,F,Female,3,40 - 49 years,9078
2021,3000,Walloon region,Q,Q Human health and social work activities,F,Female,4,50 - 59 years,7016
2021,3000,Walloon region,Q,Q Human health and social work activities,F,Female,5,> 60 years,4485
2021,3000,Walloon region,Q,Q Human health and social work activities,M,Male,1,< 30 years,1759
2021,3000,Walloon region,Q,Q Human health and social work activities,M,Male,2,30 - 39 years,3654
2021,3000,Walloon region,Q,Q Human health and social work activities,M,Male,3,40 - 49 years,4348
2021,3000,Walloon region,Q,Q Human health and social work activities,M,Male,4,50 - 59 years,4824
2021,3000,Walloon region,Q,Q Human health and social work activities,M,Male,5,> 60 years,7412
2021,3000,Walloon region,R,"R Arts, entertainment and recreation",F,Female,1,< 30 years,295
2021,3000,Walloon region,R,"R Arts, entertainment and recreation",F,Female,2,30 - 39 years,949
2021,3000,Walloon region,R,"R Arts, entertainment and recreation",F,Female,3,40 - 49 years,1275
2021,3000,Walloon region,R,"R Arts, entertainment and recreation",F,Female,4,50 - 59 years,1048
2021,3000,Walloon region,R,"R Arts, entertainment and recreation",F,Female,5,> 60 years,783
2021,3000,Walloon region,R,"R Arts, entertainment and recreation",M,Male,1,< 30 years,638
2021,3000,Walloon region,R,"R Arts, entertainment and recreation",M,Male,2,30 - 39 years,2038
2021,3000,Walloon region,R,"R Arts, entertainment and recreation",M,Male,3,40 - 49 years,2898
2021,3000,Walloon region,R,"R Arts, entertainment and recreation",M,Male,4,50 - 59 years,2998
2021,3000,Walloon region,R,"R Arts, entertainment and recreation",M,Male,5,> 60 years,2781
2021,3000,Walloon region,S,S Other service activities,F,Female,1,< 30 years,2104
2021,3000,Walloon region,S,S Other service activities,F,Female,2,30 - 39 years,5267
2021,3000,Walloon region,S,S Other service activities,F,Female,3,40 - 49 years,5644
2021,3000,Walloon region,S,S Other service activities,F,Female,4,50 - 59 years,5181
2021,3000,Walloon region,S,S Other service activities,F,Female,5,> 60 years,3280
2021,3000,Walloon region,S,S Other service activities,M,Male,1,< 30 years,898
2021,3000,Walloon region,S,S Other service activities,M,Male,2,30 - 39 years,3530
2021,3000,Walloon region,S,S Other service activities,M,Male,3,40 - 49 years,5740
2021,3000,Walloon region,S,S Other service activities,M,Male,4,50 - 59 years,6731
2021,3000,Walloon region,S,S Other service activities,M,Male,5,> 60 years,7731
2021,3000,Walloon region,T,T Activities of households as employers/ undifferentiated goods- and services-producing activities of households for own use,F,Female,1,< 30 years,2
2021,3000,Walloon region,T,T Activities of households as employers/ undifferentiated goods- and services-producing activities of households for own use,F,Female,2,30 - 39 years,3
2021,3000,Walloon region,T,T Activities of households as employers/ undifferentiated goods- and services-producing activities of households for own use,F,Female,3,40 - 49 years,16
2021,3000,Walloon region,T,T Activities of households as employers/ undifferentiated goods- and services-producing activities of households for own use,F,Female,4,50 - 59 years,10
2021,3000,Walloon region,T,T Activities of households as employers/ undifferentiated goods- and services-producing activities of households for own use,F,Female,5,> 60 years,9
2021,3000,Walloon region,T,T Activities of households as employers/ undifferentiated goods- and services-producing activities of households for own use,M,Male,1,< 30 years,2
2021,3000,Walloon region,T,T Activities of households as employers/ undifferentiated goods- and services-producing activities of households for own use,M,Male,2,30 - 39 years,10
2021,3000,Walloon region,T,T Activities of households as employers/ undifferentiated goods- and services-producing activities of households for own use,M,Male,3,40 - 49 years,16
2021,3000,Walloon region,T,T Activities of households as employers/ undifferentiated goods- and services-producing activities of households for own use,M,Male,4,50 - 59 years,23
2021,3000,Walloon region,T,T Activities of households as employers/ undifferentiated goods- and services-producing activities of households for own use,M,Male,5,> 60 years,50
2021,3000,Walloon region,U,U Activities of extraterritorial organisations and bodies,F,Female,2,30 - 39 years,1
2021,3000,Walloon region,U,U Activities of extraterritorial organisations and bodies,M,Male,3,40 - 49 years,1
2021,3000,Walloon region,X,Unkown economic activity,F,Female,1,< 30 years,11
2021,3000,Walloon region,X,Unkown economic activity,F,Female,2,30 - 39 years,10
2021,3000,Walloon region,X,Unkown economic activity,F,Female,3,40 - 49 years,6
2021,3000,Walloon region,X,Unkown economic activity,F,Female,4,50 - 59 years,2
2021,3000,Walloon region,X,Unkown economic activity,M,Male,1,< 30 years,6
2021,3000,Walloon region,X,Unkown economic activity,M,Male,2,30 - 39 years,8
2021,3000,Walloon region,X,Unkown economic activity,M,Male,3,40 - 49 years,7
2021,3000,Walloon region,X,Unkown economic activity,M,Male,4,50 - 59 years,3
2021,3000,Walloon region,X,Unkown economic activity,M,Male,5,> 60 years,5
2021,4000,Brussels-Capital region,A,"A Agriculture, forestry and fishing",F,Female,1,< 30 years,8
2021,4000,Brussels-Capital region,A,"A Agriculture, forestry and fishing",F,Female,2,30 - 39 years,21
2021,4000,Brussels-Capital region,A,"A Agriculture, forestry and fishing",F,Female,3,40 - 49 years,27
2021,4000,Brussels-Capital region,A,"A Agriculture, forestry and fishing",F,Female,4,50 - 59 years,24
2021,4000,Brussels-Capital region,A,"A Agriculture, forestry and fishing",F,Female,5,> 60 years,27
2021,4000,Brussels-Capital region,A,"A Agriculture, forestry and fishing",M,Male,1,< 30 years,16
2021,4000,Brussels-Capital region,A,"A Agriculture, forestry and fishing",M,Male,2,30 - 39 years,75
2021,4000,Brussels-Capital region,A,"A Agriculture, forestry and fishing",M,Male,3,40 - 49 years,73
2021,4000,Brussels-Capital region,A,"A Agriculture, forestry and fishing",M,Male,4,50 - 59 years,76
2021,4000,Brussels-Capital region,A,"A Agriculture, forestry and fishing",M,Male,5,> 60 years,88
2021,4000,Brussels-Capital region,B,B Mining and quarrying,F,Female,3,40 - 49 years,1
2021,4000,Brussels-Capital region,B,B Mining and quarrying,M,Male,2,30 - 39 years,4
2021,4000,Brussels-Capital region,B,B Mining and quarrying,M,Male,3,40 - 49 years,2
2021,4000,Brussels-Capital region,B,B Mining and quarrying,M,Male,4,50 - 59 years,1
2021,4000,Brussels-Capital region,B,B Mining and quarrying,M,Male,5,> 60 years,5
2021,4000,Brussels-Capital region,C,C Manufacturing,F,Female,1,< 30 years,64
2021,4000,Brussels-Capital region,C,C Manufacturing,F,Female,2,30 - 39 years,229
2021,4000,Brussels-Capital region,C,C Manufacturing,F,Female,3,40 - 49 years,224
2021,4000,Brussels-Capital region,C,C Manufacturing,F,Female,4,50 - 59 years,249
2021,4000,Brussels-Capital region,C,C Manufacturing,F,Female,5,> 60 years,166
2021,4000,Brussels-Capital region,C,C Manufacturing,M,Male,1,< 30 years,182
2021,4000,Brussels-Capital region,C,C Manufacturing,M,Male,2,30 - 39 years,586
2021,4000,Brussels-Capital region,C,C Manufacturing,M,Male,3,40 - 49 years,769
2021,4000,Brussels-Capital region,C,C Manufacturing,M,Male,4,50 - 59 years,817
2021,4000,Brussels-Capital region,C,C Manufacturing,M,Male,5,> 60 years,710
2021,4000,Brussels-Capital region,D,"D Electricity, gas, steam and air conditioning supply",F,Female,1,< 30 years,1
2021,4000,Brussels-Capital region,D,"D Electricity, gas, steam and air conditioning supply",F,Female,2,30 - 39 years,3
2021,4000,Brussels-Capital region,D,"D Electricity, gas, steam and air conditioning supply",F,Female,3,40 - 49 years,5
2021,4000,Brussels-Capital region,D,"D Electricity, gas, steam and air conditioning supply",F,Female,4,50 - 59 years,9
2021,4000,Brussels-Capital region,D,"D Electricity, gas, steam and air conditioning supply",F,Female,5,> 60 years,6
2021,4000,Brussels-Capital region,D,"D Electricity, gas, steam and air conditioning supply",M,Male,1,< 30 years,8
2021,4000,Brussels-Capital region,D,"D Electricity, gas, steam and air conditioning supply",M,Male,2,30 - 39 years,23
2021,4000,Brussels-Capital region,D,"D Electricity, gas, steam and air conditioning supply",M,Male,3,40 - 49 years,24
2021,4000,Brussels-Capital region,D,"D Electricity, gas, steam and air conditioning supply",M,Male,4,50 - 59 years,44
2021,4000,Brussels-Capital region,D,"D Electricity, gas, steam and air conditioning supply",M,Male,5,> 60 years,48
2021,4000,Brussels-Capital region,E,"E Water supply/ sewerage, waste management and remediation activities",F,Female,2,30 - 39 years,6
2021,4000,Brussels-Capital region,E,"E Water supply/ sewerage, waste management and remediation activities",F,Female,3,40 - 49 years,6
2021,4000,Brussels-Capital region,E,"E Water supply/ sewerage, waste management and remediation activities",F,Female,4,50 - 59 years,7
2021,4000,Brussels-Capital region,E,"E Water supply/ sewerage, waste management and remediation activities",F,Female,5,> 60 years,5
2021,4000,Brussels-Capital region,E,"E Water supply/ sewerage, waste management and remediation activities",M,Male,1,< 30 years,3
2021,4000,Brussels-Capital region,E,"E Water supply/ sewerage, waste management and remediation activities",M,Male,2,30 - 39 years,23
2021,4000,Brussels-Capital region,E,"E Water supply/ sewerage, waste management and remediation activities",M,Male,3,40 - 49 years,18
2021,4000,Brussels-Capital region,E,"E Water supply/ sewerage, waste management and remediation activities",M,Male,4,50 - 59 years,34
2021,4000,Brussels-Capital region,E,"E Water supply/ sewerage, waste management and remediation activities",M,Male,5,> 60 years,28
2021,4000,Brussels-Capital region,F,F Construction,F,Female,1,< 30 years,83
2021,4000,Brussels-Capital region,F,F Construction,F,Female,2,30 - 39 years,252
2021,4000,Brussels-Capital region,F,F Construction,F,Female,3,40 - 49 years,331
2021,4000,Brussels-Capital region,F,F Construction,F,Female,4,50 - 59 years,253
2021,4000,Brussels-Capital region,F,F Construction,F,Female,5,> 60 years,179
2021,4000,Brussels-Capital region,F,F Construction,M,Male,1,< 30 years,1160
2021,4000,Brussels-Capital region,F,F Construction,M,Male,2,30 - 39 years,3971
2021,4000,Brussels-Capital region,F,F Construction,M,Male,3,40 - 49 years,4954
2021,4000,Brussels-Capital region,F,F Construction,M,Male,4,50 - 59 years,3614
2021,4000,Brussels-Capital region,F,F Construction,M,Male,5,> 60 years,1694
2021,4000,Brussels-Capital region,G,G Wholesale and retail trade/ repair of motor vehicles and motorcycles,F,Female,1,< 30 years,324
2021,4000,Brussels-Capital region,G,G Wholesale and retail trade/ repair of motor vehicles and motorcycles,F,Female,2,30 - 39 years,968
2021,4000,Brussels-Capital region,G,G Wholesale and retail trade/ repair of motor vehicles and motorcycles,F,Female,3,40 - 49 years,1291
2021,4000,Brussels-Capital region,G,G Wholesale and retail trade/ repair of motor vehicles and motorcycles,F,Female,4,50 - 59 years,1190
2021,4000,Brussels-Capital region,G,G Wholesale and retail trade/ repair of motor vehicles and motorcycles,F,Female,5,> 60 years,901
2021,4000,Brussels-Capital region,G,G Wholesale and retail trade/ repair of motor vehicles and motorcycles,M,Male,1,< 30 years,1049
2021,4000,Brussels-Capital region,G,G Wholesale and retail trade/ repair of motor vehicles and motorcycles,M,Male,2,30 - 39 years,3284
2021,4000,Brussels-Capital region,G,G Wholesale and retail trade/ repair of motor vehicles and motorcycles,M,Male,3,40 - 49 years,4517
2021,4000,Brussels-Capital region,G,G Wholesale and retail trade/ repair of motor vehicles and motorcycles,M,Male,4,50 - 59 years,4441
2021,4000,Brussels-Capital region,G,G Wholesale and retail trade/ repair of motor vehicles and motorcycles,M,Male,5,> 60 years,3316
2021,4000,Brussels-Capital region,H,H Transportation and storage,F,Female,1,< 30 years,66
2021,4000,Brussels-Capital region,H,H Transportation and storage,F,Female,2,30 - 39 years,180
2021,4000,Brussels-Capital region,H,H Transportation and storage,F,Female,3,40 - 49 years,143
2021,4000,Brussels-Capital region,H,H Transportation and storage,F,Female,4,50 - 59 years,90
2021,4000,Brussels-Capital region,H,H Transportation and storage,F,Female,5,> 60 years,50
2021,4000,Brussels-Capital region,H,H Transportation and storage,M,Male,1,< 30 years,704
2021,4000,Brussels-Capital region,H,H Transportation and storage,M,Male,2,30 - 39 years,1565
2021,4000,Brussels-Capital region,H,H Transportation and storage,M,Male,3,40 - 49 years,1542
2021,4000,Brussels-Capital region,H,H Transportation and storage,M,Male,4,50 - 59 years,898
2021,4000,Brussels-Capital region,H,H Transportation and storage,M,Male,5,> 60 years,499
2021,4000,Brussels-Capital region,I,I Accommodation and food service activities,F,Female,1,< 30 years,154
2021,4000,Brussels-Capital region,I,I Accommodation and food service activities,F,Female,2,30 - 39 years,619
2021,4000,Brussels-Capital region,I,I Accommodation and food service activities,F,Female,3,40 - 49 years,719
2021,4000,Brussels-Capital region,I,I Accommodation and food service activities,F,Female,4,50 - 59 years,518
2021,4000,Brussels-Capital region,I,I Accommodation and food service activities,F,Female,5,> 60 years,274
2021,4000,Brussels-Capital region,I,I Accommodation and food service activities,M,Male,1,< 30 years,586
2021,4000,Brussels-Capital region,I,I Accommodation and food service activities,M,Male,2,30 - 39 years,2015
2021,4000,Brussels-Capital region,I,I Accommodation and food service activities,M,Male,3,40 - 49 years,2353
2021,4000,Brussels-Capital region,I,I Accommodation and food service activities,M,Male,4,50 - 59 years,1766
2021,4000,Brussels-Capital region,I,I Accommodation and food service activities,M,Male,5,> 60 years,1054
2021,4000,Brussels-Capital region,J,J Information and communication,F,Female,1,< 30 years,134
2021,4000,Brussels-Capital region,J,J Information and communication,F,Female,2,30 - 39 years,508
2021,4000,Brussels-Capital region,J,J Information and communication,F,Female,3,40 - 49 years,525
2021,4000,Brussels-Capital region,J,J Information and communication,F,Female,4,50 - 59 years,398
2021,4000,Brussels-Capital region,J,J Information and communication,F,Female,5,> 60 years,251
2021,4000,Brussels-Capital region,J,J Information and communication,M,Male,1,< 30 years,571
2021,4000,Brussels-Capital region,J,J Information and communication,M,Male,2,30 - 39 years,2445
2021,4000,Brussels-Capital region,J,J Information and communication,M,Male,3,40 - 49 years,3006
2021,4000,Brussels-Capital region,J,J Information and communication,M,Male,4,50 - 59 years,2152
2021,4000,Brussels-Capital region,J,J Information and communication,M,Male,5,> 60 years,1341
2021,4000,Brussels-Capital region,K,K Financial and insurance activities,F,Female,1,< 30 years,16
2021,4000,Brussels-Capital region,K,K Financial and insurance activities,F,Female,2,30 - 39 years,89
2021,4000,Brussels-Capital region,K,K Financial and insurance activities,F,Female,3,40 - 49 years,228
2021,4000,Brussels-Capital region,K,K Financial and insurance activities,F,Female,4,50 - 59 years,289
2021,4000,Brussels-Capital region,K,K Financial and insurance activities,F,Female,5,> 60 years,276
2021,4000,Brussels-Capital region,K,K Financial and insurance activities,M,Male,1,< 30 years,47
2021,4000,Brussels-Capital region,K,K Financial and insurance activities,M,Male,2,30 - 39 years,297
2021,4000,Brussels-Capital region,K,K Financial and insurance activities,M,Male,3,40 - 49 years,774
2021,4000,Brussels-Capital region,K,K Financial and insurance activities,M,Male,4,50 - 59 years,1255
2021,4000,Brussels-Capital region,K,K Financial and insurance activities,M,Male,5,> 60 years,1448
2021,4000,Brussels-Capital region,L,L Real estate activities,F,Female,1,< 30 years,102
2021,4000,Brussels-Capital region,L,L Real estate activities,F,Female,2,30 - 39 years,364
2021,4000,Brussels-Capital region,L,L Real estate activities,F,Female,3,40 - 49 years,536
2021,4000,Brussels-Capital region,L,L Real estate activities,F,Female,4,50 - 59 years,644
2021,4000,Brussels-Capital region,L,L Real estate activities,F,Female,5,> 60 years,595
2021,4000,Brussels-Capital region,L,L Real estate activities,M,Male,1,< 30 years,210
2021,4000,Brussels-Capital region,L,L Real estate activities,M,Male,2,30 - 39 years,1118
2021,4000,Brussels-Capital region,L,L Real estate activities,M,Male,3,40 - 49 years,1646
2021,4000,Brussels-Capital region,L,L Real estate activities,M,Male,4,50 - 59 years,1908
2021,4000,Brussels-Capital region,L,L Real estate activities,M,Male,5,> 60 years,2112
2021,4000,Brussels-Capital region,M,"M Professional, scientific and technical activities",F,Female,1,< 30 years,1769
2021,4000,Brussels-Capital region,M,"M Professional, scientific and technical activities",F,Female,2,30 - 39 years,3489
2021,4000,Brussels-Capital region,M,"M Professional, scientific and technical activities",F,Female,3,40 - 49 years,3032
2021,4000,Brussels-Capital region,M,"M Professional, scientific and technical activities",F,Female,4,50 - 59 years,2670
2021,4000,Brussels-Capital region,M,"M Professional, scientific and technical activities",F,Female,5,> 60 years,1541
2021,4000,Brussels-Capital region,M,"M Professional, scientific and technical activities",M,Male,1,< 30 years,1526
2021,4000,Brussels-Capital region,M,"M Professional, scientific and technical activities",M,Male,2,30 - 39 years,5473
2021,4000,Brussels-Capital region,M,"M Professional, scientific and technical activities",M,Male,3,40 - 49 years,6579
2021,4000,Brussels-Capital region,M,"M Professional, scientific and technical activities",M,Male,4,50 - 59 years,6808
2021,4000,Brussels-Capital region,M,"M Professional, scientific and technical activities",M,Male,5,> 60 years,6150
2021,4000,Brussels-Capital region,N,N Administrative and support service activities,F,Female,1,< 30 years,174
2021,4000,Brussels-Capital region,N,N Administrative and support service activities,F,Female,2,30 - 39 years,539
2021,4000,Brussels-Capital region,N,N Administrative and support service activities,F,Female,3,40 - 49 years,725
2021,4000,Brussels-Capital region,N,N Administrative and support service activities,F,Female,4,50 - 59 years,642
2021,4000,Brussels-Capital region,N,N Administrative and support service activities,F,Female,5,> 60 years,381
2021,4000,Brussels-Capital region,N,N Administrative and support service activities,M,Male,1,< 30 years,392
2021,4000,Brussels-Capital region,N,N Administrative and support service activities,M,Male,2,30 - 39 years,1353
2021,4000,Brussels-Capital region,N,N Administrative and support service activities,M,Male,3,40 - 49 years,1879
2021,4000,Brussels-Capital region,N,N Administrative and support service activities,M,Male,4,50 - 59 years,1814
2021,4000,Brussels-Capital region,N,N Administrative and support service activities,M,Male,5,> 60 years,1197
2021,4000,Brussels-Capital region,O,O Public administration and defence/ compulsory social security,F,Female,1,< 30 years,8
2021,4000,Brussels-Capital region,O,O Public administration and defence/ compulsory social security,F,Female,2,30 - 39 years,14
2021,4000,Brussels-Capital region,O,O Public administration and defence/ compulsory social security,F,Female,3,40 - 49 years,26
2021,4000,Brussels-Capital region,O,O Public administration and defence/ compulsory social security,F,Female,4,50 - 59 years,53
2021,4000,Brussels-Capital region,O,O Public administration and defence/ compulsory social security,F,Female,5,> 60 years,29
2021,4000,Brussels-Capital region,O,O Public administration and defence/ compulsory social security,M,Male,1,< 30 years,3
2021,4000,Brussels-Capital region,O,O Public administration and defence/ compulsory social security,M,Male,2,30 - 39 years,18
2021,4000,Brussels-Capital region,O,O Public administration and defence/ compulsory social security,M,Male,3,40 - 49 years,60
2021,4000,Brussels-Capital region,O,O Public administration and defence/ compulsory social security,M,Male,4,50 - 59 years,82
2021,4000,Brussels-Capital region,O,O Public administration and defence/ compulsory social security,M,Male,5,> 60 years,142
2021,4000,Brussels-Capital region,P,P Education,F,Female,1,< 30 years,153
2021,4000,Brussels-Capital region,P,P Education,F,Female,2,30 - 39 years,474
2021,4000,Brussels-Capital region,P,P Education,F,Female,3,40 - 49 years,529
2021,4000,Brussels-Capital region,P,P Education,F,Female,4,50 - 59 years,415
2021,4000,Brussels-Capital region,P,P Education,F,Female,5,> 60 years,318
2021,4000,Brussels-Capital region,P,P Education,M,Male,1,< 30 years,195
2021,4000,Brussels-Capital region,P,P Education,M,Male,2,30 - 39 years,513
2021,4000,Brussels-Capital region,P,P Education,M,Male,3,40 - 49 years,625
2021,4000,Brussels-Capital region,P,P Education,M,Male,4,50 - 59 years,641
2021,4000,Brussels-Capital region,P,P Education,M,Male,5,> 60 years,664
2021,4000,Brussels-Capital region,Q,Q Human health and social work activities,F,Female,1,< 30 years,1212
2021,4000,Brussels-Capital region,Q,Q Human health and social work activities,F,Female,2,30 - 39 years,2449
2021,4000,Brussels-Capital region,Q,Q Human health and social work activities,F,Female,3,40 - 49 years,2069
2021,4000,Brussels-Capital region,Q,Q Human health and social work activities,F,Female,4,50 - 59 years,1859
2021,4000,Brussels-Capital region,Q,Q Human health and social work activities,F,Female,5,> 60 years,1589
2021,4000,Brussels-Capital region,Q,Q Human health and social work activities,M,Male,1,< 30 years,575
2021,4000,Brussels-Capital region,Q,Q Human health and social work activities,M,Male,2,30 - 39 years,1635
2021,4000,Brussels-Capital region,Q,Q Human health and social work activities,M,Male,3,40 - 49 years,1370
2021,4000,Brussels-Capital region,Q,Q Human health and social work activities,M,Male,4,50 - 59 years,1637
2021,4000,Brussels-Capital region,Q,Q Human health and social work activities,M,Male,5,> 60 years,2820
2021,4000,Brussels-Capital region,R,"R Arts, entertainment and recreation",F,Female,1,< 30 years,153
2021,4000,Brussels-Capital region,R,"R Arts, entertainment and recreation",F,Female,2,30 - 39 years,536
2021,4000,Brussels-Capital region,R,"R Arts, entertainment and recreation",F,Female,3,40 - 49 years,566
2021,4000,Brussels-Capital region,R,"R Arts, entertainment and recreation",F,Female,4,50 - 59 years,535
2021,4000,Brussels-Capital region,R,"R Arts, entertainment and recreation",F,Female,5,> 60 years,345
2021,4000,Brussels-Capital region,R,"R Arts, entertainment and recreation",M,Male,1,< 30 years,250
2021,4000,Brussels-Capital region,R,"R Arts, entertainment and recreation",M,Male,2,30 - 39 years,934
2021,4000,Brussels-Capital region,R,"R Arts, entertainment and recreation",M,Male,3,40 - 49 years,1188
2021,4000,Brussels-Capital region,R,"R Arts, entertainment and recreation",M,Male,4,50 - 59 years,1282
2021,4000,Brussels-Capital region,R,"R Arts, entertainment and recreation",M,Male,5,> 60 years,1195
2021,4000,Brussels-Capital region,S,S Other service activities,F,Female,1,< 30 years,384
2021,4000,Brussels-Capital region,S,S Other service activities,F,Female,2,30 - 39 years,1393
2021,4000,Brussels-Capital region,S,S Other service activities,F,Female,3,40 - 49 years,1946
2021,4000,Brussels-Capital region,S,S Other service activities,F,Female,4,50 - 59 years,1838
2021,4000,Brussels-Capital region,S,S Other service activities,F,Female,5,> 60 years,1377
2021,4000,Brussels-Capital region,S,S Other service activities,M,Male,1,< 30 years,433
2021,4000,Brussels-Capital region,S,S Other service activities,M,Male,2,30 - 39 years,2118
2021,4000,Brussels-Capital region,S,S Other service activities,M,Male,3,40 - 49 years,3687
2021,4000,Brussels-Capital region,S,S Other service activities,M,Male,4,50 - 59 years,4426
2021,4000,Brussels-Capital region,S,S Other service activities,M,Male,5,> 60 years,5059
2021,4000,Brussels-Capital region,T,T Activities of households as employers/ undifferentiated goods- and services-producing activities of households for own use,F,Female,2,30 - 39 years,5
2021,4000,Brussels-Capital region,T,T Activities of households as employers/ undifferentiated goods- and services-producing activities of households for own use,F,Female,3,40 - 49 years,17
2021,4000,Brussels-Capital region,T,T Activities of households as employers/ undifferentiated goods- and services-producing activities of households for own use,F,Female,4,50 - 59 years,9
2021,4000,Brussels-Capital region,T,T Activities of households as employers/ undifferentiated goods- and services-producing activities of households for own use,F,Female,5,> 60 years,12
2021,4000,Brussels-Capital region,T,T Activities of households as employers/ undifferentiated goods- and services-producing activities of households for own use,M,Male,1,< 30 years,2
2021,4000,Brussels-Capital region,T,T Activities of households as employers/ undifferentiated goods- and services-producing activities of households for own use,M,Male,2,30 - 39 years,9
2021,4000,Brussels-Capital region,T,T Activities of households as employers/ undifferentiated goods- and services-producing activities of households for own use,M,Male,3,40 - 49 years,30
2021,4000,Brussels-Capital region,T,T Activities of households as employers/ undifferentiated goods- and services-producing activities of households for own use,M,Male,4,50 - 59 years,30
2021,4000,Brussels-Capital region,T,T Activities of households as employers/ undifferentiated goods- and services-producing activities of households for own use,M,Male,5,> 60 years,41
2021,4000,Brussels-Capital region,U,U Activities of extraterritorial organisations and bodies,F,Female,2,30 - 39 years,1
2021,4000,Brussels-Capital region,U,U Activities of extraterritorial organisations and bodies,F,Female,3,40 - 49 years,1
2021,4000,Brussels-Capital region,U,U Activities of extraterritorial organisations and bodies,F,Female,4,50 - 59 years,2
2021,4000,Brussels-Capital region,U,U Activities of extraterritorial organisations and bodies,F,Female,5,> 60 years,1
2021,4000,Brussels-Capital region,U,U Activities of extraterritorial organisations and bodies,M,Male,2,30 - 39 years,2
2021,4000,Brussels-Capital region,U,U Activities of extraterritorial organisations and bodies,M,Male,3,40 - 49 years,3
2021,4000,Brussels-Capital region,U,U Activities of extraterritorial organisations and bodies,M,Male,4,50 - 59 years,5
2021,4000,Brussels-Capital region,U,U Activities of extraterritorial organisations and bodies,M,Male,5,> 60 years,11
2021,4000,Brussels-Capital region,X,Unkown economic activity,F,Female,1,< 30 years,2
2021,4000,Brussels-Capital region,X,Unkown economic activity,F,Female,2,30 - 39 years,7
2021,4000,Brussels-Capital region,X,Unkown economic activity,F,Female,3,40 - 49 years,3
2021,4000,Brussels-Capital region,X,Unkown economic activity,F,Female,4,50 - 59 years,4
2021,4000,Brussels-Capital region,X,Unkown economic activity,F,Female,5,> 60 years,1
2021,4000,Brussels-Capital region,X,Unkown economic activity,M,Male,1,< 30 years,3
2021,4000,Brussels-Capital region,X,Unkown economic activity,M,Male,2,30 - 39 years,5
2021,4000,Brussels-Capital region,X,Unkown economic activity,M,Male,3,40 - 49 years,3
2021,4000,Brussels-Capital region,X,Unkown economic activity,M,Male,4,50 - 59 years,6
2021,4000,Brussels-Capital region,X,Unkown economic activity,M,Male,5,> 60 years,5
2022,2000,Flanders region,A,"A Agriculture, forestry and fishing",F,Female,1,< 30 years,339
2022,2000,Flanders region,A,"A Agriculture, forestry and fishing",F,Female,2,30 - 39 years,1090
2022,2000,Flanders region,A,"A Agriculture, forestry and fishing",F,Female,3,40 - 49 years,1445
2022,2000,Flanders region,A,"A Agriculture, forestry and fishing",F,Female,4,50 - 59 years,1982
2022,2000,Flanders region,A,"A Agriculture, forestry and fishing",F,Female,5,> 60 years,2457
2022,2000,Flanders region,A,"A Agriculture, forestry and fishing",M,Male,1,< 30 years,1264
2022,2000,Flanders region,A,"A Agriculture, forestry and fishing",M,Male,2,30 - 39 years,3540
2022,2000,Flanders region,A,"A Agriculture, forestry and fishing",M,Male,3,40 - 49 years,4606
2022,2000,Flanders region,A,"A Agriculture, forestry and fishing",M,Male,4,50 - 59 years,7566
2022,2000,Flanders region,A,"A Agriculture, forestry and fishing",M,Male,5,> 60 years,10189
2022,2000,Flanders region,B,B Mining and quarrying,F,Female,2,30 - 39 years,3
2022,2000,Flanders region,B,B Mining and quarrying,F,Female,3,40 - 49 years,1
2022,2000,Flanders region,B,B Mining and quarrying,F,Female,4,50 - 59 years,6
2022,2000,Flanders region,B,B Mining and quarrying,F,Female,5,> 60 years,5
2022,2000,Flanders region,B,B Mining and quarrying,M,Male,1,< 30 years,1
2022,2000,Flanders region,B,B Mining and quarrying,M,Male,2,30 - 39 years,10
2022,2000,Flanders region,B,B Mining and quarrying,M,Male,3,40 - 49 years,12
2022,2000,Flanders region,B,B Mining and quarrying,M,Male,4,50 - 59 years,12
2022,2000,Flanders region,B,B Mining and quarrying,M,Male,5,> 60 years,23
2022,2000,Flanders region,C,C Manufacturing,F,Female,1,< 30 years,948
2022,2000,Flanders region,C,C Manufacturing,F,Female,2,30 - 39 years,2357
2022,2000,Flanders region,C,C Manufacturing,F,Female,3,40 - 49 years,2680
2022,2000,Flanders region,C,C Manufacturing,F,Female,4,50 - 59 years,2638
2022,2000,Flanders region,C,C Manufacturing,F,Female,5,> 60 years,1420
2022,2000,Flanders region,C,C Manufacturing,M,Male,1,< 30 years,2431
2022,2000,Flanders region,C,C Manufacturing,M,Male,2,30 - 39 years,6416
2022,2000,Flanders region,C,C Manufacturing,M,Male,3,40 - 49 years,7741
2022,2000,Flanders region,C,C Manufacturing,M,Male,4,50 - 59 years,8785
2022,2000,Flanders region,C,C Manufacturing,M,Male,5,> 60 years,6407
2022,2000,Flanders region,D,"D Electricity, gas, steam and air conditioning supply",F,Female,1,< 30 years,13
2022,2000,Flanders region,D,"D Electricity, gas, steam and air conditioning supply",F,Female,2,30 - 39 years,34
2022,2000,Flanders region,D,"D Electricity, gas, steam and air conditioning supply",F,Female,3,40 - 49 years,35
2022,2000,Flanders region,D,"D Electricity, gas, steam and air conditioning supply",F,Female,4,50 - 59 years,36
2022,2000,Flanders region,D,"D Electricity, gas, steam and air conditioning supply",F,Female,5,> 60 years,25
2022,2000,Flanders region,D,"D Electricity, gas, steam and air conditioning supply",M,Male,1,< 30 years,65
2022,2000,Flanders region,D,"D Electricity, gas, steam and air conditioning supply",M,Male,2,30 - 39 years,135
2022,2000,Flanders region,D,"D Electricity, gas, steam and air conditioning supply",M,Male,3,40 - 49 years,175
2022,2000,Flanders region,D,"D Electricity, gas, steam and air conditioning supply",M,Male,4,50 - 59 years,187
2022,2000,Flanders region,D,"D Electricity, gas, steam and air conditioning supply",M,Male,5,> 60 years,227
2022,2000,Flanders region,E,"E Water supply/ sewerage, waste management and remediation activities",F,Female,1,< 30 years,11
2022,2000,Flanders region,E,"E Water supply/ sewerage, waste management and remediation activities",F,Female,2,30 - 39 years,45
2022,2000,Flanders region,E,"E Water supply/ sewerage, waste management and remediation activities",F,Female,3,40 - 49 years,66
2022,2000,Flanders region,E,"E Water supply/ sewerage, waste management and remediation activities",F,Female,4,50 - 59 years,86
2022,2000,Flanders region,E,"E Water supply/ sewerage, waste management and remediation activities",F,Female,5,> 60 years,41
2022,2000,Flanders region,E,"E Water supply/ sewerage, waste management and remediation activities",M,Male,1,< 30 years,92
2022,2000,Flanders region,E,"E Water supply/ sewerage, waste management and remediation activities",M,Male,2,30 - 39 years,197
2022,2000,Flanders region,E,"E Water supply/ sewerage, waste management and remediation activities",M,Male,3,40 - 49 years,260
2022,2000,Flanders region,E,"E Water supply/ sewerage, waste management and remediation activities",M,Male,4,50 - 59 years,354
2022,2000,Flanders region,E,"E Water supply/ sewerage, waste management and remediation activities",M,Male,5,> 60 years,295
2022,2000,Flanders region,F,F Construction,F,Female,1,< 30 years,518
2022,2000,Flanders region,F,F Construction,F,Female,2,30 - 39 years,2100
2022,2000,Flanders region,F,F Construction,F,Female,3,40 - 49 years,2855
2022,2000,Flanders region,F,F Construction,F,Female,4,50 - 59 years,2655
2022,2000,Flanders region,F,F Construction,F,Female,5,> 60 years,1282
2022,2000,Flanders region,F,F Construction,M,Male,1,< 30 years,10136
2022,2000,Flanders region,F,F Construction,M,Male,2,30 - 39 years,28747
2022,2000,Flanders region,F,F Construction,M,Male,3,40 - 49 years,29959
2022,2000,Flanders region,F,F Construction,M,Male,4,50 - 59 years,24656
2022,2000,Flanders region,F,F Construction,M,Male,5,> 60 years,14589
2022,2000,Flanders region,G,G Wholesale and retail trade/ repair of motor vehicles and motorcycles,F,Female,1,< 30 years,3329
2022,2000,Flanders region,G,G Wholesale and retail trade/ repair of motor vehicles and motorcycles,F,Female,2,30 - 39 years,8432
2022,2000,Flanders region,G,G Wholesale and retail trade/ repair of motor vehicles and motorcycles,F,Female,3,40 - 49 years,10547
2022,2000,Flanders region,G,G Wholesale and retail trade/ repair of motor vehicles and motorcycles,F,Female,4,50 - 59 years,12323
2022,2000,Flanders region,G,G Wholesale and retail trade/ repair of motor vehicles and motorcycles,F,Female,5,> 60 years,7436
2022,2000,Flanders region,G,G Wholesale and retail trade/ repair of motor vehicles and motorcycles,M,Male,1,< 30 years,6462
2022,2000,Flanders region,G,G Wholesale and retail trade/ repair of motor vehicles and motorcycles,M,Male,2,30 - 39 years,15501
2022,2000,Flanders region,G,G Wholesale and retail trade/ repair of motor vehicles and motorcycles,M,Male,3,40 - 49 years,20169
2022,2000,Flanders region,G,G Wholesale and retail trade/ repair of motor vehicles and motorcycles,M,Male,4,50 - 59 years,26003
2022,2000,Flanders region,G,G Wholesale and retail trade/ repair of motor vehicles and motorcycles,M,Male,5,> 60 years,22120
2022,2000,Flanders region,H,H Transportation and storage,F,Female,1,< 30 years,208
2022,2000,Flanders region,H,H Transportation and storage,F,Female,2,30 - 39 years,589
2022,2000,Flanders region,H,H Transportation and storage,F,Female,3,40 - 49 years,820
2022,2000,Flanders region,H,H Transportation and storage,F,Female,4,50 - 59 years,905
2022,2000,Flanders region,H,H Transportation and storage,F,Female,5,> 60 years,556
2022,2000,Flanders region,H,H Transportation and storage,M,Male,1,< 30 years,1817
2022,2000,Flanders region,H,H Transportation and storage,M,Male,2,30 - 39 years,3985
2022,2000,Flanders region,H,H Transportation and storage,M,Male,3,40 - 49 years,4494
2022,2000,Flanders region,H,H Transportation and storage,M,Male,4,50 - 59 years,4251
2022,2000,Flanders region,H,H Transportation and storage,M,Male,5,> 60 years,3532
2022,2000,Flanders region,I,I Accommodation and food service activities,F,Female,1,< 30 years,1338
2022,2000,Flanders region,I,I Accommodation and food service activities,F,Female,2,30 - 39 years,3904
2022,2000,Flanders region,I,I Accommodation and food service activities,F,Female,3,40 - 49 years,5101
2022,2000,Flanders region,I,I Accommodation and food service activities,F,Female,4,50 - 59 years,4791
2022,2000,Flanders region,I,I Accommodation and food service activities,F,Female,5,> 60 years,2529
2022,2000,Flanders region,I,I Accommodation and food service activities,M,Male,1,< 30 years,2607
2022,2000,Flanders region,I,I Accommodation and food service activities,M,Male,2,30 - 39 years,7230
2022,2000,Flanders region,I,I Accommodation and food service activities,M,Male,3,40 - 49 years,9023
2022,2000,Flanders region,I,I Accommodation and food service activities,M,Male,4,50 - 59 years,8716
2022,2000,Flanders region,I,I Accommodation and food service activities,M,Male,5,> 60 years,4943
2022,2000,Flanders region,J,J Information and communication,F,Female,1,< 30 years,525
2022,2000,Flanders region,J,J Information and communication,F,Female,2,30 - 39 years,1711
2022,2000,Flanders region,J,J Information and communication,F,Female,3,40 - 49 years,2205
2022,2000,Flanders region,J,J Information and communication,F,Female,4,50 - 59 years,1522
2022,2000,Flanders region,J,J Information and communication,F,Female,5,> 60 years,640
2022,2000,Flanders region,J,J Information and communication,M,Male,1,< 30 years,3385
2022,2000,Flanders region,J,J Information and communication,M,Male,2,30 - 39 years,9822
2022,2000,Flanders region,J,J Information and communication,M,Male,3,40 - 49 years,11098
2022,2000,Flanders region,J,J Information and communication,M,Male,4,50 - 59 years,8072
2022,2000,Flanders region,J,J Information and communication,M,Male,5,> 60 years,4404
2022,2000,Flanders region,K,K Financial and insurance activities,F,Female,1,< 30 years,93
2022,2000,Flanders region,K,K Financial and insurance activities,F,Female,2,30 - 39 years,487
2022,2000,Flanders region,K,K Financial and insurance activities,F,Female,3,40 - 49 years,995
2022,2000,Flanders region,K,K Financial and insurance activities,F,Female,4,50 - 59 years,1700
2022,2000,Flanders region,K,K Financial and insurance activities,F,Female,5,> 60 years,1358
2022,2000,Flanders region,K,K Financial and insurance activities,M,Male,1,< 30 years,258
2022,2000,Flanders region,K,K Financial and insurance activities,M,Male,2,30 - 39 years,1346
2022,2000,Flanders region,K,K Financial and insurance activities,M,Male,3,40 - 49 years,2451
2022,2000,Flanders region,K,K Financial and insurance activities,M,Male,4,50 - 59 years,4540
2022,2000,Flanders region,K,K Financial and insurance activities,M,Male,5,> 60 years,5792
2022,2000,Flanders region,L,L Real estate activities,F,Female,1,< 30 years,744
2022,2000,Flanders region,L,L Real estate activities,F,Female,2,30 - 39 years,1995
2022,2000,Flanders region,L,L Real estate activities,F,Female,3,40 - 49 years,2785
2022,2000,Flanders region,L,L Real estate activities,F,Female,4,50 - 59 years,3531
2022,2000,Flanders region,L,L Real estate activities,F,Female,5,> 60 years,2759
2022,2000,Flanders region,L,L Real estate activities,M,Male,1,< 30 years,1287
2022,2000,Flanders region,L,L Real estate activities,M,Male,2,30 - 39 years,3825
2022,2000,Flanders region,L,L Real estate activities,M,Male,3,40 - 49 years,5841
2022,2000,Flanders region,L,L Real estate activities,M,Male,4,50 - 59 years,7762
2022,2000,Flanders region,L,L Real estate activities,M,Male,5,> 60 years,8280
2022,2000,Flanders region,M,"M Professional, scientific and technical activities",F,Female,1,< 30 years,6534
2022,2000,Flanders region,M,"M Professional, scientific and technical activities",F,Female,2,30 - 39 years,14234
2022,2000,Flanders region,M,"M Professional, scientific and technical activities",F,Female,3,40 - 49 years,15416
2022,2000,Flanders region,M,"M Professional, scientific and technical activities",F,Female,4,50 - 59 years,13210
2022,2000,Flanders region,M,"M Professional, scientific and technical activities",F,Female,5,> 60 years,6243
2022,2000,Flanders region,M,"M Professional, scientific and technical activities",M,Male,1,< 30 years,6885
2022,2000,Flanders region,M,"M Professional, scientific and technical activities",M,Male,2,30 - 39 years,22111
2022,2000,Flanders region,M,"M Professional, scientific and technical activities",M,Male,3,40 - 49 years,29818
2022,2000,Flanders region,M,"M Professional, scientific and technical activities",M,Male,4,50 - 59 years,32424
2022,2000,Flanders region,M,"M Professional, scientific and technical activities",M,Male,5,> 60 years,26145
2022,2000,Flanders region,N,N Administrative and support service activities,F,Female,1,< 30 years,965
2022,2000,Flanders region,N,N Administrative and support service activities,F,Female,2,30 - 39 years,3073
2022,2000,Flanders region,N,N Administrative and support service activities,F,Female,3,40 - 49 years,3992
2022,2000,Flanders region,N,N Administrative and support service activities,F,Female,4,50 - 59 years,3634
2022,2000,Flanders region,N,N Administrative and support service activities,F,Female,5,> 60 years,2021
2022,2000,Flanders region,N,N Administrative and support service activities,M,Male,1,< 30 years,4090
2022,2000,Flanders region,N,N Administrative and support service activities,M,Male,2,30 - 39 years,9493
2022,2000,Flanders region,N,N Administrative and support service activities,M,Male,3,40 - 49 years,10245
2022,2000,Flanders region,N,N Administrative and support service activities,M,Male,4,50 - 59 years,9052
2022,2000,Flanders region,N,N Administrative and support service activities,M,Male,5,> 60 years,7083
2022,2000,Flanders region,O,O Public administration and defence/ compulsory social security,F,Female,1,< 30 years,5
2022,2000,Flanders region,O,O Public administration and defence/ compulsory social security,F,Female,2,30 - 39 years,18
2022,2000,Flanders region,O,O Public administration and defence/ compulsory social security,F,Female,3,40 - 49 years,29
2022,2000,Flanders region,O,O Public administration and defence/ compulsory social security,F,Female,4,50 - 59 years,55
2022,2000,Flanders region,O,O Public administration and defence/ compulsory social security,F,Female,5,> 60 years,34
2022,2000,Flanders region,O,O Public administration and defence/ compulsory social security,M,Male,1,< 30 years,4
2022,2000,Flanders region,O,O Public administration and defence/ compulsory social security,M,Male,2,30 - 39 years,26
2022,2000,Flanders region,O,O Public administration and defence/ compulsory social security,M,Male,3,40 - 49 years,59
2022,2000,Flanders region,O,O Public administration and defence/ compulsory social security,M,Male,4,50 - 59 years,113
2022,2000,Flanders region,O,O Public administration and defence/ compulsory social security,M,Male,5,> 60 years,197
2022,2000,Flanders region,P,P Education,F,Female,1,< 30 years,1167
2022,2000,Flanders region,P,P Education,F,Female,2,30 - 39 years,2605
2022,2000,Flanders region,P,P Education,F,Female,3,40 - 49 years,2886
2022,2000,Flanders region,P,P Education,F,Female,4,50 - 59 years,2014
2022,2000,Flanders region,P,P Education,F,Female,5,> 60 years,1050
2022,2000,Flanders region,P,P Education,M,Male,1,< 30 years,1224
2022,2000,Flanders region,P,P Education,M,Male,2,30 - 39 years,2491
2022,2000,Flanders region,P,P Education,M,Male,3,40 - 49 years,2745
2022,2000,Flanders region,P,P Education,M,Male,4,50 - 59 years,2552
2022,2000,Flanders region,P,P Education,M,Male,5,> 60 years,2421
2022,2000,Flanders region,Q,Q Human health and social work activities,F,Female,1,< 30 years,8894
2022,2000,Flanders region,Q,Q Human health and social work activities,F,Female,2,30 - 39 years,16185
2022,2000,Flanders region,Q,Q Human health and social work activities,F,Female,3,40 - 49 years,13802
2022,2000,Flanders region,Q,Q Human health and social work activities,F,Female,4,50 - 59 years,10705
2022,2000,Flanders region,Q,Q Human health and social work activities,F,Female,5,> 60 years,5656
2022,2000,Flanders region,Q,Q Human health and social work activities,M,Male,1,< 30 years,2616
2022,2000,Flanders region,Q,Q Human health and social work activities,M,Male,2,30 - 39 years,5926
2022,2000,Flanders region,Q,Q Human health and social work activities,M,Male,3,40 - 49 years,6130
2022,2000,Flanders region,Q,Q Human health and social work activities,M,Male,4,50 - 59 years,7159
2022,2000,Flanders region,Q,Q Human health and social work activities,M,Male,5,> 60 years,11832
2022,2000,Flanders region,R,"R Arts, entertainment and recreation",F,Female,1,< 30 years,1119
2022,2000,Flanders region,R,"R Arts, entertainment and recreation",F,Female,2,30 - 39 years,2575
2022,2000,Flanders region,R,"R Arts, entertainment and recreation",F,Female,3,40 - 49 years,2916
2022,2000,Flanders region,R,"R Arts, entertainment and recreation",F,Female,4,50 - 59 years,2318
2022,2000,Flanders region,R,"R Arts, entertainment and recreation",F,Female,5,> 60 years,1360
2022,2000,Flanders region,R,"R Arts, entertainment and recreation",M,Male,1,< 30 years,2638
2022,2000,Flanders region,R,"R Arts, entertainment and recreation",M,Male,2,30 - 39 years,6215
2022,2000,Flanders region,R,"R Arts, entertainment and recreation",M,Male,3,40 - 49 years,7765
2022,2000,Flanders region,R,"R Arts, entertainment and recreation",M,Male,4,50 - 59 years,7327
2022,2000,Flanders region,R,"R Arts, entertainment and recreation",M,Male,5,> 60 years,5930
2022,2000,Flanders region,S,S Other service activities,F,Female,1,< 30 years,5624
2022,2000,Flanders region,S,S Other service activities,F,Female,2,30 - 39 years,11768
2022,2000,Flanders region,S,S Other service activities,F,Female,3,40 - 49 years,11479
2022,2000,Flanders region,S,S Other service activities,F,Female,4,50 - 59 years,10564
2022,2000,Flanders region,S,S Other service activities,F,Female,5,> 60 years,4862
2022,2000,Flanders region,S,S Other service activities,M,Male,1,< 30 years,2167
2022,2000,Flanders region,S,S Other service activities,M,Male,2,30 - 39 years,6959
2022,2000,Flanders region,S,S Other service activities,M,Male,3,40 - 49 years,9398
2022,2000,Flanders region,S,S Other service activities,M,Male,4,50 - 59 years,11334
2022,2000,Flanders region,S,S Other service activities,M,Male,5,> 60 years,11031
2022,2000,Flanders region,T,T Activities of households as employers/ undifferentiated goods- and services-producing activities of households for own use,F,Female,1,< 30 years,5
2022,2000,Flanders region,T,T Activities of households as employers/ undifferentiated goods- and services-producing activities of households for own use,F,Female,2,30 - 39 years,25
2022,2000,Flanders region,T,T Activities of households as employers/ undifferentiated goods- and services-producing activities of households for own use,F,Female,3,40 - 49 years,46
2022,2000,Flanders region,T,T Activities of households as employers/ undifferentiated goods- and services-producing activities of households for own use,F,Female,4,50 - 59 years,35
2022,2000,Flanders region,T,T Activities of households as employers/ undifferentiated goods- and services-producing activities of households for own use,F,Female,5,> 60 years,40
2022,2000,Flanders region,T,T Activities of households as employers/ undifferentiated goods- and services-producing activities of households for own use,M,Male,1,< 30 years,4
2022,2000,Flanders region,T,T Activities of households as employers/ undifferentiated goods- and services-producing activities of households for own use,M,Male,2,30 - 39 years,44
2022,2000,Flanders region,T,T Activities of households as employers/ undifferentiated goods- and services-producing activities of households for own use,M,Male,3,40 - 49 years,100
2022,2000,Flanders region,T,T Activities of households as employers/ undifferentiated goods- and services-producing activities of households for own use,M,Male,4,50 - 59 years,109
2022,2000,Flanders region,T,T Activities of households as employers/ undifferentiated goods- and services-producing activities of households for own use,M,Male,5,> 60 years,139
2022,2000,Flanders region,U,U Activities of extraterritorial organisations and bodies,F,Female,2,30 - 39 years,1
2022,2000,Flanders region,U,U Activities of extraterritorial organisations and bodies,F,Female,3,40 - 49 years,1
2022,2000,Flanders region,U,U Activities of extraterritorial organisations and bodies,M,Male,3,40 - 49 years,1
2022,2000,Flanders region,X,Unkown economic activity,F,Female,1,< 30 years,39
2022,2000,Flanders region,X,Unkown economic activity,F,Female,2,30 - 39 years,39
2022,2000,Flanders region,X,Unkown economic activity,F,Female,3,40 - 49 years,23
2022,2000,Flanders region,X,Unkown economic activity,F,Female,4,50 - 59 years,15
2022,2000,Flanders region,X,Unkown economic activity,F,Female,5,> 60 years,11
2022,2000,Flanders region,X,Unkown economic activity,M,Male,1,< 30 years,16
2022,2000,Flanders region,X,Unkown economic activity,M,Male,2,30 - 39 years,26
2022,2000,Flanders region,X,Unkown economic activity,M,Male,3,40 - 49 years,28
2022,2000,Flanders region,X,Unkown economic activity,M,Male,4,50 - 59 years,22
2022,2000,Flanders region,X,Unkown economic activity,M,Male,5,> 60 years,20
2022,3000,Walloon region,A,"A Agriculture, forestry and fishing",F,Female,1,< 30 years,158
2022,3000,Walloon region,A,"A Agriculture, forestry and fishing",F,Female,2,30 - 39 years,635
2022,3000,Walloon region,A,"A Agriculture, forestry and fishing",F,Female,3,40 - 49 years,804
2022,3000,Walloon region,A,"A Agriculture, forestry and fishing",F,Female,4,50 - 59 years,1109
2022,3000,Walloon region,A,"A Agriculture, forestry and fishing",F,Female,5,> 60 years,1731
2022,3000,Walloon region,A,"A Agriculture, forestry and fishing",M,Male,1,< 30 years,918
2022,3000,Walloon region,A,"A Agriculture, forestry and fishing",M,Male,2,30 - 39 years,2679
2022,3000,Walloon region,A,"A Agriculture, forestry and fishing",M,Male,3,40 - 49 years,3160
2022,3000,Walloon region,A,"A Agriculture, forestry and fishing",M,Male,4,50 - 59 years,4792
2022,3000,Walloon region,A,"A Agriculture, forestry and fishing",M,Male,5,> 60 years,6270
2022,3000,Walloon region,B,B Mining and quarrying,F,Female,1,< 30 years,2
2022,3000,Walloon region,B,B Mining and quarrying,F,Female,2,30 - 39 years,6
2022,3000,Walloon region,B,B Mining and quarrying,F,Female,3,40 - 49 years,8
2022,3000,Walloon region,B,B Mining and quarrying,F,Female,4,50 - 59 years,7
2022,3000,Walloon region,B,B Mining and quarrying,F,Female,5,> 60 years,5
2022,3000,Walloon region,B,B Mining and quarrying,M,Male,1,< 30 years,1
2022,3000,Walloon region,B,B Mining and quarrying,M,Male,2,30 - 39 years,8
2022,3000,Walloon region,B,B Mining and quarrying,M,Male,3,40 - 49 years,35
2022,3000,Walloon region,B,B Mining and quarrying,M,Male,4,50 - 59 years,39
2022,3000,Walloon region,B,B Mining and quarrying,M,Male,5,> 60 years,49
2022,3000,Walloon region,C,C Manufacturing,F,Female,1,< 30 years,307
2022,3000,Walloon region,C,C Manufacturing,F,Female,2,30 - 39 years,1061
2022,3000,Walloon region,C,C Manufacturing,F,Female,3,40 - 49 years,1301
2022,3000,Walloon region,C,C Manufacturing,F,Female,4,50 - 59 years,1069
2022,3000,Walloon region,C,C Manufacturing,F,Female,5,> 60 years,737
2022,3000,Walloon region,C,C Manufacturing,M,Male,1,< 30 years,713
2022,3000,Walloon region,C,C Manufacturing,M,Male,2,30 - 39 years,2384
2022,3000,Walloon region,C,C Manufacturing,M,Male,3,40 - 49 years,3170
2022,3000,Walloon region,C,C Manufacturing,M,Male,4,50 - 59 years,3878
2022,3000,Walloon region,C,C Manufacturing,M,Male,5,> 60 years,3389
2022,3000,Walloon region,D,"D Electricity, gas, steam and air conditioning supply",F,Female,1,< 30 years,1
2022,3000,Walloon region,D,"D Electricity, gas, steam and air conditioning supply",F,Female,2,30 - 39 years,5
2022,3000,Walloon region,D,"D Electricity, gas, steam and air conditioning supply",F,Female,3,40 - 49 years,8
2022,3000,Walloon region,D,"D Electricity, gas, steam and air conditioning supply",F,Female,4,50 - 59 years,16
2022,3000,Walloon region,D,"D Electricity, gas, steam and air conditioning supply",F,Female,5,> 60 years,14
2022,3000,Walloon region,D,"D Electricity, gas, steam and air conditioning supply",M,Male,1,< 30 years,14
2022,3000,Walloon region,D,"D Electricity, gas, steam and air conditioning supply",M,Male,2,30 - 39 years,40
2022,3000,Walloon region,D,"D Electricity, gas, steam and air conditioning supply",M,Male,3,40 - 49 years,82
2022,3000,Walloon region,D,"D Electricity, gas, steam and air conditioning supply",M,Male,4,50 - 59 years,76
2022,3000,Walloon region,D,"D Electricity, gas, steam and air conditioning supply",M,Male,5,> 60 years,120
2022,3000,Walloon region,E,"E Water supply/ sewerage, waste management and remediation activities",F,Female,1,< 30 years,2
2022,3000,Walloon region,E,"E Water supply/ sewerage, waste management and remediation activities",F,Female,2,30 - 39 years,17
2022,3000,Walloon region,E,"E Water supply/ sewerage, waste management and remediation activities",F,Female,3,40 - 49 years,36
2022,3000,Walloon region,E,"E Water supply/ sewerage, waste management and remediation activities",F,Female,4,50 - 59 years,35
2022,3000,Walloon region,E,"E Water supply/ sewerage, waste management and remediation activities",F,Female,5,> 60 years,27
2022,3000,Walloon region,E,"E Water supply/ sewerage, waste management and remediation activities",M,Male,1,< 30 years,30
2022,3000,Walloon region,E,"E Water supply/ sewerage, waste management and remediation activities",M,Male,2,30 - 39 years,114
2022,3000,Walloon region,E,"E Water supply/ sewerage, waste management and remediation activities",M,Male,3,40 - 49 years,173
2022,3000,Walloon region,E,"E Water supply/ sewerage, waste management and remediation activities",M,Male,4,50 - 59 years,162
2022,3000,Walloon region,E,"E Water supply/ sewerage, waste management and remediation activities",M,Male,5,> 60 years,209
2022,3000,Walloon region,F,F Construction,F,Female,1,< 30 years,146
2022,3000,Walloon region,F,F Construction,F,Female,2,30 - 39 years,572
2022,3000,Walloon region,F,F Construction,F,Female,3,40 - 49 years,770
2022,3000,Walloon region,F,F Construction,F,Female,4,50 - 59 years,734
2022,3000,Walloon region,F,F Construction,F,Female,5,> 60 years,531
2022,3000,Walloon region,F,F Construction,M,Male,1,< 30 years,2698
2022,3000,Walloon region,F,F Construction,M,Male,2,30 - 39 years,10383
2022,3000,Walloon region,F,F Construction,M,Male,3,40 - 49 years,11743
2022,3000,Walloon region,F,F Construction,M,Male,4,50 - 59 years,10826
2022,3000,Walloon region,F,F Construction,M,Male,5,> 60 years,7096
2022,3000,Walloon region,G,G Wholesale and retail trade/ repair of motor vehicles and motorcycles,F,Female,1,< 30 years,1281
2022,3000,Walloon region,G,G Wholesale and retail trade/ repair of motor vehicles and motorcycles,F,Female,2,30 - 39 years,4340
2022,3000,Walloon region,G,G Wholesale and retail trade/ repair of motor vehicles and motorcycles,F,Female,3,40 - 49 years,5645
2022,3000,Walloon region,G,G Wholesale and retail trade/ repair of motor vehicles and motorcycles,F,Female,4,50 - 59 years,5325
2022,3000,Walloon region,G,G Wholesale and retail trade/ repair of motor vehicles and motorcycles,F,Female,5,> 60 years,3666
2022,3000,Walloon region,G,G Wholesale and retail trade/ repair of motor vehicles and motorcycles,M,Male,1,< 30 years,2199
2022,3000,Walloon region,G,G Wholesale and retail trade/ repair of motor vehicles and motorcycles,M,Male,2,30 - 39 years,7311
2022,3000,Walloon region,G,G Wholesale and retail trade/ repair of motor vehicles and motorcycles,M,Male,3,40 - 49 years,10097
2022,3000,Walloon region,G,G Wholesale and retail trade/ repair of motor vehicles and motorcycles,M,Male,4,50 - 59 years,11892
2022,3000,Walloon region,G,G Wholesale and retail trade/ repair of motor vehicles and motorcycles,M,Male,5,> 60 years,10723
2022,3000,Walloon region,H,H Transportation and storage,F,Female,1,< 30 years,54
2022,3000,Walloon region,H,H Transportation and storage,F,Female,2,30 - 39 years,154
2022,3000,Walloon region,H,H Transportation and storage,F,Female,3,40 - 49 years,214
2022,3000,Walloon region,H,H Transportation and storage,F,Female,4,50 - 59 years,232
2022,3000,Walloon region,H,H Transportation and storage,F,Female,5,> 60 years,166
2022,3000,Walloon region,H,H Transportation and storage,M,Male,1,< 30 years,347
2022,3000,Walloon region,H,H Transportation and storage,M,Male,2,30 - 39 years,999
2022,3000,Walloon region,H,H Transportation and storage,M,Male,3,40 - 49 years,1335
2022,3000,Walloon region,H,H Transportation and storage,M,Male,4,50 - 59 years,1505
2022,3000,Walloon region,H,H Transportation and storage,M,Male,5,> 60 years,1189
2022,3000,Walloon region,I,I Accommodation and food service activities,F,Female,1,< 30 years,461
2022,3000,Walloon region,I,I Accommodation and food service activities,F,Female,2,30 - 39 years,1454
2022,3000,Walloon region,I,I Accommodation and food service activities,F,Female,3,40 - 49 years,2052
2022,3000,Walloon region,I,I Accommodation and food service activities,F,Female,4,50 - 59 years,1882
2022,3000,Walloon region,I,I Accommodation and food service activities,F,Female,5,> 60 years,1219
2022,3000,Walloon region,I,I Accommodation and food service activities,M,Male,1,< 30 years,1042
2022,3000,Walloon region,I,I Accommodation and food service activities,M,Male,2,30 - 39 years,3225
2022,3000,Walloon region,I,I Accommodation and food service activities,M,Male,3,40 - 49 years,4155
2022,3000,Walloon region,I,I Accommodation and food service activities,M,Male,4,50 - 59 years,4247
2022,3000,Walloon region,I,I Accommodation and food service activities,M,Male,5,> 60 years,2673
2022,3000,Walloon region,J,J Information and communication,F,Female,1,< 30 years,120
2022,3000,Walloon region,J,J Information and communication,F,Female,2,30 - 39 years,553
2022,3000,Walloon region,J,J Information and communication,F,Female,3,40 - 49 years,673
2022,3000,Walloon region,J,J Information and communication,F,Female,4,50 - 59 years,539
2022,3000,Walloon region,J,J Information and communication,F,Female,5,> 60 years,303
2022,3000,Walloon region,J,J Information and communication,M,Male,1,< 30 years,760
2022,3000,Walloon region,J,J Information and communication,M,Male,2,30 - 39 years,3241
2022,3000,Walloon region,J,J Information and communication,M,Male,3,40 - 49 years,4122
2022,3000,Walloon region,J,J Information and communication,M,Male,4,50 - 59 years,3317
2022,3000,Walloon region,J,J Information and communication,M,Male,5,> 60 years,2008
2022,3000,Walloon region,K,K Financial and insurance activities,F,Female,1,< 30 years,33
2022,3000,Walloon region,K,K Financial and insurance activities,F,Female,2,30 - 39 years,247
2022,3000,Walloon region,K,K Financial and insurance activities,F,Female,3,40 - 49 years,400
2022,3000,Walloon region,K,K Financial and insurance activities,F,Female,4,50 - 59 years,442
2022,3000,Walloon region,K,K Financial and insurance activities,F,Female,5,> 60 years,364
2022,3000,Walloon region,K,K Financial and insurance activities,M,Male,1,< 30 years,117
2022,3000,Walloon region,K,K Financial and insurance activities,M,Male,2,30 - 39 years,741
2022,3000,Walloon region,K,K Financial and insurance activities,M,Male,3,40 - 49 years,1212
2022,3000,Walloon region,K,K Financial and insurance activities,M,Male,4,50 - 59 years,1853
2022,3000,Walloon region,K,K Financial and insurance activities,M,Male,5,> 60 years,2011
2022,3000,Walloon region,L,L Real estate activities,F,Female,1,< 30 years,294
2022,3000,Walloon region,L,L Real estate activities,F,Female,2,30 - 39 years,939
2022,3000,Walloon region,L,L Real estate activities,F,Female,3,40 - 49 years,1065
2022,3000,Walloon region,L,L Real estate activities,F,Female,4,50 - 59 years,1046
2022,3000,Walloon region,L,L Real estate activities,F,Female,5,> 60 years,952
2022,3000,Walloon region,L,L Real estate activities,M,Male,1,< 30 years,478
2022,3000,Walloon region,L,L Real estate activities,M,Male,2,30 - 39 years,2080
2022,3000,Walloon region,L,L Real estate activities,M,Male,3,40 - 49 years,2629
2022,3000,Walloon region,L,L Real estate activities,M,Male,4,50 - 59 years,3062
2022,3000,Walloon region,L,L Real estate activities,M,Male,5,> 60 years,3225
2022,3000,Walloon region,M,"M Professional, scientific and technical activities",F,Female,1,< 30 years,2196
2022,3000,Walloon region,M,"M Professional, scientific and technical activities",F,Female,2,30 - 39 years,4997
2022,3000,Walloon region,M,"M Professional, scientific and technical activities",F,Female,3,40 - 49 years,5552
2022,3000,Walloon region,M,"M Professional, scientific and technical activities",F,Female,4,50 - 59 years,4360
2022,3000,Walloon region,M,"M Professional, scientific and technical activities",F,Female,5,> 60 years,2450
2022,3000,Walloon region,M,"M Professional, scientific and technical activities",M,Male,1,< 30 years,2037
2022,3000,Walloon region,M,"M Professional, scientific and technical activities",M,Male,2,30 - 39 years,7851
2022,3000,Walloon region,M,"M Professional, scientific and technical activities",M,Male,3,40 - 49 years,11050
2022,3000,Walloon region,M,"M Professional, scientific and technical activities",M,Male,4,50 - 59 years,11786
2022,3000,Walloon region,M,"M Professional, scientific and technical activities",M,Male,5,> 60 years,11349
2022,3000,Walloon region,N,N Administrative and support service activities,F,Female,1,< 30 years,283
2022,3000,Walloon region,N,N Administrative and support service activities,F,Female,2,30 - 39 years,1143
2022,3000,Walloon region,N,N Administrative and support service activities,F,Female,3,40 - 49 years,1668
2022,3000,Walloon region,N,N Administrative and support service activities,F,Female,4,50 - 59 years,1616
2022,3000,Walloon region,N,N Administrative and support service activities,F,Female,5,> 60 years,974
2022,3000,Walloon region,N,N Administrative and support service activities,M,Male,1,< 30 years,1535
2022,3000,Walloon region,N,N Administrative and support service activities,M,Male,2,30 - 39 years,4218
2022,3000,Walloon region,N,N Administrative and support service activities,M,Male,3,40 - 49 years,4488
2022,3000,Walloon region,N,N Administrative and support service activities,M,Male,4,50 - 59 years,4167
2022,3000,Walloon region,N,N Administrative and support service activities,M,Male,5,> 60 years,3412
2022,3000,Walloon region,O,O Public administration and defence/ compulsory social security,F,Female,1,< 30 years,1
2022,3000,Walloon region,O,O Public administration and defence/ compulsory social security,F,Female,2,30 - 39 years,11
2022,3000,Walloon region,O,O Public administration and defence/ compulsory social security,F,Female,3,40 - 49 years,41
2022,3000,Walloon region,O,O Public administration and defence/ compulsory social security,F,Female,4,50 - 59 years,39
2022,3000,Walloon region,O,O Public administration and defence/ compulsory social security,F,Female,5,> 60 years,20
2022,3000,Walloon region,O,O Public administration and defence/ compulsory social security,M,Male,1,< 30 years,6
2022,3000,Walloon region,O,O Public administration and defence/ compulsory social security,M,Male,2,30 - 39 years,18
2022,3000,Walloon region,O,O Public administration and defence/ compulsory social security,M,Male,3,40 - 49 years,41
2022,3000,Walloon region,O,O Public administration and defence/ compulsory social security,M,Male,4,50 - 59 years,107
2022,3000,Walloon region,O,O Public administration and defence/ compulsory social security,M,Male,5,> 60 years,196
2022,3000,Walloon region,P,P Education,F,Female,1,< 30 years,384
2022,3000,Walloon region,P,P Education,F,Female,2,30 - 39 years,1183
2022,3000,Walloon region,P,P Education,F,Female,3,40 - 49 years,1565
2022,3000,Walloon region,P,P Education,F,Female,4,50 - 59 years,1129
2022,3000,Walloon region,P,P Education,F,Female,5,> 60 years,712
2022,3000,Walloon region,P,P Education,M,Male,1,< 30 years,448
2022,3000,Walloon region,P,P Education,M,Male,2,30 - 39 years,1273
2022,3000,Walloon region,P,P Education,M,Male,3,40 - 49 years,1513
2022,3000,Walloon region,P,P Education,M,Male,4,50 - 59 years,1459
2022,3000,Walloon region,P,P Education,M,Male,5,> 60 years,1463
2022,3000,Walloon region,Q,Q Human health and social work activities,F,Female,1,< 30 years,4976
2022,3000,Walloon region,Q,Q Human health and social work activities,F,Female,2,30 - 39 years,10184
2022,3000,Walloon region,Q,Q Human health and social work activities,F,Female,3,40 - 49 years,9520
2022,3000,Walloon region,Q,Q Human health and social work activities,F,Female,4,50 - 59 years,7397
2022,3000,Walloon region,Q,Q Human health and social work activities,F,Female,5,> 60 years,4869
2022,3000,Walloon region,Q,Q Human health and social work activities,M,Male,1,< 30 years,1780
2022,3000,Walloon region,Q,Q Human health and social work activities,M,Male,2,30 - 39 years,4109
2022,3000,Walloon region,Q,Q Human health and social work activities,M,Male,3,40 - 49 years,4309
2022,3000,Walloon region,Q,Q Human health and social work activities,M,Male,4,50 - 59 years,4923
2022,3000,Walloon region,Q,Q Human health and social work activities,M,Male,5,> 60 years,7642
2022,3000,Walloon region,R,"R Arts, entertainment and recreation",F,Female,1,< 30 years,329
2022,3000,Walloon region,R,"R Arts, entertainment and recreation",F,Female,2,30 - 39 years,1038
2022,3000,Walloon region,R,"R Arts, entertainment and recreation",F,Female,3,40 - 49 years,1365
2022,3000,Walloon region,R,"R Arts, entertainment and recreation",F,Female,4,50 - 59 years,1096
2022,3000,Walloon region,R,"R Arts, entertainment and recreation",F,Female,5,> 60 years,879
2022,3000,Walloon region,R,"R Arts, entertainment and recreation",M,Male,1,< 30 years,622
2022,3000,Walloon region,R,"R Arts, entertainment and recreation",M,Male,2,30 - 39 years,2168
2022,3000,Walloon region,R,"R Arts, entertainment and recreation",M,Male,3,40 - 49 years,2955
2022,3000,Walloon region,R,"R Arts, entertainment and recreation",M,Male,4,50 - 59 years,3059
2022,3000,Walloon region,R,"R Arts, entertainment and recreation",M,Male,5,> 60 years,2904
2022,3000,Walloon region,S,S Other service activities,F,Female,1,< 30 years,2006
2022,3000,Walloon region,S,S Other service activities,F,Female,2,30 - 39 years,5565
2022,3000,Walloon region,S,S Other service activities,F,Female,3,40 - 49 years,5767
2022,3000,Walloon region,S,S Other service activities,F,Female,4,50 - 59 years,5415
2022,3000,Walloon region,S,S Other service activities,F,Female,5,> 60 years,3407
2022,3000,Walloon region,S,S Other service activities,M,Male,1,< 30 years,912
2022,3000,Walloon region,S,S Other service activities,M,Male,2,30 - 39 years,3551
2022,3000,Walloon region,S,S Other service activities,M,Male,3,40 - 49 years,5665
2022,3000,Walloon region,S,S Other service activities,M,Male,4,50 - 59 years,6783
2022,3000,Walloon region,S,S Other service activities,M,Male,5,> 60 years,7985
2022,3000,Walloon region,T,T Activities of households as employers/ undifferentiated goods- and services-producing activities of households for own use,F,Female,1,< 30 years,1
2022,3000,Walloon region,T,T Activities of households as employers/ undifferentiated goods- and services-producing activities of households for own use,F,Female,2,30 - 39 years,4
2022,3000,Walloon region,T,T Activities of households as employers/ undifferentiated goods- and services-producing activities of households for own use,F,Female,3,40 - 49 years,14
2022,3000,Walloon region,T,T Activities of households as employers/ undifferentiated goods- and services-producing activities of households for own use,F,Female,4,50 - 59 years,13
2022,3000,Walloon region,T,T Activities of households as employers/ undifferentiated goods- and services-producing activities of households for own use,F,Female,5,> 60 years,7
2022,3000,Walloon region,T,T Activities of households as employers/ undifferentiated goods- and services-producing activities of households for own use,M,Male,1,< 30 years,2
2022,3000,Walloon region,T,T Activities of households as employers/ undifferentiated goods- and services-producing activities of households for own use,M,Male,2,30 - 39 years,9
2022,3000,Walloon region,T,T Activities of households as employers/ undifferentiated goods- and services-producing activities of households for own use,M,Male,3,40 - 49 years,19
2022,3000,Walloon region,T,T Activities of households as employers/ undifferentiated goods- and services-producing activities of households for own use,M,Male,4,50 - 59 years,23
2022,3000,Walloon region,T,T Activities of households as employers/ undifferentiated goods- and services-producing activities of households for own use,M,Male,5,> 60 years,47
2022,3000,Walloon region,U,U Activities of extraterritorial organisations and bodies,F,Female,3,40 - 49 years,1
2022,3000,Walloon region,U,U Activities of extraterritorial organisations and bodies,M,Male,2,30 - 39 years,1
2022,3000,Walloon region,U,U Activities of extraterritorial organisations and bodies,M,Male,3,40 - 49 years,1
2022,3000,Walloon region,X,Unkown economic activity,F,Female,1,< 30 years,30
2022,3000,Walloon region,X,Unkown economic activity,F,Female,2,30 - 39 years,27
2022,3000,Walloon region,X,Unkown economic activity,F,Female,3,40 - 49 years,16
2022,3000,Walloon region,X,Unkown economic activity,F,Female,4,50 - 59 years,6
2022,3000,Walloon region,X,Unkown economic activity,F,Female,5,> 60 years,1
2022,3000,Walloon region,X,Unkown economic activity,M,Male,1,< 30 years,22
2022,3000,Walloon region,X,Unkown economic activity,M,Male,2,30 - 39 years,15
2022,3000,Walloon region,X,Unkown economic activity,M,Male,3,40 - 49 years,13
2022,3000,Walloon region,X,Unkown economic activity,M,Male,4,50 - 59 years,3
2022,3000,Walloon region,X,Unkown economic activity,M,Male,5,> 60 years,4
2022,4000,Brussels-Capital region,A,"A Agriculture, forestry and fishing",F,Female,1,< 30 years,8
2022,4000,Brussels-Capital region,A,"A Agriculture, forestry and fishing",F,Female,2,30 - 39 years,19
2022,4000,Brussels-Capital region,A,"A Agriculture, forestry and fishing",F,Female,3,40 - 49 years,25
2022,4000,Brussels-Capital region,A,"A Agriculture, forestry and fishing",F,Female,4,50 - 59 years,23
2022,4000,Brussels-Capital region,A,"A Agriculture, forestry and fishing",F,Female,5,> 60 years,30
2022,4000,Brussels-Capital region,A,"A Agriculture, forestry and fishing",M,Male,1,< 30 years,20
2022,4000,Brussels-Capital region,A,"A Agriculture, forestry and fishing",M,Male,2,30 - 39 years,59
2022,4000,Brussels-Capital region,A,"A Agriculture, forestry and fishing",M,Male,3,40 - 49 years,76
2022,4000,Brussels-Capital region,A,"A Agriculture, forestry and fishing",M,Male,4,50 - 59 years,68
2022,4000,Brussels-Capital region,A,"A Agriculture, forestry and fishing",M,Male,5,> 60 years,88
2022,4000,Brussels-Capital region,B,B Mining and quarrying,F,Female,3,40 - 49 years,2
2022,4000,Brussels-Capital region,B,B Mining and quarrying,M,Male,2,30 - 39 years,1
2022,4000,Brussels-Capital region,B,B Mining and quarrying,M,Male,3,40 - 49 years,4
2022,4000,Brussels-Capital region,B,B Mining and quarrying,M,Male,4,50 - 59 years,1
2022,4000,Brussels-Capital region,B,B Mining and quarrying,M,Male,5,> 60 years,3
2022,4000,Brussels-Capital region,C,C Manufacturing,F,Female,1,< 30 years,75
2022,4000,Brussels-Capital region,C,C Manufacturing,F,Female,2,30 - 39 years,217
2022,4000,Brussels-Capital region,C,C Manufacturing,F,Female,3,40 - 49 years,218
2022,4000,Brussels-Capital region,C,C Manufacturing,F,Female,4,50 - 59 years,258
2022,4000,Brussels-Capital region,C,C Manufacturing,F,Female,5,> 60 years,182
2022,4000,Brussels-Capital region,C,C Manufacturing,M,Male,1,< 30 years,168
2022,4000,Brussels-Capital region,C,C Manufacturing,M,Male,2,30 - 39 years,603
2022,4000,Brussels-Capital region,C,C Manufacturing,M,Male,3,40 - 49 years,738
2022,4000,Brussels-Capital region,C,C Manufacturing,M,Male,4,50 - 59 years,818
2022,4000,Brussels-Capital region,C,C Manufacturing,M,Male,5,> 60 years,724
2022,4000,Brussels-Capital region,D,"D Electricity, gas, steam and air conditioning supply",F,Female,1,< 30 years,2
2022,4000,Brussels-Capital region,D,"D Electricity, gas, steam and air conditioning supply",F,Female,2,30 - 39 years,7
2022,4000,Brussels-Capital region,D,"D Electricity, gas, steam and air conditioning supply",F,Female,3,40 - 49 years,5
2022,4000,Brussels-Capital region,D,"D Electricity, gas, steam and air conditioning supply",F,Female,4,50 - 59 years,12
2022,4000,Brussels-Capital region,D,"D Electricity, gas, steam and air conditioning supply",F,Female,5,> 60 years,6
2022,4000,Brussels-Capital region,D,"D Electricity, gas, steam and air conditioning supply",M,Male,1,< 30 years,7
2022,4000,Brussels-Capital region,D,"D Electricity, gas, steam and air conditioning supply",M,Male,2,30 - 39 years,33
2022,4000,Brussels-Capital region,D,"D Electricity, gas, steam and air conditioning supply",M,Male,3,40 - 49 years,21
2022,4000,Brussels-Capital region,D,"D Electricity, gas, steam and air conditioning supply",M,Male,4,50 - 59 years,50
2022,4000,Brussels-Capital region,D,"D Electricity, gas, steam and air conditioning supply",M,Male,5,> 60 years,60
2022,4000,Brussels-Capital region,E,"E Water supply/ sewerage, waste management and remediation activities",F,Female,1,< 30 years,1
2022,4000,Brussels-Capital region,E,"E Water supply/ sewerage, waste management and remediation activities",F,Female,2,30 - 39 years,5
2022,4000,Brussels-Capital region,E,"E Water supply/ sewerage, waste management and remediation activities",F,Female,3,40 - 49 years,5
2022,4000,Brussels-Capital region,E,"E Water supply/ sewerage, waste management and remediation activities",F,Female,4,50 - 59 years,8
2022,4000,Brussels-Capital region,E,"E Water supply/ sewerage, waste management and remediation activities",F,Female,5,> 60 years,5
2022,4000,Brussels-Capital region,E,"E Water supply/ sewerage, waste management and remediation activities",M,Male,1,< 30 years,4
2022,4000,Brussels-Capital region,E,"E Water supply/ sewerage, waste management and remediation activities",M,Male,2,30 - 39 years,18
2022,4000,Brussels-Capital region,E,"E Water supply/ sewerage, waste management and remediation activities",M,Male,3,40 - 49 years,17
2022,4000,Brussels-Capital region,E,"E Water supply/ sewerage, waste management and remediation activities",M,Male,4,50 - 59 years,36
2022,4000,Brussels-Capital region,E,"E Water supply/ sewerage, waste management and remediation activities",M,Male,5,> 60 years,30
2022,4000,Brussels-Capital region,F,F Construction,F,Female,1,< 30 years,71
2022,4000,Brussels-Capital region,F,F Construction,F,Female,2,30 - 39 years,246
2022,4000,Brussels-Capital region,F,F Construction,F,Female,3,40 - 49 years,329
2022,4000,Brussels-Capital region,F,F Construction,F,Female,4,50 - 59 years,256
2022,4000,Brussels-Capital region,F,F Construction,F,Female,5,> 60 years,177
2022,4000,Brussels-Capital region,F,F Construction,M,Male,1,< 30 years,1096
2022,4000,Brussels-Capital region,F,F Construction,M,Male,2,30 - 39 years,3779
2022,4000,Brussels-Capital region,F,F Construction,M,Male,3,40 - 49 years,4869
2022,4000,Brussels-Capital region,F,F Construction,M,Male,4,50 - 59 years,3667
2022,4000,Brussels-Capital region,F,F Construction,M,Male,5,> 60 years,1787
2022,4000,Brussels-Capital region,G,G Wholesale and retail trade/ repair of motor vehicles and motorcycles,F,Female,1,< 30 years,318
2022,4000,Brussels-Capital region,G,G Wholesale and retail trade/ repair of motor vehicles and motorcycles,F,Female,2,30 - 39 years,989
2022,4000,Brussels-Capital region,G,G Wholesale and retail trade/ repair of motor vehicles and motorcycles,F,Female,3,40 - 49 years,1241
2022,4000,Brussels-Capital region,G,G Wholesale and retail trade/ repair of motor vehicles and motorcycles,F,Female,4,50 - 59 years,1181
2022,4000,Brussels-Capital region,G,G Wholesale and retail trade/ repair of motor vehicles and motorcycles,F,Female,5,> 60 years,949
2022,4000,Brussels-Capital region,G,G Wholesale and retail trade/ repair of motor vehicles and motorcycles,M,Male,1,< 30 years,960
2022,4000,Brussels-Capital region,G,G Wholesale and retail trade/ repair of motor vehicles and motorcycles,M,Male,2,30 - 39 years,3108
2022,4000,Brussels-Capital region,G,G Wholesale and retail trade/ repair of motor vehicles and motorcycles,M,Male,3,40 - 49 years,4357
2022,4000,Brussels-Capital region,G,G Wholesale and retail trade/ repair of motor vehicles and motorcycles,M,Male,4,50 - 59 years,4376
2022,4000,Brussels-Capital region,G,G Wholesale and retail trade/ repair of motor vehicles and motorcycles,M,Male,5,> 60 years,3462
2022,4000,Brussels-Capital region,H,H Transportation and storage,F,Female,1,< 30 years,64
2022,4000,Brussels-Capital region,H,H Transportation and storage,F,Female,2,30 - 39 years,181
2022,4000,Brussels-Capital region,H,H Transportation and storage,F,Female,3,40 - 49 years,177
2022,4000,Brussels-Capital region,H,H Transportation and storage,F,Female,4,50 - 59 years,85
2022,4000,Brussels-Capital region,H,H Transportation and storage,F,Female,5,> 60 years,64
2022,4000,Brussels-Capital region,H,H Transportation and storage,M,Male,1,< 30 years,636
2022,4000,Brussels-Capital region,H,H Transportation and storage,M,Male,2,30 - 39 years,1595
2022,4000,Brussels-Capital region,H,H Transportation and storage,M,Male,3,40 - 49 years,1663
2022,4000,Brussels-Capital region,H,H Transportation and storage,M,Male,4,50 - 59 years,931
2022,4000,Brussels-Capital region,H,H Transportation and storage,M,Male,5,> 60 years,549
2022,4000,Brussels-Capital region,I,I Accommodation and food service activities,F,Female,1,< 30 years,140
2022,4000,Brussels-Capital region,I,I Accommodation and food service activities,F,Female,2,30 - 39 years,613
2022,4000,Brussels-Capital region,I,I Accommodation and food service activities,F,Female,3,40 - 49 years,710
2022,4000,Brussels-Capital region,I,I Accommodation and food service activities,F,Female,4,50 - 59 years,521
2022,4000,Brussels-Capital region,I,I Accommodation and food service activities,F,Female,5,> 60 years,282
2022,4000,Brussels-Capital region,I,I Accommodation and food service activities,M,Male,1,< 30 years,510
2022,4000,Brussels-Capital region,I,I Accommodation and food service activities,M,Male,2,30 - 39 years,1997
2022,4000,Brussels-Capital region,I,I Accommodation and food service activities,M,Male,3,40 - 49 years,2261
2022,4000,Brussels-Capital region,I,I Accommodation and food service activities,M,Male,4,50 - 59 years,1773
2022,4000,Brussels-Capital region,I,I Accommodation and food service activities,M,Male,5,> 60 years,1142
2022,4000,Brussels-Capital region,J,J Information and communication,F,Female,1,< 30 years,133
2022,4000,Brussels-Capital region,J,J Information and communication,F,Female,2,30 - 39 years,540
2022,4000,Brussels-Capital region,J,J Information and communication,F,Female,3,40 - 49 years,573
2022,4000,Brussels-Capital region,J,J Information and communication,F,Female,4,50 - 59 years,403
2022,4000,Brussels-Capital region,J,J Information and communication,F,Female,5,> 60 years,269
2022,4000,Brussels-Capital region,J,J Information and communication,M,Male,1,< 30 years,556
2022,4000,Brussels-Capital region,J,J Information and communication,M,Male,2,30 - 39 years,2586
2022,4000,Brussels-Capital region,J,J Information and communication,M,Male,3,40 - 49 years,3076
2022,4000,Brussels-Capital region,J,J Information and communication,M,Male,4,50 - 59 years,2251
2022,4000,Brussels-Capital region,J,J Information and communication,M,Male,5,> 60 years,1430
2022,4000,Brussels-Capital region,K,K Financial and insurance activities,F,Female,1,< 30 years,16
2022,4000,Brussels-Capital region,K,K Financial and insurance activities,F,Female,2,30 - 39 years,95
2022,4000,Brussels-Capital region,K,K Financial and insurance activities,F,Female,3,40 - 49 years,244
2022,4000,Brussels-Capital region,K,K Financial and insurance activities,F,Female,4,50 - 59 years,289
2022,4000,Brussels-Capital region,K,K Financial and insurance activities,F,Female,5,> 60 years,294
2022,4000,Brussels-Capital region,K,K Financial and insurance activities,M,Male,1,< 30 years,50
2022,4000,Brussels-Capital region,K,K Financial and insurance activities,M,Male,2,30 - 39 years,308
2022,4000,Brussels-Capital region,K,K Financial and insurance activities,M,Male,3,40 - 49 years,673
2022,4000,Brussels-Capital region,K,K Financial and insurance activities,M,Male,4,50 - 59 years,1178
2022,4000,Brussels-Capital region,K,K Financial and insurance activities,M,Male,5,> 60 years,1449
2022,4000,Brussels-Capital region,L,L Real estate activities,F,Female,1,< 30 years,101
2022,4000,Brussels-Capital region,L,L Real estate activities,F,Female,2,30 - 39 years,381
2022,4000,Brussels-Capital region,L,L Real estate activities,F,Female,3,40 - 49 years,549
2022,4000,Brussels-Capital region,L,L Real estate activities,F,Female,4,50 - 59 years,600
2022,4000,Brussels-Capital region,L,L Real estate activities,F,Female,5,> 60 years,644
2022,4000,Brussels-Capital region,L,L Real estate activities,M,Male,1,< 30 years,221
2022,4000,Brussels-Capital region,L,L Real estate activities,M,Male,2,30 - 39 years,1090
2022,4000,Brussels-Capital region,L,L Real estate activities,M,Male,3,40 - 49 years,1581
2022,4000,Brussels-Capital region,L,L Real estate activities,M,Male,4,50 - 59 years,1851
2022,4000,Brussels-Capital region,L,L Real estate activities,M,Male,5,> 60 years,2180
2022,4000,Brussels-Capital region,M,"M Professional, scientific and technical activities",F,Female,1,< 30 years,1809
2022,4000,Brussels-Capital region,M,"M Professional, scientific and technical activities",F,Female,2,30 - 39 years,3700
2022,4000,Brussels-Capital region,M,"M Professional, scientific and technical activities",F,Female,3,40 - 49 years,3093
2022,4000,Brussels-Capital region,M,"M Professional, scientific and technical activities",F,Female,4,50 - 59 years,2801
2022,4000,Brussels-Capital region,M,"M Professional, scientific and technical activities",F,Female,5,> 60 years,1624
2022,4000,Brussels-Capital region,M,"M Professional, scientific and technical activities",M,Male,1,< 30 years,1566
2022,4000,Brussels-Capital region,M,"M Professional, scientific and technical activities",M,Male,2,30 - 39 years,5682
2022,4000,Brussels-Capital region,M,"M Professional, scientific and technical activities",M,Male,3,40 - 49 years,6554
2022,4000,Brussels-Capital region,M,"M Professional, scientific and technical activities",M,Male,4,50 - 59 years,6986
2022,4000,Brussels-Capital region,M,"M Professional, scientific and technical activities",M,Male,5,> 60 years,6383
2022,4000,Brussels-Capital region,N,N Administrative and support service activities,F,Female,1,< 30 years,166
2022,4000,Brussels-Capital region,N,N Administrative and support service activities,F,Female,2,30 - 39 years,541
2022,4000,Brussels-Capital region,N,N Administrative and support service activities,F,Female,3,40 - 49 years,726
2022,4000,Brussels-Capital region,N,N Administrative and support service activities,F,Female,4,50 - 59 years,681
2022,4000,Brussels-Capital region,N,N Administrative and support service activities,F,Female,5,> 60 years,412
2022,4000,Brussels-Capital region,N,N Administrative and support service activities,M,Male,1,< 30 years,407
2022,4000,Brussels-Capital region,N,N Administrative and support service activities,M,Male,2,30 - 39 years,1358
2022,4000,Brussels-Capital region,N,N Administrative and support service activities,M,Male,3,40 - 49 years,1857
2022,4000,Brussels-Capital region,N,N Administrative and support service activities,M,Male,4,50 - 59 years,1816
2022,4000,Brussels-Capital region,N,N Administrative and support service activities,M,Male,5,> 60 years,1230
2022,4000,Brussels-Capital region,O,O Public administration and defence/ compulsory social security,F,Female,1,< 30 years,5
2022,4000,Brussels-Capital region,O,O Public administration and defence/ compulsory social security,F,Female,2,30 - 39 years,15
2022,4000,Brussels-Capital region,O,O Public administration and defence/ compulsory social security,F,Female,3,40 - 49 years,28
2022,4000,Brussels-Capital region,O,O Public administration and defence/ compulsory social security,F,Female,4,50 - 59 years,65
2022,4000,Brussels-Capital region,O,O Public administration and defence/ compulsory social security,F,Female,5,> 60 years,44
2022,4000,Brussels-Capital region,O,O Public administration and defence/ compulsory social security,M,Male,1,< 30 years,3
2022,4000,Brussels-Capital region,O,O Public administration and defence/ compulsory social security,M,Male,2,30 - 39 years,16
2022,4000,Brussels-Capital region,O,O Public administration and defence/ compulsory social security,M,Male,3,40 - 49 years,56
2022,4000,Brussels-Capital region,O,O Public administration and defence/ compulsory social security,M,Male,4,50 - 59 years,99
2022,4000,Brussels-Capital region,O,O Public administration and defence/ compulsory social security,M,Male,5,> 60 years,173
2022,4000,Brussels-Capital region,P,P Education,F,Female,1,< 30 years,161
2022,4000,Brussels-Capital region,P,P Education,F,Female,2,30 - 39 years,514
2022,4000,Brussels-Capital region,P,P Education,F,Female,3,40 - 49 years,579
2022,4000,Brussels-Capital region,P,P Education,F,Female,4,50 - 59 years,441
2022,4000,Brussels-Capital region,P,P Education,F,Female,5,> 60 years,346
2022,4000,Brussels-Capital region,P,P Education,M,Male,1,< 30 years,175
2022,4000,Brussels-Capital region,P,P Education,M,Male,2,30 - 39 years,530
2022,4000,Brussels-Capital region,P,P Education,M,Male,3,40 - 49 years,631
2022,4000,Brussels-Capital region,P,P Education,M,Male,4,50 - 59 years,648
2022,4000,Brussels-Capital region,P,P Education,M,Male,5,> 60 years,674
2022,4000,Brussels-Capital region,Q,Q Human health and social work activities,F,Female,1,< 30 years,1201
2022,4000,Brussels-Capital region,Q,Q Human health and social work activities,F,Female,2,30 - 39 years,2683
2022,4000,Brussels-Capital region,Q,Q Human health and social work activities,F,Female,3,40 - 49 years,2118
2022,4000,Brussels-Capital region,Q,Q Human health and social work activities,F,Female,4,50 - 59 years,1923
2022,4000,Brussels-Capital region,Q,Q Human health and social work activities,F,Female,5,> 60 years,1702
2022,4000,Brussels-Capital region,Q,Q Human health and social work activities,M,Male,1,< 30 years,624
2022,4000,Brussels-Capital region,Q,Q Human health and social work activities,M,Male,2,30 - 39 years,1739
2022,4000,Brussels-Capital region,Q,Q Human health and social work activities,M,Male,3,40 - 49 years,1398
2022,4000,Brussels-Capital region,Q,Q Human health and social work activities,M,Male,4,50 - 59 years,1645
2022,4000,Brussels-Capital region,Q,Q Human health and social work activities,M,Male,5,> 60 years,2898
2022,4000,Brussels-Capital region,R,"R Arts, entertainment and recreation",F,Female,1,< 30 years,187
2022,4000,Brussels-Capital region,R,"R Arts, entertainment and recreation",F,Female,2,30 - 39 years,578
2022,4000,Brussels-Capital region,R,"R Arts, entertainment and recreation",F,Female,3,40 - 49 years,581
2022,4000,Brussels-Capital region,R,"R Arts, entertainment and recreation",F,Female,4,50 - 59 years,525
2022,4000,Brussels-Capital region,R,"R Arts, entertainment and recreation",F,Female,5,> 60 years,385
2022,4000,Brussels-Capital region,R,"R Arts, entertainment and recreation",M,Male,1,< 30 years,266
2022,4000,Brussels-Capital region,R,"R Arts, entertainment and recreation",M,Male,2,30 - 39 years,986
2022,4000,Brussels-Capital region,R,"R Arts, entertainment and recreation",M,Male,3,40 - 49 years,1199
2022,4000,Brussels-Capital region,R,"R Arts, entertainment and recreation",M,Male,4,50 - 59 years,1290
2022,4000,Brussels-Capital region,R,"R Arts, entertainment and recreation",M,Male,5,> 60 years,1216
2022,4000,Brussels-Capital region,S,S Other service activities,F,Female,1,< 30 years,354
2022,4000,Brussels-Capital region,S,S Other service activities,F,Female,2,30 - 39 years,1423
2022,4000,Brussels-Capital region,S,S Other service activities,F,Female,3,40 - 49 years,1994
2022,4000,Brussels-Capital region,S,S Other service activities,F,Female,4,50 - 59 years,1840
2022,4000,Brussels-Capital region,S,S Other service activities,F,Female,5,> 60 years,1443
2022,4000,Brussels-Capital region,S,S Other service activities,M,Male,1,< 30 years,414
2022,4000,Brussels-Capital region,S,S Other service activities,M,Male,2,30 - 39 years,2204
2022,4000,Brussels-Capital region,S,S Other service activities,M,Male,3,40 - 49 years,3626
2022,4000,Brussels-Capital region,S,S Other service activities,M,Male,4,50 - 59 years,4406
2022,4000,Brussels-Capital region,S,S Other service activities,M,Male,5,> 60 years,5236
2022,4000,Brussels-Capital region,T,T Activities of households as employers/ undifferentiated goods- and services-producing activities of households for own use,F,Female,2,30 - 39 years,5
2022,4000,Brussels-Capital region,T,T Activities of households as employers/ undifferentiated goods- and services-producing activities of households for own use,F,Female,3,40 - 49 years,13
2022,4000,Brussels-Capital region,T,T Activities of households as employers/ undifferentiated goods- and services-producing activities of households for own use,F,Female,4,50 - 59 years,12
2022,4000,Brussels-Capital region,T,T Activities of households as employers/ undifferentiated goods- and services-producing activities of households for own use,F,Female,5,> 60 years,12
2022,4000,Brussels-Capital region,T,T Activities of households as employers/ undifferentiated goods- and services-producing activities of households for own use,M,Male,1,< 30 years,2
2022,4000,Brussels-Capital region,T,T Activities of households as employers/ undifferentiated goods- and services-producing activities of households for own use,M,Male,2,30 - 39 years,8
2022,4000,Brussels-Capital region,T,T Activities of households as employers/ undifferentiated goods- and services-producing activities of households for own use,M,Male,3,40 - 49 years,28
2022,4000,Brussels-Capital region,T,T Activities of households as employers/ undifferentiated goods- and services-producing activities of households for own use,M,Male,4,50 - 59 years,30
2022,4000,Brussels-Capital region,T,T Activities of households as employers/ undifferentiated goods- and services-producing activities of households for own use,M,Male,5,> 60 years,43
2022,4000,Brussels-Capital region,U,U Activities of extraterritorial organisations and bodies,F,Female,2,30 - 39 years,1
2022,4000,Brussels-Capital region,U,U Activities of extraterritorial organisations and bodies,F,Female,3,40 - 49 years,1
2022,4000,Brussels-Capital region,U,U Activities of extraterritorial organisations and bodies,F,Female,4,50 - 59 years,3
2022,4000,Brussels-Capital region,U,U Activities of extraterritorial organisations and bodies,F,Female,5,> 60 years,1
2022,4000,Brussels-Capital region,U,U Activities of extraterritorial organisations and bodies,M,Male,2,30 - 39 years,2
2022,4000,Brussels-Capital region,U,U Activities of extraterritorial organisations and bodies,M,Male,3,40 - 49 years,4
2022,4000,Brussels-Capital region,U,U Activities of extraterritorial organisations and bodies,M,Male,4,50 - 59 years,7
2022,4000,Brussels-Capital region,U,U Activities of extraterritorial organisations and bodies,M,Male,5,> 60 years,10
2022,4000,Brussels-Capital region,X,Unkown economic activity,F,Female,1,< 30 years,7
2022,4000,Brussels-Capital region,X,Unkown economic activity,F,Female,2,30 - 39 years,15
2022,4000,Brussels-Capital region,X,Unkown economic activity,F,Female,3,40 - 49 years,12
2022,4000,Brussels-Capital region,X,Unkown economic activity,F,Female,4,50 - 59 years,5
2022,4000,Brussels-Capital region,X,Unkown economic activity,F,Female,5,> 60 years,1
2022,4000,Brussels-Capital region,X,Unkown economic activity,M,Male,1,< 30 years,7
2022,4000,Brussels-Capital region,X,Unkown economic activity,M,Male,2,30 - 39 years,9
2022,4000,Brussels-Capital region,X,Unkown economic activity,M,Male,3,40 - 49 years,9
2022,4000,Brussels-Capital region,X,Unkown economic activity,M,Male,4,50 - 59 years,7
2022,4000,Brussels-Capital region,X,Unkown economic activity,M,Male,5,> 60 years,5
2023,2000,Flanders region,A,"A Agriculture, forestry and fishing",F,Female,1,< 30 years,319
2023,2000,Flanders region,A,"A Agriculture, forestry and fishing",F,Female,2,30 - 39 years,1165
2023,2000,Flanders region,A,"A Agriculture, forestry and fishing",F,Female,3,40 - 49 years,1568
2023,2000,Flanders region,A,"A Agriculture, forestry and fishing",F,Female,4,50 - 59 years,2139
2023,2000,Flanders region,A,"A Agriculture, forestry and fishing",F,Female,5,> 60 years,2633
2023,2000,Flanders region,A,"A Agriculture, forestry and fishing",M,Male,1,< 30 years,1198
2023,2000,Flanders region,A,"A Agriculture, forestry and fishing",M,Male,2,30 - 39 years,3681
2023,2000,Flanders region,A,"A Agriculture, forestry and fishing",M,Male,3,40 - 49 years,4724
2023,2000,Flanders region,A,"A Agriculture, forestry and fishing",M,Male,4,50 - 59 years,7722
2023,2000,Flanders region,A,"A Agriculture, forestry and fishing",M,Male,5,> 60 years,10877
2023,2000,Flanders region,B,B Mining and quarrying,F,Female,2,30 - 39 years,2
2023,2000,Flanders region,B,B Mining and quarrying,F,Female,3,40 - 49 years,2
2023,2000,Flanders region,B,B Mining and quarrying,F,Female,4,50 - 59 years,5
2023,2000,Flanders region,B,B Mining and quarrying,F,Female,5,> 60 years,7
2023,2000,Flanders region,B,B Mining and quarrying,M,Male,2,30 - 39 years,13
2023,2000,Flanders region,B,B Mining and quarrying,M,Male,3,40 - 49 years,14
2023,2000,Flanders region,B,B Mining and quarrying,M,Male,4,50 - 59 years,10
2023,2000,Flanders region,B,B Mining and quarrying,M,Male,5,> 60 years,26
2023,2000,Flanders region,C,C Manufacturing,F,Female,1,< 30 years,824
2023,2000,Flanders region,C,C Manufacturing,F,Female,2,30 - 39 years,2538
2023,2000,Flanders region,C,C Manufacturing,F,Female,3,40 - 49 years,2909
2023,2000,Flanders region,C,C Manufacturing,F,Female,4,50 - 59 years,2975
2023,2000,Flanders region,C,C Manufacturing,F,Female,5,> 60 years,1687
2023,2000,Flanders region,C,C Manufacturing,M,Male,1,< 30 years,2343
2023,2000,Flanders region,C,C Manufacturing,M,Male,2,30 - 39 years,6807
2023,2000,Flanders region,C,C Manufacturing,M,Male,3,40 - 49 years,8444
2023,2000,Flanders region,C,C Manufacturing,M,Male,4,50 - 59 years,9831
2023,2000,Flanders region,C,C Manufacturing,M,Male,5,> 60 years,7514
2023,2000,Flanders region,D,"D Electricity, gas, steam and air conditioning supply",F,Female,1,< 30 years,21
2023,2000,Flanders region,D,"D Electricity, gas, steam and air conditioning supply",F,Female,2,30 - 39 years,42
2023,2000,Flanders region,D,"D Electricity, gas, steam and air conditioning supply",F,Female,3,40 - 49 years,45
2023,2000,Flanders region,D,"D Electricity, gas, steam and air conditioning supply",F,Female,4,50 - 59 years,54
2023,2000,Flanders region,D,"D Electricity, gas, steam and air conditioning supply",F,Female,5,> 60 years,24
2023,2000,Flanders region,D,"D Electricity, gas, steam and air conditioning supply",M,Male,1,< 30 years,81
2023,2000,Flanders region,D,"D Electricity, gas, steam and air conditioning supply",M,Male,2,30 - 39 years,130
2023,2000,Flanders region,D,"D Electricity, gas, steam and air conditioning supply",M,Male,3,40 - 49 years,211
2023,2000,Flanders region,D,"D Electricity, gas, steam and air conditioning supply",M,Male,4,50 - 59 years,230
2023,2000,Flanders region,D,"D Electricity, gas, steam and air conditioning supply",M,Male,5,> 60 years,253
2023,2000,Flanders region,E,"E Water supply/ sewerage, waste management and remediation activities",F,Female,1,< 30 years,11
2023,2000,Flanders region,E,"E Water supply/ sewerage, waste management and remediation activities",F,Female,2,30 - 39 years,50
2023,2000,Flanders region,E,"E Water supply/ sewerage, waste management and remediation activities",F,Female,3,40 - 49 years,70
2023,2000,Flanders region,E,"E Water supply/ sewerage, waste management and remediation activities",F,Female,4,50 - 59 years,99
2023,2000,Flanders region,E,"E Water supply/ sewerage, waste management and remediation activities",F,Female,5,> 60 years,45
2023,2000,Flanders region,E,"E Water supply/ sewerage, waste management and remediation activities",M,Male,1,< 30 years,70
2023,2000,Flanders region,E,"E Water supply/ sewerage, waste management and remediation activities",M,Male,2,30 - 39 years,246
2023,2000,Flanders region,E,"E Water supply/ sewerage, waste management and remediation activities",M,Male,3,40 - 49 years,271
2023,2000,Flanders region,E,"E Water supply/ sewerage, waste management and remediation activities",M,Male,4,50 - 59 years,389
2023,2000,Flanders region,E,"E Water supply/ sewerage, waste management and remediation activities",M,Male,5,> 60 years,313
2023,2000,Flanders region,F,F Construction,F,Female,1,< 30 years,533
2023,2000,Flanders region,F,F Construction,F,Female,2,30 - 39 years,2415
2023,2000,Flanders region,F,F Construction,F,Female,3,40 - 49 years,3470
2023,2000,Flanders region,F,F Construction,F,Female,4,50 - 59 years,3358
2023,2000,Flanders region,F,F Construction,F,Female,5,> 60 years,1658
2023,2000,Flanders region,F,F Construction,M,Male,1,< 30 years,9620
2023,2000,Flanders region,F,F Construction,M,Male,2,30 - 39 years,31739
2023,2000,Flanders region,F,F Construction,M,Male,3,40 - 49 years,34190
2023,2000,Flanders region,F,F Construction,M,Male,4,50 - 59 years,28843
2023,2000,Flanders region,F,F Construction,M,Male,5,> 60 years,17779
2023,2000,Flanders region,G,G Wholesale and retail trade/ repair of motor vehicles and motorcycles,F,Female,1,< 30 years,2945
2023,2000,Flanders region,G,G Wholesale and retail trade/ repair of motor vehicles and motorcycles,F,Female,2,30 - 39 years,8936
2023,2000,Flanders region,G,G Wholesale and retail trade/ repair of motor vehicles and motorcycles,F,Female,3,40 - 49 years,11346
2023,2000,Flanders region,G,G Wholesale and retail trade/ repair of motor vehicles and motorcycles,F,Female,4,50 - 59 years,13751
2023,2000,Flanders region,G,G Wholesale and retail trade/ repair of motor vehicles and motorcycles,F,Female,5,> 60 years,8789
2023,2000,Flanders region,G,G Wholesale and retail trade/ repair of motor vehicles and motorcycles,M,Male,1,< 30 years,6118
2023,2000,Flanders region,G,G Wholesale and retail trade/ repair of motor vehicles and motorcycles,M,Male,2,30 - 39 years,16671
2023,2000,Flanders region,G,G Wholesale and retail trade/ repair of motor vehicles and motorcycles,M,Male,3,40 - 49 years,21924
2023,2000,Flanders region,G,G Wholesale and retail trade/ repair of motor vehicles and motorcycles,M,Male,4,50 - 59 years,28538
2023,2000,Flanders region,G,G Wholesale and retail trade/ repair of motor vehicles and motorcycles,M,Male,5,> 60 years,25848
2023,2000,Flanders region,H,H Transportation and storage,F,Female,1,< 30 years,192
2023,2000,Flanders region,H,H Transportation and storage,F,Female,2,30 - 39 years,648
2023,2000,Flanders region,H,H Transportation and storage,F,Female,3,40 - 49 years,919
2023,2000,Flanders region,H,H Transportation and storage,F,Female,4,50 - 59 years,1061
2023,2000,Flanders region,H,H Transportation and storage,F,Female,5,> 60 years,686
2023,2000,Flanders region,H,H Transportation and storage,M,Male,1,< 30 years,1790
2023,2000,Flanders region,H,H Transportation and storage,M,Male,2,30 - 39 years,4577
2023,2000,Flanders region,H,H Transportation and storage,M,Male,3,40 - 49 years,5130
2023,2000,Flanders region,H,H Transportation and storage,M,Male,4,50 - 59 years,4882
2023,2000,Flanders region,H,H Transportation and storage,M,Male,5,> 60 years,4127
2023,2000,Flanders region,I,I Accommodation and food service activities,F,Female,1,< 30 years,1228
2023,2000,Flanders region,I,I Accommodation and food service activities,F,Female,2,30 - 39 years,4327
2023,2000,Flanders region,I,I Accommodation and food service activities,F,Female,3,40 - 49 years,5685
2023,2000,Flanders region,I,I Accommodation and food service activities,F,Female,4,50 - 59 years,5391
2023,2000,Flanders region,I,I Accommodation and food service activities,F,Female,5,> 60 years,2944
2023,2000,Flanders region,I,I Accommodation and food service activities,M,Male,1,< 30 years,2512
2023,2000,Flanders region,I,I Accommodation and food service activities,M,Male,2,30 - 39 years,7819
2023,2000,Flanders region,I,I Accommodation and food service activities,M,Male,3,40 - 49 years,9996
2023,2000,Flanders region,I,I Accommodation and food service activities,M,Male,4,50 - 59 years,9861
2023,2000,Flanders region,I,I Accommodation and food service activities,M,Male,5,> 60 years,5846
2023,2000,Flanders region,J,J Information and communication,F,Female,1,< 30 years,524
2023,2000,Flanders region,J,J Information and communication,F,Female,2,30 - 39 years,1934
2023,2000,Flanders region,J,J Information and communication,F,Female,3,40 - 49 years,2660
2023,2000,Flanders region,J,J Information and communication,F,Female,4,50 - 59 years,1842
2023,2000,Flanders region,J,J Information and communication,F,Female,5,> 60 years,808
2023,2000,Flanders region,J,J Information and communication,M,Male,1,< 30 years,3361
2023,2000,Flanders region,J,J Information and communication,M,Male,2,30 - 39 years,10720
2023,2000,Flanders region,J,J Information and communication,M,Male,3,40 - 49 years,12872
2023,2000,Flanders region,J,J Information and communication,M,Male,4,50 - 59 years,9733
2023,2000,Flanders region,J,J Information and communication,M,Male,5,> 60 years,5386
2023,2000,Flanders region,K,K Financial and insurance activities,F,Female,1,< 30 years,80
2023,2000,Flanders region,K,K Financial and insurance activities,F,Female,2,30 - 39 years,525
2023,2000,Flanders region,K,K Financial and insurance activities,F,Female,3,40 - 49 years,1044
2023,2000,Flanders region,K,K Financial and insurance activities,F,Female,4,50 - 59 years,1807
2023,2000,Flanders region,K,K Financial and insurance activities,F,Female,5,> 60 years,1584
2023,2000,Flanders region,K,K Financial and insurance activities,M,Male,1,< 30 years,262
2023,2000,Flanders region,K,K Financial and insurance activities,M,Male,2,30 - 39 years,1433
2023,2000,Flanders region,K,K Financial and insurance activities,M,Male,3,40 - 49 years,2605
2023,2000,Flanders region,K,K Financial and insurance activities,M,Male,4,50 - 59 years,4791
2023,2000,Flanders region,K,K Financial and insurance activities,M,Male,5,> 60 years,6392
2023,2000,Flanders region,L,L Real estate activities,F,Female,1,< 30 years,729
2023,2000,Flanders region,L,L Real estate activities,F,Female,2,30 - 39 years,2184
2023,2000,Flanders region,L,L Real estate activities,F,Female,3,40 - 49 years,3151
2023,2000,Flanders region,L,L Real estate activities,F,Female,4,50 - 59 years,4017
2023,2000,Flanders region,L,L Real estate activities,F,Female,5,> 60 years,3446
2023,2000,Flanders region,L,L Real estate activities,M,Male,1,< 30 years,1230
2023,2000,Flanders region,L,L Real estate activities,M,Male,2,30 - 39 years,4264
2023,2000,Flanders region,L,L Real estate activities,M,Male,3,40 - 49 years,6635
2023,2000,Flanders region,L,L Real estate activities,M,Male,4,50 - 59 years,8803
2023,2000,Flanders region,L,L Real estate activities,M,Male,5,> 60 years,9826
2023,2000,Flanders region,M,"M Professional, scientific and technical activities",F,Female,1,< 30 years,6217
2023,2000,Flanders region,M,"M Professional, scientific and technical activities",F,Female,2,30 - 39 years,15515
2023,2000,Flanders region,M,"M Professional, scientific and technical activities",F,Female,3,40 - 49 years,17787
2023,2000,Flanders region,M,"M Professional, scientific and technical activities",F,Female,4,50 - 59 years,15788
2023,2000,Flanders region,M,"M Professional, scientific and technical activities",F,Female,5,> 60 years,7937
2023,2000,Flanders region,M,"M Professional, scientific and technical activities",M,Male,1,< 30 years,6932
2023,2000,Flanders region,M,"M Professional, scientific and technical activities",M,Male,2,30 - 39 years,24344
2023,2000,Flanders region,M,"M Professional, scientific and technical activities",M,Male,3,40 - 49 years,34345
2023,2000,Flanders region,M,"M Professional, scientific and technical activities",M,Male,4,50 - 59 years,38263
2023,2000,Flanders region,M,"M Professional, scientific and technical activities",M,Male,5,> 60 years,31869
2023,2000,Flanders region,N,N Administrative and support service activities,F,Female,1,< 30 years,979
2023,2000,Flanders region,N,N Administrative and support service activities,F,Female,2,30 - 39 years,3381
2023,2000,Flanders region,N,N Administrative and support service activities,F,Female,3,40 - 49 years,4579
2023,2000,Flanders region,N,N Administrative and support service activities,F,Female,4,50 - 59 years,4200
2023,2000,Flanders region,N,N Administrative and support service activities,F,Female,5,> 60 years,2423
2023,2000,Flanders region,N,N Administrative and support service activities,M,Male,1,< 30 years,4014
2023,2000,Flanders region,N,N Administrative and support service activities,M,Male,2,30 - 39 years,10382
2023,2000,Flanders region,N,N Administrative and support service activities,M,Male,3,40 - 49 years,11291
2023,2000,Flanders region,N,N Administrative and support service activities,M,Male,4,50 - 59 years,10241
2023,2000,Flanders region,N,N Administrative and support service activities,M,Male,5,> 60 years,8197
2023,2000,Flanders region,O,O Public administration and defence/ compulsory social security,F,Female,1,< 30 years,3
2023,2000,Flanders region,O,O Public administration and defence/ compulsory social security,F,Female,2,30 - 39 years,22
2023,2000,Flanders region,O,O Public administration and defence/ compulsory social security,F,Female,3,40 - 49 years,35
2023,2000,Flanders region,O,O Public administration and defence/ compulsory social security,F,Female,4,50 - 59 years,54
2023,2000,Flanders region,O,O Public administration and defence/ compulsory social security,F,Female,5,> 60 years,39
2023,2000,Flanders region,O,O Public administration and defence/ compulsory social security,M,Male,1,< 30 years,4
2023,2000,Flanders region,O,O Public administration and defence/ compulsory social security,M,Male,2,30 - 39 years,29
2023,2000,Flanders region,O,O Public administration and defence/ compulsory social security,M,Male,3,40 - 49 years,67
2023,2000,Flanders region,O,O Public administration and defence/ compulsory social security,M,Male,4,50 - 59 years,110
2023,2000,Flanders region,O,O Public administration and defence/ compulsory social security,M,Male,5,> 60 years,194
2023,2000,Flanders region,P,P Education,F,Female,1,< 30 years,1039
2023,2000,Flanders region,P,P Education,F,Female,2,30 - 39 years,2661
2023,2000,Flanders region,P,P Education,F,Female,3,40 - 49 years,3148
2023,2000,Flanders region,P,P Education,F,Female,4,50 - 59 years,2191
2023,2000,Flanders region,P,P Education,F,Female,5,> 60 years,1187
2023,2000,Flanders region,P,P Education,M,Male,1,< 30 years,1119
2023,2000,Flanders region,P,P Education,M,Male,2,30 - 39 years,2717
2023,2000,Flanders region,P,P Education,M,Male,3,40 - 49 years,2913
2023,2000,Flanders region,P,P Education,M,Male,4,50 - 59 years,2649
2023,2000,Flanders region,P,P Education,M,Male,5,> 60 years,2692
2023,2000,Flanders region,Q,Q Human health and social work activities,F,Female,1,< 30 years,8327
2023,2000,Flanders region,Q,Q Human health and social work activities,F,Female,2,30 - 39 years,17614
2023,2000,Flanders region,Q,Q Human health and social work activities,F,Female,3,40 - 49 years,15331
2023,2000,Flanders region,Q,Q Human health and social work activities,F,Female,4,50 - 59 years,12054
2023,2000,Flanders region,Q,Q Human health and social work activities,F,Female,5,> 60 years,6765
2023,2000,Flanders region,Q,Q Human health and social work activities,M,Male,1,< 30 years,2623
2023,2000,Flanders region,Q,Q Human health and social work activities,M,Male,2,30 - 39 years,6648
2023,2000,Flanders region,Q,Q Human health and social work activities,M,Male,3,40 - 49 years,6823
2023,2000,Flanders region,Q,Q Human health and social work activities,M,Male,4,50 - 59 years,7891
2023,2000,Flanders region,Q,Q Human health and social work activities,M,Male,5,> 60 years,13262
2023,2000,Flanders region,R,"R Arts, entertainment and recreation",F,Female,1,< 30 years,1080
2023,2000,Flanders region,R,"R Arts, entertainment and recreation",F,Female,2,30 - 39 years,2807
2023,2000,Flanders region,R,"R Arts, entertainment and recreation",F,Female,3,40 - 49 years,3192
2023,2000,Flanders region,R,"R Arts, entertainment and recreation",F,Female,4,50 - 59 years,2519
2023,2000,Flanders region,R,"R Arts, entertainment and recreation",F,Female,5,> 60 years,1559
2023,2000,Flanders region,R,"R Arts, entertainment and recreation",M,Male,1,< 30 years,2483
2023,2000,Flanders region,R,"R Arts, entertainment and recreation",M,Male,2,30 - 39 years,6737
2023,2000,Flanders region,R,"R Arts, entertainment and recreation",M,Male,3,40 - 49 years,8339
2023,2000,Flanders region,R,"R Arts, entertainment and recreation",M,Male,4,50 - 59 years,7752
2023,2000,Flanders region,R,"R Arts, entertainment and recreation",M,Male,5,> 60 years,6557
2023,2000,Flanders region,S,S Other service activities,F,Female,1,< 30 years,4995
2023,2000,Flanders region,S,S Other service activities,F,Female,2,30 - 39 years,12416
2023,2000,Flanders region,S,S Other service activities,F,Female,3,40 - 49 years,12082
2023,2000,Flanders region,S,S Other service activities,F,Female,4,50 - 59 years,10986
2023,2000,Flanders region,S,S Other service activities,F,Female,5,> 60 years,5419
2023,2000,Flanders region,S,S Other service activities,M,Male,1,< 30 years,2065
2023,2000,Flanders region,S,S Other service activities,M,Male,2,30 - 39 years,7144
2023,2000,Flanders region,S,S Other service activities,M,Male,3,40 - 49 years,9785
2023,2000,Flanders region,S,S Other service activities,M,Male,4,50 - 59 years,11644
2023,2000,Flanders region,S,S Other service activities,M,Male,5,> 60 years,11723
2023,2000,Flanders region,T,T Activities of households as employers/ undifferentiated goods- and services-producing activities of households for own use,F,Female,1,< 30 years,6
2023,2000,Flanders region,T,T Activities of households as employers/ undifferentiated goods- and services-producing activities of households for own use,F,Female,2,30 - 39 years,22
2023,2000,Flanders region,T,T Activities of households as employers/ undifferentiated goods- and services-producing activities of households for own use,F,Female,3,40 - 49 years,57
2023,2000,Flanders region,T,T Activities of households as employers/ undifferentiated goods- and services-producing activities of households for own use,F,Female,4,50 - 59 years,42
2023,2000,Flanders region,T,T Activities of households as employers/ undifferentiated goods- and services-producing activities of households for own use,F,Female,5,> 60 years,42
2023,2000,Flanders region,T,T Activities of households as employers/ undifferentiated goods- and services-producing activities of households for own use,M,Male,1,< 30 years,9
2023,2000,Flanders region,T,T Activities of households as employers/ undifferentiated goods- and services-producing activities of households for own use,M,Male,2,30 - 39 years,49
2023,2000,Flanders region,T,T Activities of households as employers/ undifferentiated goods- and services-producing activities of households for own use,M,Male,3,40 - 49 years,111
2023,2000,Flanders region,T,T Activities of households as employers/ undifferentiated goods- and services-producing activities of households for own use,M,Male,4,50 - 59 years,109
2023,2000,Flanders region,T,T Activities of households as employers/ undifferentiated goods- and services-producing activities of households for own use,M,Male,5,> 60 years,138
2023,2000,Flanders region,U,U Activities of extraterritorial organisations and bodies,F,Female,2,30 - 39 years,2
2023,2000,Flanders region,U,U Activities of extraterritorial organisations and bodies,F,Female,3,40 - 49 years,1
2023,2000,Flanders region,U,U Activities of extraterritorial organisations and bodies,M,Male,3,40 - 49 years,1
2023,2000,Flanders region,X,Unkown economic activity,F,Female,1,< 30 years,60
2023,2000,Flanders region,X,Unkown economic activity,F,Female,2,30 - 39 years,75
2023,2000,Flanders region,X,Unkown economic activity,F,Female,3,40 - 49 years,42
2023,2000,Flanders region,X,Unkown economic activity,F,Female,4,50 - 59 years,28
2023,2000,Flanders region,X,Unkown economic activity,F,Female,5,> 60 years,11
2023,2000,Flanders region,X,Unkown economic activity,M,Male,1,< 30 years,32
2023,2000,Flanders region,X,Unkown economic activity,M,Male,2,30 - 39 years,41
2023,2000,Flanders region,X,Unkown economic activity,M,Male,3,40 - 49 years,44
2023,2000,Flanders region,X,Unkown economic activity,M,Male,4,50 - 59 years,25
2023,2000,Flanders region,X,Unkown economic activity,M,Male,5,> 60 years,29
2023,3000,Walloon region,A,"A Agriculture, forestry and fishing",F,Female,1,< 30 years,146
2023,3000,Walloon region,A,"A Agriculture, forestry and fishing",F,Female,2,30 - 39 years,674
2023,3000,Walloon region,A,"A Agriculture, forestry and fishing",F,Female,3,40 - 49 years,849
2023,3000,Walloon region,A,"A Agriculture, forestry and fishing",F,Female,4,50 - 59 years,1149
2023,3000,Walloon region,A,"A Agriculture, forestry and fishing",F,Female,5,> 60 years,1872
2023,3000,Walloon region,A,"A Agriculture, forestry and fishing",M,Male,1,< 30 years,873
2023,3000,Walloon region,A,"A Agriculture, forestry and fishing",M,Male,2,30 - 39 years,2837
2023,3000,Walloon region,A,"A Agriculture, forestry and fishing",M,Male,3,40 - 49 years,3331
2023,3000,Walloon region,A,"A Agriculture, forestry and fishing",M,Male,4,50 - 59 years,4859
2023,3000,Walloon region,A,"A Agriculture, forestry and fishing",M,Male,5,> 60 years,6772
2023,3000,Walloon region,B,B Mining and quarrying,F,Female,2,30 - 39 years,5
2023,3000,Walloon region,B,B Mining and quarrying,F,Female,3,40 - 49 years,11
2023,3000,Walloon region,B,B Mining and quarrying,F,Female,4,50 - 59 years,4
2023,3000,Walloon region,B,B Mining and quarrying,F,Female,5,> 60 years,7
2023,3000,Walloon region,B,B Mining and quarrying,M,Male,1,< 30 years,4
2023,3000,Walloon region,B,B Mining and quarrying,M,Male,2,30 - 39 years,8
2023,3000,Walloon region,B,B Mining and quarrying,M,Male,3,40 - 49 years,34
2023,3000,Walloon region,B,B Mining and quarrying,M,Male,4,50 - 59 years,41
2023,3000,Walloon region,B,B Mining and quarrying,M,Male,5,> 60 years,51
2023,3000,Walloon region,C,C Manufacturing,F,Female,1,< 30 years,293
2023,3000,Walloon region,C,C Manufacturing,F,Female,2,30 - 39 years,1135
2023,3000,Walloon region,C,C Manufacturing,F,Female,3,40 - 49 years,1384
2023,3000,Walloon region,C,C Manufacturing,F,Female,4,50 - 59 years,1170
2023,3000,Walloon region,C,C Manufacturing,F,Female,5,> 60 years,829
2023,3000,Walloon region,C,C Manufacturing,M,Male,1,< 30 years,664
2023,3000,Walloon region,C,C Manufacturing,M,Male,2,30 - 39 years,2459
2023,3000,Walloon region,C,C Manufacturing,M,Male,3,40 - 49 years,3383
2023,3000,Walloon region,C,C Manufacturing,M,Male,4,50 - 59 years,4287
2023,3000,Walloon region,C,C Manufacturing,M,Male,5,> 60 years,3924
2023,3000,Walloon region,D,"D Electricity, gas, steam and air conditioning supply",F,Female,1,< 30 years,1
2023,3000,Walloon region,D,"D Electricity, gas, steam and air conditioning supply",F,Female,2,30 - 39 years,5
2023,3000,Walloon region,D,"D Electricity, gas, steam and air conditioning supply",F,Female,3,40 - 49 years,5
2023,3000,Walloon region,D,"D Electricity, gas, steam and air conditioning supply",F,Female,4,50 - 59 years,18
2023,3000,Walloon region,D,"D Electricity, gas, steam and air conditioning supply",F,Female,5,> 60 years,13
2023,3000,Walloon region,D,"D Electricity, gas, steam and air conditioning supply",M,Male,1,< 30 years,12
2023,3000,Walloon region,D,"D Electricity, gas, steam and air conditioning supply",M,Male,2,30 - 39 years,34
2023,3000,Walloon region,D,"D Electricity, gas, steam and air conditioning supply",M,Male,3,40 - 49 years,83
2023,3000,Walloon region,D,"D Electricity, gas, steam and air conditioning supply",M,Male,4,50 - 59 years,88
2023,3000,Walloon region,D,"D Electricity, gas, steam and air conditioning supply",M,Male,5,> 60 years,127
2023,3000,Walloon region,E,"E Water supply/ sewerage, waste management and remediation activities",F,Female,2,30 - 39 years,15
2023,3000,Walloon region,E,"E Water supply/ sewerage, waste management and remediation activities",F,Female,3,40 - 49 years,40
2023,3000,Walloon region,E,"E Water supply/ sewerage, waste management and remediation activities",F,Female,4,50 - 59 years,35
2023,3000,Walloon region,E,"E Water supply/ sewerage, waste management and remediation activities",F,Female,5,> 60 years,32
2023,3000,Walloon region,E,"E Water supply/ sewerage, waste management and remediation activities",M,Male,1,< 30 years,34
2023,3000,Walloon region,E,"E Water supply/ sewerage, waste management and remediation activities",M,Male,2,30 - 39 years,115
2023,3000,Walloon region,E,"E Water supply/ sewerage, waste management and remediation activities",M,Male,3,40 - 49 years,185
2023,3000,Walloon region,E,"E Water supply/ sewerage, waste management and remediation activities",M,Male,4,50 - 59 years,181
2023,3000,Walloon region,E,"E Water supply/ sewerage, waste management and remediation activities",M,Male,5,> 60 years,222
2023,3000,Walloon region,F,F Construction,F,Female,1,< 30 years,125
2023,3000,Walloon region,F,F Construction,F,Female,2,30 - 39 years,645
2023,3000,Walloon region,F,F Construction,F,Female,3,40 - 49 years,936
2023,3000,Walloon region,F,F Construction,F,Female,4,50 - 59 years,950
2023,3000,Walloon region,F,F Construction,F,Female,5,> 60 years,659
2023,3000,Walloon region,F,F Construction,M,Male,1,< 30 years,2584
2023,3000,Walloon region,F,F Construction,M,Male,2,30 - 39 years,11162
2023,3000,Walloon region,F,F Construction,M,Male,3,40 - 49 years,13142
2023,3000,Walloon region,F,F Construction,M,Male,4,50 - 59 years,12556
2023,3000,Walloon region,F,F Construction,M,Male,5,> 60 years,8530
2023,3000,Walloon region,G,G Wholesale and retail trade/ repair of motor vehicles and motorcycles,F,Female,1,< 30 years,1061
2023,3000,Walloon region,G,G Wholesale and retail trade/ repair of motor vehicles and motorcycles,F,Female,2,30 - 39 years,4313
2023,3000,Walloon region,G,G Wholesale and retail trade/ repair of motor vehicles and motorcycles,F,Female,3,40 - 49 years,5839
2023,3000,Walloon region,G,G Wholesale and retail trade/ repair of motor vehicles and motorcycles,F,Female,4,50 - 59 years,5951
2023,3000,Walloon region,G,G Wholesale and retail trade/ repair of motor vehicles and motorcycles,F,Female,5,> 60 years,4165
2023,3000,Walloon region,G,G Wholesale and retail trade/ repair of motor vehicles and motorcycles,M,Male,1,< 30 years,2039
2023,3000,Walloon region,G,G Wholesale and retail trade/ repair of motor vehicles and motorcycles,M,Male,2,30 - 39 years,7643
2023,3000,Walloon region,G,G Wholesale and retail trade/ repair of motor vehicles and motorcycles,M,Male,3,40 - 49 years,10965
2023,3000,Walloon region,G,G Wholesale and retail trade/ repair of motor vehicles and motorcycles,M,Male,4,50 - 59 years,13114
2023,3000,Walloon region,G,G Wholesale and retail trade/ repair of motor vehicles and motorcycles,M,Male,5,> 60 years,12234
2023,3000,Walloon region,H,H Transportation and storage,F,Female,1,< 30 years,43
2023,3000,Walloon region,H,H Transportation and storage,F,Female,2,30 - 39 years,155
2023,3000,Walloon region,H,H Transportation and storage,F,Female,3,40 - 49 years,245
2023,3000,Walloon region,H,H Transportation and storage,F,Female,4,50 - 59 years,261
2023,3000,Walloon region,H,H Transportation and storage,F,Female,5,> 60 years,212
2023,3000,Walloon region,H,H Transportation and storage,M,Male,1,< 30 years,329
2023,3000,Walloon region,H,H Transportation and storage,M,Male,2,30 - 39 years,1071
2023,3000,Walloon region,H,H Transportation and storage,M,Male,3,40 - 49 years,1472
2023,3000,Walloon region,H,H Transportation and storage,M,Male,4,50 - 59 years,1664
2023,3000,Walloon region,H,H Transportation and storage,M,Male,5,> 60 years,1360
2023,3000,Walloon region,I,I Accommodation and food service activities,F,Female,1,< 30 years,446
2023,3000,Walloon region,I,I Accommodation and food service activities,F,Female,2,30 - 39 years,1576
2023,3000,Walloon region,I,I Accommodation and food service activities,F,Female,3,40 - 49 years,2300
2023,3000,Walloon region,I,I Accommodation and food service activities,F,Female,4,50 - 59 years,2159
2023,3000,Walloon region,I,I Accommodation and food service activities,F,Female,5,> 60 years,1361
2023,3000,Walloon region,I,I Accommodation and food service activities,M,Male,1,< 30 years,984
2023,3000,Walloon region,I,I Accommodation and food service activities,M,Male,2,30 - 39 years,3559
2023,3000,Walloon region,I,I Accommodation and food service activities,M,Male,3,40 - 49 years,4583
2023,3000,Walloon region,I,I Accommodation and food service activities,M,Male,4,50 - 59 years,4806
2023,3000,Walloon region,I,I Accommodation and food service activities,M,Male,5,> 60 years,3120
2023,3000,Walloon region,J,J Information and communication,F,Female,1,< 30 years,111
2023,3000,Walloon region,J,J Information and communication,F,Female,2,30 - 39 years,554
2023,3000,Walloon region,J,J Information and communication,F,Female,3,40 - 49 years,766
2023,3000,Walloon region,J,J Information and communication,F,Female,4,50 - 59 years,630
2023,3000,Walloon region,J,J Information and communication,F,Female,5,> 60 years,378
2023,3000,Walloon region,J,J Information and communication,M,Male,1,< 30 years,703
2023,3000,Walloon region,J,J Information and communication,M,Male,2,30 - 39 years,3430
2023,3000,Walloon region,J,J Information and communication,M,Male,3,40 - 49 years,4619
2023,3000,Walloon region,J,J Information and communication,M,Male,4,50 - 59 years,3909
2023,3000,Walloon region,J,J Information and communication,M,Male,5,> 60 years,2399
2023,3000,Walloon region,K,K Financial and insurance activities,F,Female,1,< 30 years,36
2023,3000,Walloon region,K,K Financial and insurance activities,F,Female,2,30 - 39 years,259
2023,3000,Walloon region,K,K Financial and insurance activities,F,Female,3,40 - 49 years,444
2023,3000,Walloon region,K,K Financial and insurance activities,F,Female,4,50 - 59 years,500
2023,3000,Walloon region,K,K Financial and insurance activities,F,Female,5,> 60 years,412
2023,3000,Walloon region,K,K Financial and insurance activities,M,Male,1,< 30 years,108
2023,3000,Walloon region,K,K Financial and insurance activities,M,Male,2,30 - 39 years,775
2023,3000,Walloon region,K,K Financial and insurance activities,M,Male,3,40 - 49 years,1260
2023,3000,Walloon region,K,K Financial and insurance activities,M,Male,4,50 - 59 years,2065
2023,3000,Walloon region,K,K Financial and insurance activities,M,Male,5,> 60 years,2249
2023,3000,Walloon region,L,L Real estate activities,F,Female,1,< 30 years,286
2023,3000,Walloon region,L,L Real estate activities,F,Female,2,30 - 39 years,1075
2023,3000,Walloon region,L,L Real estate activities,F,Female,3,40 - 49 years,1258
2023,3000,Walloon region,L,L Real estate activities,F,Female,4,50 - 59 years,1273
2023,3000,Walloon region,L,L Real estate activities,F,Female,5,> 60 years,1225
2023,3000,Walloon region,L,L Real estate activities,M,Male,1,< 30 years,438
2023,3000,Walloon region,L,L Real estate activities,M,Male,2,30 - 39 years,2329
2023,3000,Walloon region,L,L Real estate activities,M,Male,3,40 - 49 years,3054
2023,3000,Walloon region,L,L Real estate activities,M,Male,4,50 - 59 years,3629
2023,3000,Walloon region,L,L Real estate activities,M,Male,5,> 60 years,3959
2023,3000,Walloon region,M,"M Professional, scientific and technical activities",F,Female,1,< 30 years,2110
2023,3000,Walloon region,M,"M Professional, scientific and technical activities",F,Female,2,30 - 39 years,5376
2023,3000,Walloon region,M,"M Professional, scientific and technical activities",F,Female,3,40 - 49 years,6277
2023,3000,Walloon region,M,"M Professional, scientific and technical activities",F,Female,4,50 - 59 years,5168
2023,3000,Walloon region,M,"M Professional, scientific and technical activities",F,Female,5,> 60 years,2957
2023,3000,Walloon region,M,"M Professional, scientific and technical activities",M,Male,1,< 30 years,2018
2023,3000,Walloon region,M,"M Professional, scientific and technical activities",M,Male,2,30 - 39 years,8616
2023,3000,Walloon region,M,"M Professional, scientific and technical activities",M,Male,3,40 - 49 years,12551
2023,3000,Walloon region,M,"M Professional, scientific and technical activities",M,Male,4,50 - 59 years,13761
2023,3000,Walloon region,M,"M Professional, scientific and technical activities",M,Male,5,> 60 years,13324
2023,3000,Walloon region,N,N Administrative and support service activities,F,Female,1,< 30 years,285
2023,3000,Walloon region,N,N Administrative and support service activities,F,Female,2,30 - 39 years,1258
2023,3000,Walloon region,N,N Administrative and support service activities,F,Female,3,40 - 49 years,1770
2023,3000,Walloon region,N,N Administrative and support service activities,F,Female,4,50 - 59 years,1841
2023,3000,Walloon region,N,N Administrative and support service activities,F,Female,5,> 60 years,1149
2023,3000,Walloon region,N,N Administrative and support service activities,M,Male,1,< 30 years,1510
2023,3000,Walloon region,N,N Administrative and support service activities,M,Male,2,30 - 39 years,4513
2023,3000,Walloon region,N,N Administrative and support service activities,M,Male,3,40 - 49 years,4941
2023,3000,Walloon region,N,N Administrative and support service activities,M,Male,4,50 - 59 years,4654
2023,3000,Walloon region,N,N Administrative and support service activities,M,Male,5,> 60 years,3968
2023,3000,Walloon region,O,O Public administration and defence/ compulsory social security,F,Female,1,< 30 years,1
2023,3000,Walloon region,O,O Public administration and defence/ compulsory social security,F,Female,2,30 - 39 years,14
2023,3000,Walloon region,O,O Public administration and defence/ compulsory social security,F,Female,3,40 - 49 years,48
2023,3000,Walloon region,O,O Public administration and defence/ compulsory social security,F,Female,4,50 - 59 years,44
2023,3000,Walloon region,O,O Public administration and defence/ compulsory social security,F,Female,5,> 60 years,23
2023,3000,Walloon region,O,O Public administration and defence/ compulsory social security,M,Male,1,< 30 years,6
2023,3000,Walloon region,O,O Public administration and defence/ compulsory social security,M,Male,2,30 - 39 years,19
2023,3000,Walloon region,O,O Public administration and defence/ compulsory social security,M,Male,3,40 - 49 years,42
2023,3000,Walloon region,O,O Public administration and defence/ compulsory social security,M,Male,4,50 - 59 years,110
2023,3000,Walloon region,O,O Public administration and defence/ compulsory social security,M,Male,5,> 60 years,196
2023,3000,Walloon region,P,P Education,F,Female,1,< 30 years,375
2023,3000,Walloon region,P,P Education,F,Female,2,30 - 39 years,1198
2023,3000,Walloon region,P,P Education,F,Female,3,40 - 49 years,1695
2023,3000,Walloon region,P,P Education,F,Female,4,50 - 59 years,1231
2023,3000,Walloon region,P,P Education,F,Female,5,> 60 years,801
2023,3000,Walloon region,P,P Education,M,Male,1,< 30 years,436
2023,3000,Walloon region,P,P Education,M,Male,2,30 - 39 years,1328
2023,3000,Walloon region,P,P Education,M,Male,3,40 - 49 years,1577
2023,3000,Walloon region,P,P Education,M,Male,4,50 - 59 years,1559
2023,3000,Walloon region,P,P Education,M,Male,5,> 60 years,1561
2023,3000,Walloon region,Q,Q Human health and social work activities,F,Female,1,< 30 years,4696
2023,3000,Walloon region,Q,Q Human health and social work activities,F,Female,2,30 - 39 years,11116
2023,3000,Walloon region,Q,Q Human health and social work activities,F,Female,3,40 - 49 years,10365
2023,3000,Walloon region,Q,Q Human health and social work activities,F,Female,4,50 - 59 years,8438
2023,3000,Walloon region,Q,Q Human health and social work activities,F,Female,5,> 60 years,5589
2023,3000,Walloon region,Q,Q Human health and social work activities,M,Male,1,< 30 years,1797
2023,3000,Walloon region,Q,Q Human health and social work activities,M,Male,2,30 - 39 years,4676
2023,3000,Walloon region,Q,Q Human health and social work activities,M,Male,3,40 - 49 years,4685
2023,3000,Walloon region,Q,Q Human health and social work activities,M,Male,4,50 - 59 years,5587
2023,3000,Walloon region,Q,Q Human health and social work activities,M,Male,5,> 60 years,8858
2023,3000,Walloon region,R,"R Arts, entertainment and recreation",F,Female,1,< 30 years,348
2023,3000,Walloon region,R,"R Arts, entertainment and recreation",F,Female,2,30 - 39 years,1088
2023,3000,Walloon region,R,"R Arts, entertainment and recreation",F,Female,3,40 - 49 years,1425
2023,3000,Walloon region,R,"R Arts, entertainment and recreation",F,Female,4,50 - 59 years,1207
2023,3000,Walloon region,R,"R Arts, entertainment and recreation",F,Female,5,> 60 years,994
2023,3000,Walloon region,R,"R Arts, entertainment and recreation",M,Male,1,< 30 years,593
2023,3000,Walloon region,R,"R Arts, entertainment and recreation",M,Male,2,30 - 39 years,2288
2023,3000,Walloon region,R,"R Arts, entertainment and recreation",M,Male,3,40 - 49 years,3126
2023,3000,Walloon region,R,"R Arts, entertainment and recreation",M,Male,4,50 - 59 years,3277
2023,3000,Walloon region,R,"R Arts, entertainment and recreation",M,Male,5,> 60 years,3184
2023,3000,Walloon region,S,S Other service activities,F,Female,1,< 30 years,1844
2023,3000,Walloon region,S,S Other service activities,F,Female,2,30 - 39 years,5838
2023,3000,Walloon region,S,S Other service activities,F,Female,3,40 - 49 years,5961
2023,3000,Walloon region,S,S Other service activities,F,Female,4,50 - 59 years,5738
2023,3000,Walloon region,S,S Other service activities,F,Female,5,> 60 years,3686
2023,3000,Walloon region,S,S Other service activities,M,Male,1,< 30 years,874
2023,3000,Walloon region,S,S Other service activities,M,Male,2,30 - 39 years,3697
2023,3000,Walloon region,S,S Other service activities,M,Male,3,40 - 49 years,5779
2023,3000,Walloon region,S,S Other service activities,M,Male,4,50 - 59 years,7007
2023,3000,Walloon region,S,S Other service activities,M,Male,5,> 60 years,8422
2023,3000,Walloon region,T,T Activities of households as employers/ undifferentiated goods- and services-producing activities of households for own use,F,Female,1,< 30 years,1
2023,3000,Walloon region,T,T Activities of households as employers/ undifferentiated goods- and services-producing activities of households for own use,F,Female,2,30 - 39 years,4
2023,3000,Walloon region,T,T Activities of households as employers/ undifferentiated goods- and services-producing activities of households for own use,F,Female,3,40 - 49 years,13
2023,3000,Walloon region,T,T Activities of households as employers/ undifferentiated goods- and services-producing activities of households for own use,F,Female,4,50 - 59 years,13
2023,3000,Walloon region,T,T Activities of households as employers/ undifferentiated goods- and services-producing activities of households for own use,F,Female,5,> 60 years,9
2023,3000,Walloon region,T,T Activities of households as employers/ undifferentiated goods- and services-producing activities of households for own use,M,Male,2,30 - 39 years,11
2023,3000,Walloon region,T,T Activities of households as employers/ undifferentiated goods- and services-producing activities of households for own use,M,Male,3,40 - 49 years,16
2023,3000,Walloon region,T,T Activities of households as employers/ undifferentiated goods- and services-producing activities of households for own use,M,Male,4,50 - 59 years,21
2023,3000,Walloon region,T,T Activities of households as employers/ undifferentiated goods- and services-producing activities of households for own use,M,Male,5,> 60 years,42
2023,3000,Walloon region,U,U Activities of extraterritorial organisations and bodies,F,Female,3,40 - 49 years,1
2023,3000,Walloon region,U,U Activities of extraterritorial organisations and bodies,M,Male,2,30 - 39 years,1
2023,3000,Walloon region,U,U Activities of extraterritorial organisations and bodies,M,Male,3,40 - 49 years,1
2023,3000,Walloon region,X,Unkown economic activity,F,Female,1,< 30 years,38
2023,3000,Walloon region,X,Unkown economic activity,F,Female,2,30 - 39 years,44
2023,3000,Walloon region,X,Unkown economic activity,F,Female,3,40 - 49 years,22
2023,3000,Walloon region,X,Unkown economic activity,F,Female,4,50 - 59 years,7
2023,3000,Walloon region,X,Unkown economic activity,F,Female,5,> 60 years,1
2023,3000,Walloon region,X,Unkown economic activity,M,Male,1,< 30 years,30
2023,3000,Walloon region,X,Unkown economic activity,M,Male,2,30 - 39 years,24
2023,3000,Walloon region,X,Unkown economic activity,M,Male,3,40 - 49 years,11
2023,3000,Walloon region,X,Unkown economic activity,M,Male,4,50 - 59 years,8
2023,3000,Walloon region,X,Unkown economic activity,M,Male,5,> 60 years,5
2023,4000,Brussels-Capital region,A,"A Agriculture, forestry and fishing",F,Female,1,< 30 years,6
2023,4000,Brussels-Capital region,A,"A Agriculture, forestry and fishing",F,Female,2,30 - 39 years,30
2023,4000,Brussels-Capital region,A,"A Agriculture, forestry and fishing",F,Female,3,40 - 49 years,24
2023,4000,Brussels-Capital region,A,"A Agriculture, forestry and fishing",F,Female,4,50 - 59 years,28
2023,4000,Brussels-Capital region,A,"A Agriculture, forestry and fishing",F,Female,5,> 60 years,30
2023,4000,Brussels-Capital region,A,"A Agriculture, forestry and fishing",M,Male,1,< 30 years,11
2023,4000,Brussels-Capital region,A,"A Agriculture, forestry and fishing",M,Male,2,30 - 39 years,56
2023,4000,Brussels-Capital region,A,"A Agriculture, forestry and fishing",M,Male,3,40 - 49 years,70
2023,4000,Brussels-Capital region,A,"A Agriculture, forestry and fishing",M,Male,4,50 - 59 years,65
2023,4000,Brussels-Capital region,A,"A Agriculture, forestry and fishing",M,Male,5,> 60 years,101
2023,4000,Brussels-Capital region,B,B Mining and quarrying,F,Female,3,40 - 49 years,1
2023,4000,Brussels-Capital region,B,B Mining and quarrying,M,Male,2,30 - 39 years,1
2023,4000,Brussels-Capital region,B,B Mining and quarrying,M,Male,3,40 - 49 years,3
2023,4000,Brussels-Capital region,B,B Mining and quarrying,M,Male,4,50 - 59 years,1
2023,4000,Brussels-Capital region,B,B Mining and quarrying,M,Male,5,> 60 years,3
2023,4000,Brussels-Capital region,C,C Manufacturing,F,Female,1,< 30 years,73
2023,4000,Brussels-Capital region,C,C Manufacturing,F,Female,2,30 - 39 years,258
2023,4000,Brussels-Capital region,C,C Manufacturing,F,Female,3,40 - 49 years,243
2023,4000,Brussels-Capital region,C,C Manufacturing,F,Female,4,50 - 59 years,281
2023,4000,Brussels-Capital region,C,C Manufacturing,F,Female,5,> 60 years,197
2023,4000,Brussels-Capital region,C,C Manufacturing,M,Male,1,< 30 years,149
2023,4000,Brussels-Capital region,C,C Manufacturing,M,Male,2,30 - 39 years,621
2023,4000,Brussels-Capital region,C,C Manufacturing,M,Male,3,40 - 49 years,782
2023,4000,Brussels-Capital region,C,C Manufacturing,M,Male,4,50 - 59 years,905
2023,4000,Brussels-Capital region,C,C Manufacturing,M,Male,5,> 60 years,794
2023,4000,Brussels-Capital region,D,"D Electricity, gas, steam and air conditioning supply",F,Female,1,< 30 years,1
2023,4000,Brussels-Capital region,D,"D Electricity, gas, steam and air conditioning supply",F,Female,2,30 - 39 years,6
2023,4000,Brussels-Capital region,D,"D Electricity, gas, steam and air conditioning supply",F,Female,3,40 - 49 years,6
2023,4000,Brussels-Capital region,D,"D Electricity, gas, steam and air conditioning supply",F,Female,4,50 - 59 years,11
2023,4000,Brussels-Capital region,D,"D Electricity, gas, steam and air conditioning supply",F,Female,5,> 60 years,9
2023,4000,Brussels-Capital region,D,"D Electricity, gas, steam and air conditioning supply",M,Male,1,< 30 years,1
2023,4000,Brussels-Capital region,D,"D Electricity, gas, steam and air conditioning supply",M,Male,2,30 - 39 years,27
2023,4000,Brussels-Capital region,D,"D Electricity, gas, steam and air conditioning supply",M,Male,3,40 - 49 years,25
2023,4000,Brussels-Capital region,D,"D Electricity, gas, steam and air conditioning supply",M,Male,4,50 - 59 years,56
2023,4000,Brussels-Capital region,D,"D Electricity, gas, steam and air conditioning supply",M,Male,5,> 60 years,61
2023,4000,Brussels-Capital region,E,"E Water supply/ sewerage, waste management and remediation activities",F,Female,1,< 30 years,1
2023,4000,Brussels-Capital region,E,"E Water supply/ sewerage, waste management and remediation activities",F,Female,2,30 - 39 years,4
2023,4000,Brussels-Capital region,E,"E Water supply/ sewerage, waste management and remediation activities",F,Female,3,40 - 49 years,4
2023,4000,Brussels-Capital region,E,"E Water supply/ sewerage, waste management and remediation activities",F,Female,4,50 - 59 years,7
2023,4000,Brussels-Capital region,E,"E Water supply/ sewerage, waste management and remediation activities",F,Female,5,> 60 years,4
2023,4000,Brussels-Capital region,E,"E Water supply/ sewerage, waste management and remediation activities",M,Male,1,< 30 years,3
2023,4000,Brussels-Capital region,E,"E Water supply/ sewerage, waste management and remediation activities",M,Male,2,30 - 39 years,20
2023,4000,Brussels-Capital region,E,"E Water supply/ sewerage, waste management and remediation activities",M,Male,3,40 - 49 years,23
2023,4000,Brussels-Capital region,E,"E Water supply/ sewerage, waste management and remediation activities",M,Male,4,50 - 59 years,40
2023,4000,Brussels-Capital region,E,"E Water supply/ sewerage, waste management and remediation activities",M,Male,5,> 60 years,29
2023,4000,Brussels-Capital region,F,F Construction,F,Female,1,< 30 years,66
2023,4000,Brussels-Capital region,F,F Construction,F,Female,2,30 - 39 years,237
2023,4000,Brussels-Capital region,F,F Construction,F,Female,3,40 - 49 years,351
2023,4000,Brussels-Capital region,F,F Construction,F,Female,4,50 - 59 years,277
2023,4000,Brussels-Capital region,F,F Construction,F,Female,5,> 60 years,201
2023,4000,Brussels-Capital region,F,F Construction,M,Male,1,< 30 years,944
2023,4000,Brussels-Capital region,F,F Construction,M,Male,2,30 - 39 years,3872
2023,4000,Brussels-Capital region,F,F Construction,M,Male,3,40 - 49 years,5094
2023,4000,Brussels-Capital region,F,F Construction,M,Male,4,50 - 59 years,4098
2023,4000,Brussels-Capital region,F,F Construction,M,Male,5,> 60 years,1991
2023,4000,Brussels-Capital region,G,G Wholesale and retail trade/ repair of motor vehicles and motorcycles,F,Female,1,< 30 years,282
2023,4000,Brussels-Capital region,G,G Wholesale and retail trade/ repair of motor vehicles and motorcycles,F,Female,2,30 - 39 years,1047
2023,4000,Brussels-Capital region,G,G Wholesale and retail trade/ repair of motor vehicles and motorcycles,F,Female,3,40 - 49 years,1325
2023,4000,Brussels-Capital region,G,G Wholesale and retail trade/ repair of motor vehicles and motorcycles,F,Female,4,50 - 59 years,1344
2023,4000,Brussels-Capital region,G,G Wholesale and retail trade/ repair of motor vehicles and motorcycles,F,Female,5,> 60 years,1099
2023,4000,Brussels-Capital region,G,G Wholesale and retail trade/ repair of motor vehicles and motorcycles,M,Male,1,< 30 years,853
2023,4000,Brussels-Capital region,G,G Wholesale and retail trade/ repair of motor vehicles and motorcycles,M,Male,2,30 - 39 years,3269
2023,4000,Brussels-Capital region,G,G Wholesale and retail trade/ repair of motor vehicles and motorcycles,M,Male,3,40 - 49 years,4769
2023,4000,Brussels-Capital region,G,G Wholesale and retail trade/ repair of motor vehicles and motorcycles,M,Male,4,50 - 59 years,4739
2023,4000,Brussels-Capital region,G,G Wholesale and retail trade/ repair of motor vehicles and motorcycles,M,Male,5,> 60 years,3921
2023,4000,Brussels-Capital region,H,H Transportation and storage,F,Female,1,< 30 years,47
2023,4000,Brussels-Capital region,H,H Transportation and storage,F,Female,2,30 - 39 years,172
2023,4000,Brussels-Capital region,H,H Transportation and storage,F,Female,3,40 - 49 years,206
2023,4000,Brussels-Capital region,H,H Transportation and storage,F,Female,4,50 - 59 years,99
2023,4000,Brussels-Capital region,H,H Transportation and storage,F,Female,5,> 60 years,76
2023,4000,Brussels-Capital region,H,H Transportation and storage,M,Male,1,< 30 years,666
2023,4000,Brussels-Capital region,H,H Transportation and storage,M,Male,2,30 - 39 years,1777
2023,4000,Brussels-Capital region,H,H Transportation and storage,M,Male,3,40 - 49 years,1955
2023,4000,Brussels-Capital region,H,H Transportation and storage,M,Male,4,50 - 59 years,1124
2023,4000,Brussels-Capital region,H,H Transportation and storage,M,Male,5,> 60 years,627
2023,4000,Brussels-Capital region,I,I Accommodation and food service activities,F,Female,1,< 30 years,128
2023,4000,Brussels-Capital region,I,I Accommodation and food service activities,F,Female,2,30 - 39 years,675
2023,4000,Brussels-Capital region,I,I Accommodation and food service activities,F,Female,3,40 - 49 years,760
2023,4000,Brussels-Capital region,I,I Accommodation and food service activities,F,Female,4,50 - 59 years,622
2023,4000,Brussels-Capital region,I,I Accommodation and food service activities,F,Female,5,> 60 years,327
2023,4000,Brussels-Capital region,I,I Accommodation and food service activities,M,Male,1,< 30 years,466
2023,4000,Brussels-Capital region,I,I Accommodation and food service activities,M,Male,2,30 - 39 years,2117
2023,4000,Brussels-Capital region,I,I Accommodation and food service activities,M,Male,3,40 - 49 years,2493
2023,4000,Brussels-Capital region,I,I Accommodation and food service activities,M,Male,4,50 - 59 years,2020
2023,4000,Brussels-Capital region,I,I Accommodation and food service activities,M,Male,5,> 60 years,1323
2023,4000,Brussels-Capital region,J,J Information and communication,F,Female,1,< 30 years,151
2023,4000,Brussels-Capital region,J,J Information and communication,F,Female,2,30 - 39 years,573
2023,4000,Brussels-Capital region,J,J Information and communication,F,Female,3,40 - 49 years,627
2023,4000,Brussels-Capital region,J,J Information and communication,F,Female,4,50 - 59 years,463
2023,4000,Brussels-Capital region,J,J Information and communication,F,Female,5,> 60 years,299
2023,4000,Brussels-Capital region,J,J Information and communication,M,Male,1,< 30 years,545
2023,4000,Brussels-Capital region,J,J Information and communication,M,Male,2,30 - 39 years,2703
2023,4000,Brussels-Capital region,J,J Information and communication,M,Male,3,40 - 49 years,3341
2023,4000,Brussels-Capital region,J,J Information and communication,M,Male,4,50 - 59 years,2590
2023,4000,Brussels-Capital region,J,J Information and communication,M,Male,5,> 60 years,1660
2023,4000,Brussels-Capital region,K,K Financial and insurance activities,F,Female,1,< 30 years,8
2023,4000,Brussels-Capital region,K,K Financial and insurance activities,F,Female,2,30 - 39 years,95
2023,4000,Brussels-Capital region,K,K Financial and insurance activities,F,Female,3,40 - 49 years,269
2023,4000,Brussels-Capital region,K,K Financial and insurance activities,F,Female,4,50 - 59 years,295
2023,4000,Brussels-Capital region,K,K Financial and insurance activities,F,Female,5,> 60 years,339
2023,4000,Brussels-Capital region,K,K Financial and insurance activities,M,Male,1,< 30 years,41
2023,4000,Brussels-Capital region,K,K Financial and insurance activities,M,Male,2,30 - 39 years,308
2023,4000,Brussels-Capital region,K,K Financial and insurance activities,M,Male,3,40 - 49 years,674
2023,4000,Brussels-Capital region,K,K Financial and insurance activities,M,Male,4,50 - 59 years,1212
2023,4000,Brussels-Capital region,K,K Financial and insurance activities,M,Male,5,> 60 years,1472
2023,4000,Brussels-Capital region,L,L Real estate activities,F,Female,1,< 30 years,88
2023,4000,Brussels-Capital region,L,L Real estate activities,F,Female,2,30 - 39 years,409
2023,4000,Brussels-Capital region,L,L Real estate activities,F,Female,3,40 - 49 years,593
2023,4000,Brussels-Capital region,L,L Real estate activities,F,Female,4,50 - 59 years,664
2023,4000,Brussels-Capital region,L,L Real estate activities,F,Female,5,> 60 years,709
2023,4000,Brussels-Capital region,L,L Real estate activities,M,Male,1,< 30 years,191
2023,4000,Brussels-Capital region,L,L Real estate activities,M,Male,2,30 - 39 years,1160
2023,4000,Brussels-Capital region,L,L Real estate activities,M,Male,3,40 - 49 years,1733
2023,4000,Brussels-Capital region,L,L Real estate activities,M,Male,4,50 - 59 years,2060
2023,4000,Brussels-Capital region,L,L Real estate activities,M,Male,5,> 60 years,2397
2023,4000,Brussels-Capital region,M,"M Professional, scientific and technical activities",F,Female,1,< 30 years,1913
2023,4000,Brussels-Capital region,M,"M Professional, scientific and technical activities",F,Female,2,30 - 39 years,3862
2023,4000,Brussels-Capital region,M,"M Professional, scientific and technical activities",F,Female,3,40 - 49 years,3484
2023,4000,Brussels-Capital region,M,"M Professional, scientific and technical activities",F,Female,4,50 - 59 years,3187
2023,4000,Brussels-Capital region,M,"M Professional, scientific and technical activities",F,Female,5,> 60 years,1933
2023,4000,Brussels-Capital region,M,"M Professional, scientific and technical activities",M,Male,1,< 30 years,1583
2023,4000,Brussels-Capital region,M,"M Professional, scientific and technical activities",M,Male,2,30 - 39 years,6055
2023,4000,Brussels-Capital region,M,"M Professional, scientific and technical activities",M,Male,3,40 - 49 years,7215
2023,4000,Brussels-Capital region,M,"M Professional, scientific and technical activities",M,Male,4,50 - 59 years,7749
2023,4000,Brussels-Capital region,M,"M Professional, scientific and technical activities",M,Male,5,> 60 years,7487
2023,4000,Brussels-Capital region,N,N Administrative and support service activities,F,Female,1,< 30 years,145
2023,4000,Brussels-Capital region,N,N Administrative and support service activities,F,Female,2,30 - 39 years,612
2023,4000,Brussels-Capital region,N,N Administrative and support service activities,F,Female,3,40 - 49 years,770
2023,4000,Brussels-Capital region,N,N Administrative and support service activities,F,Female,4,50 - 59 years,779
2023,4000,Brussels-Capital region,N,N Administrative and support service activities,F,Female,5,> 60 years,477
2023,4000,Brussels-Capital region,N,N Administrative and support service activities,M,Male,1,< 30 years,387
2023,4000,Brussels-Capital region,N,N Administrative and support service activities,M,Male,2,30 - 39 years,1437
2023,4000,Brussels-Capital region,N,N Administrative and support service activities,M,Male,3,40 - 49 years,1901
2023,4000,Brussels-Capital region,N,N Administrative and support service activities,M,Male,4,50 - 59 years,1973
2023,4000,Brussels-Capital region,N,N Administrative and support service activities,M,Male,5,> 60 years,1385
2023,4000,Brussels-Capital region,O,O Public administration and defence/ compulsory social security,F,Female,1,< 30 years,4
2023,4000,Brussels-Capital region,O,O Public administration and defence/ compulsory social security,F,Female,2,30 - 39 years,14
2023,4000,Brussels-Capital region,O,O Public administration and defence/ compulsory social security,F,Female,3,40 - 49 years,31
2023,4000,Brussels-Capital region,O,O Public administration and defence/ compulsory social security,F,Female,4,50 - 59 years,74
2023,4000,Brussels-Capital region,O,O Public administration and defence/ compulsory social security,F,Female,5,> 60 years,48
2023,4000,Brussels-Capital region,O,O Public administration and defence/ compulsory social security,M,Male,1,< 30 years,5
2023,4000,Brussels-Capital region,O,O Public administration and defence/ compulsory social security,M,Male,2,30 - 39 years,14
2023,4000,Brussels-Capital region,O,O Public administration and defence/ compulsory social security,M,Male,3,40 - 49 years,60
2023,4000,Brussels-Capital region,O,O Public administration and defence/ compulsory social security,M,Male,4,50 - 59 years,106
2023,4000,Brussels-Capital region,O,O Public administration and defence/ compulsory social security,M,Male,5,> 60 years,199
2023,4000,Brussels-Capital region,P,P Education,F,Female,1,< 30 years,133
2023,4000,Brussels-Capital region,P,P Education,F,Female,2,30 - 39 years,551
2023,4000,Brussels-Capital region,P,P Education,F,Female,3,40 - 49 years,620
2023,4000,Brussels-Capital region,P,P Education,F,Female,4,50 - 59 years,484
2023,4000,Brussels-Capital region,P,P Education,F,Female,5,> 60 years,400
2023,4000,Brussels-Capital region,P,P Education,M,Male,1,< 30 years,170
2023,4000,Brussels-Capital region,P,P Education,M,Male,2,30 - 39 years,529
2023,4000,Brussels-Capital region,P,P Education,M,Male,3,40 - 49 years,668
2023,4000,Brussels-Capital region,P,P Education,M,Male,4,50 - 59 years,683
2023,4000,Brussels-Capital region,P,P Education,M,Male,5,> 60 years,729
2023,4000,Brussels-Capital region,Q,Q Human health and social work activities,F,Female,1,< 30 years,1236
2023,4000,Brussels-Capital region,Q,Q Human health and social work activities,F,Female,2,30 - 39 years,2895
2023,4000,Brussels-Capital region,Q,Q Human health and social work activities,F,Female,3,40 - 49 years,2354
2023,4000,Brussels-Capital region,Q,Q Human health and social work activities,F,Female,4,50 - 59 years,2146
2023,4000,Brussels-Capital region,Q,Q Human health and social work activities,F,Female,5,> 60 years,1891
2023,4000,Brussels-Capital region,Q,Q Human health and social work activities,M,Male,1,< 30 years,635
2023,4000,Brussels-Capital region,Q,Q Human health and social work activities,M,Male,2,30 - 39 years,1979
2023,4000,Brussels-Capital region,Q,Q Human health and social work activities,M,Male,3,40 - 49 years,1550
2023,4000,Brussels-Capital region,Q,Q Human health and social work activities,M,Male,4,50 - 59 years,1796
2023,4000,Brussels-Capital region,Q,Q Human health and social work activities,M,Male,5,> 60 years,3225
2023,4000,Brussels-Capital region,R,"R Arts, entertainment and recreation",F,Female,1,< 30 years,198
2023,4000,Brussels-Capital region,R,"R Arts, entertainment and recreation",F,Female,2,30 - 39 years,645
2023,4000,Brussels-Capital region,R,"R Arts, entertainment and recreation",F,Female,3,40 - 49 years,606
2023,4000,Brussels-Capital region,R,"R Arts, entertainment and recreation",F,Female,4,50 - 59 years,542
2023,4000,Brussels-Capital region,R,"R Arts, entertainment and recreation",F,Female,5,> 60 years,440
2023,4000,Brussels-Capital region,R,"R Arts, entertainment and recreation",M,Male,1,< 30 years,283
2023,4000,Brussels-Capital region,R,"R Arts, entertainment and recreation",M,Male,2,30 - 39 years,1018
2023,4000,Brussels-Capital region,R,"R Arts, entertainment and recreation",M,Male,3,40 - 49 years,1302
2023,4000,Brussels-Capital region,R,"R Arts, entertainment and recreation",M,Male,4,50 - 59 years,1323
2023,4000,Brussels-Capital region,R,"R Arts, entertainment and recreation",M,Male,5,> 60 years,1345
2023,4000,Brussels-Capital region,S,S Other service activities,F,Female,1,< 30 years,335
2023,4000,Brussels-Capital region,S,S Other service activities,F,Female,2,30 - 39 years,1473
2023,4000,Brussels-Capital region,S,S Other service activities,F,Female,3,40 - 49 years,2052
2023,4000,Brussels-Capital region,S,S Other service activities,F,Female,4,50 - 59 years,1978
2023,4000,Brussels-Capital region,S,S Other service activities,F,Female,5,> 60 years,1556
2023,4000,Brussels-Capital region,S,S Other service activities,M,Male,1,< 30 years,358
2023,4000,Brussels-Capital region,S,S Other service activities,M,Male,2,30 - 39 years,2172
2023,4000,Brussels-Capital region,S,S Other service activities,M,Male,3,40 - 49 years,3704
2023,4000,Brussels-Capital region,S,S Other service activities,M,Male,4,50 - 59 years,4511
2023,4000,Brussels-Capital region,S,S Other service activities,M,Male,5,> 60 years,5509
2023,4000,Brussels-Capital region,T,T Activities of households as employers/ undifferentiated goods- and services-producing activities of households for own use,F,Female,2,30 - 39 years,6
2023,4000,Brussels-Capital region,T,T Activities of households as employers/ undifferentiated goods- and services-producing activities of households for own use,F,Female,3,40 - 49 years,14
2023,4000,Brussels-Capital region,T,T Activities of households as employers/ undifferentiated goods- and services-producing activities of households for own use,F,Female,4,50 - 59 years,16
2023,4000,Brussels-Capital region,T,T Activities of households as employers/ undifferentiated goods- and services-producing activities of households for own use,F,Female,5,> 60 years,12
2023,4000,Brussels-Capital region,T,T Activities of households as employers/ undifferentiated goods- and services-producing activities of households for own use,M,Male,1,< 30 years,2
2023,4000,Brussels-Capital region,T,T Activities of households as employers/ undifferentiated goods- and services-producing activities of households for own use,M,Male,2,30 - 39 years,10
2023,4000,Brussels-Capital region,T,T Activities of households as employers/ undifferentiated goods- and services-producing activities of households for own use,M,Male,3,40 - 49 years,25
2023,4000,Brussels-Capital region,T,T Activities of households as employers/ undifferentiated goods- and services-producing activities of households for own use,M,Male,4,50 - 59 years,31
2023,4000,Brussels-Capital region,T,T Activities of households as employers/ undifferentiated goods- and services-producing activities of households for own use,M,Male,5,> 60 years,47
2023,4000,Brussels-Capital region,U,U Activities of extraterritorial organisations and bodies,F,Female,2,30 - 39 years,1
2023,4000,Brussels-Capital region,U,U Activities of extraterritorial organisations and bodies,F,Female,3,40 - 49 years,2
2023,4000,Brussels-Capital region,U,U Activities of extraterritorial organisations and bodies,F,Female,4,50 - 59 years,1
2023,4000,Brussels-Capital region,U,U Activities of extraterritorial organisations and bodies,F,Female,5,> 60 years,1
2023,4000,Brussels-Capital region,U,U Activities of extraterritorial organisations and bodies,M,Male,2,30 - 39 years,1
2023,4000,Brussels-Capital region,U,U Activities of extraterritorial organisations and bodies,M,Male,3,40 - 49 years,4
2023,4000,Brussels-Capital region,U,U Activities of extraterritorial organisations and bodies,M,Male,4,50 - 59 years,8
2023,4000,Brussels-Capital region,U,U Activities of extraterritorial organisations and bodies,M,Male,5,> 60 years,12
2023,4000,Brussels-Capital region,X,Unkown economic activity,F,Female,1,< 30 years,18
2023,4000,Brussels-Capital region,X,Unkown economic activity,F,Female,2,30 - 39 years,17
2023,4000,Brussels-Capital region,X,Unkown economic activity,F,Female,3,40 - 49 years,10
2023,4000,Brussels-Capital region,X,Unkown economic activity,F,Female,4,50 - 59 years,9
2023,4000,Brussels-Capital region,X,Unkown economic activity,F,Female,5,> 60 years,2
2023,4000,Brussels-Capital region,X,Unkown economic activity,M,Male,1,< 30 years,16
2023,4000,Brussels-Capital region,X,Unkown economic activity,M,Male,2,30 - 39 years,20
2023,4000,Brussels-Capital region,X,Unkown economic activity,M,Male,3,40 - 49 years,4
2023,4000,Brussels-Capital region,X,Unkown economic activity,M,Male,4,50 - 59 years,10
2023,4000,Brussels-Capital region,X,Unkown economic activity,M,Male,5,> 60 years,7
